Index,GloOfs,RelOfs,Child,Parent,Xpos,Ypos,Zpos,Xtile,Ytile,Status,Status_S,Affect,BaseFrame,Frame,OldFrame,Life,WhoShotMe,Model,Model_S,State,State_S,Angle,Angle_S,ZAngle,ChildWeapon,ParentWeapon,WhoOwnsWeapon,RepairCount
0,71016,38242,4234,38494,17840,5056,640,69,19,5,TS_NODRAW | TS_MAPWHO,0,0,2266,371,299,0,4,TM_WEAPON,5,WS_UZI,0,TA_SOUTHWEST,0,38494,2,2,1536
1,71052,38278,186,38314,17960,5048,640,70,19,5,TS_NODRAW | TS_MAPWHO,0,0,2027,371,299,0,4,TM_WEAPON,5,WS_UZI,0,TA_SOUTHWEST,0,38566,94,94,1536
2,71088,38314,38278,38566,18112,5040,640,70,19,5,TS_NODRAW | TS_MAPWHO,0,0,2266,371,299,0,4,TM_WEAPON,5,WS_UZI,0,TA_SOUTHWEST,0,38602,186,186,1536
3,71124,38350,278,38638,18280,5048,640,71,19,5,TS_NODRAW | TS_MAPWHO,0,0,2264,371,299,0,4,TM_WEAPON,5,WS_UZI,0,TA_SOUTHWEST,0,38638,278,278,1536
4,71160,38386,462,38422,18432,5056,640,72,19,5,TS_NODRAW | TS_MAPWHO,0,0,2265,371,299,0,4,TM_WEAPON,5,WS_UZI,0,TA_SOUTHWEST,0,38674,370,370,1536
5,71196,38422,38386,38674,18584,5064,640,72,19,5,TS_NODRAW | TS_MAPWHO,0,0,2027,371,299,0,4,TM_WEAPON,5,WS_UZI,0,TA_SOUTHWEST,0,38710,462,462,1536
6,71232,38458,646,38530,18728,5032,640,73,19,5,TS_NODRAW | TS_MAPWHO,0,0,2266,371,299,0,4,TM_WEAPON,5,WS_UZI,0,TA_SOUTHWEST,0,38746,554,554,1536
7,71268,38494,38242,41050,17840,5056,640,69,19,5,TS_NODRAW | TS_MAPWHO,0,0,2028,370,15,0,4,TM_WEAPON,4,WS_SHOTGUN,0,TA_SOUTHWEST,0,0,38242,2,1024
8,71304,38530,38458,38746,18848,5008,640,73,19,5,TS_NODRAW | TS_MAPWHO,0,0,2264,371,299,0,4,TM_WEAPON,5,WS_UZI,0,TA_SOUTHWEST,0,38782,646,646,1536
9,71340,38566,38314,38602,17960,5048,640,70,19,5,TS_NODRAW | TS_MAPWHO,0,0,2261,370,15,0,4,TM_WEAPON,4,WS_SHOTGUN,0,TA_SOUTHWEST,0,0,38278,94,1024
10,71376,38602,38566,0,18112,5040,640,70,19,5,TS_NODRAW | TS_MAPWHO,0,0,2028,370,15,0,4,TM_WEAPON,4,WS_SHOTGUN,0,TA_SOUTHWEST,0,0,38314,186,1024
11,71412,38638,38350,0,18280,5048,640,71,19,5,TS_NODRAW | TS_MAPWHO,0,0,2263,370,15,0,4,TM_WEAPON,4,WS_SHOTGUN,0,TA_SOUTHWEST,0,0,38350,278,1024
12,71448,38674,38422,38710,18432,5056,640,72,19,5,TS_NODRAW | TS_MAPWHO,0,0,2262,370,15,0,4,TM_WEAPON,4,WS_SHOTGUN,0,TA_SOUTHWEST,0,0,38386,370,1024
13,71484,38710,38674,0,18584,5064,640,72,19,5,TS_NODRAW | TS_MAPWHO,0,0,2262,370,15,0,4,TM_WEAPON,4,WS_SHOTGUN,0,TA_SOUTHWEST,0,0,38422,462,1024
14,71520,38746,38530,38782,18728,5032,640,73,19,5,TS_NODRAW | TS_MAPWHO,0,0,2028,370,15,0,4,TM_WEAPON,4,WS_SHOTGUN,0,TA_SOUTHWEST,0,0,38458,554,1024
15,71556,38782,38746,0,18848,5008,640,73,19,5,TS_NODRAW | TS_MAPWHO,0,0,2028,370,15,0,4,TM_WEAPON,4,WS_SHOTGUN,0,TA_SOUTHWEST,0,0,38530,646,1024
16,71592,38818,738,38854,25152,27440,640,98,107,5,TS_NODRAW | TS_MAPWHO,0,0,2266,371,299,0,4,TM_WEAPON,5,WS_UZI,128,TA_NORTHEAST,0,38854,738,738,1536
17,71628,38854,38818,0,25152,27440,640,98,107,5,TS_NODRAW | TS_MAPWHO,0,0,2028,370,15,0,4,TM_WEAPON,4,WS_SHOTGUN,128,TA_NORTHEAST,0,0,38818,738,1024
18,71664,38890,922,38926,25024,27424,640,97,107,5,TS_NODRAW | TS_MAPWHO,0,0,2266,371,299,0,4,TM_WEAPON,5,WS_UZI,128,TA_NORTHEAST,0,38926,830,830,1536
19,71700,38926,38890,38962,25024,27424,640,97,107,5,TS_NODRAW | TS_MAPWHO,0,0,2028,370,15,0,4,TM_WEAPON,4,WS_SHOTGUN,128,TA_NORTHEAST,0,0,38890,830,1024
20,71736,38962,38926,38998,24856,27400,640,97,107,5,TS_NODRAW | TS_MAPWHO,0,0,2266,371,299,0,4,TM_WEAPON,5,WS_UZI,128,TA_NORTHEAST,0,38998,922,922,1536
21,71772,38998,38962,0,24856,27400,640,97,107,5,TS_NODRAW | TS_MAPWHO,0,0,2028,370,15,0,4,TM_WEAPON,4,WS_SHOTGUN,128,TA_NORTHEAST,0,0,38962,922,1024
22,71808,39034,1014,39070,24696,27384,640,96,106,5,TS_NODRAW | TS_MAPWHO,0,0,2266,371,299,0,4,TM_WEAPON,5,WS_UZI,128,TA_NORTHEAST,0,39070,1014,1014,1536
23,71844,39070,39034,0,24696,27384,640,96,106,5,TS_NODRAW | TS_MAPWHO,0,0,2028,370,15,0,4,TM_WEAPON,4,WS_SHOTGUN,128,TA_NORTHEAST,0,0,39034,1014,1024
24,71880,39106,1198,39142,24536,27368,640,95,106,5,TS_NODRAW | TS_MAPWHO,0,0,2266,371,299,0,4,TM_WEAPON,5,WS_UZI,128,TA_NORTHEAST,0,39142,1106,1106,1536
25,71916,39142,39106,39178,24536,27368,640,95,106,5,TS_NODRAW | TS_MAPWHO,0,0,2028,370,15,0,4,TM_WEAPON,4,WS_SHOTGUN,128,TA_NORTHEAST,0,0,39106,1106,1024
26,71952,39178,39142,39214,24376,27352,640,95,106,5,TS_NODRAW | TS_MAPWHO,0,0,2266,371,299,0,4,TM_WEAPON,5,WS_UZI,128,TA_NORTHEAST,0,39214,1198,1198,1536
27,71988,39214,39178,0,24376,27352,640,95,106,5,TS_NODRAW | TS_MAPWHO,0,0,2028,370,15,0,4,TM_WEAPON,4,WS_SHOTGUN,128,TA_NORTHEAST,0,0,39178,1198,1024
28,72024,39250,1382,39286,24232,27352,640,94,106,5,TS_NODRAW | TS_MAPWHO,0,0,2266,371,299,0,4,TM_WEAPON,5,WS_UZI,128,TA_NORTHEAST,0,39286,1290,1290,1536
29,72060,39286,39250,39322,24232,27352,640,94,106,5,TS_NODRAW | TS_MAPWHO,0,0,2028,370,15,0,4,TM_WEAPON,4,WS_SHOTGUN,128,TA_NORTHEAST,0,0,39250,1290,1024
30,72096,39322,39286,39358,24072,27336,640,94,106,5,TS_NODRAW | TS_MAPWHO,0,0,2266,371,299,0,4,TM_WEAPON,5,WS_UZI,128,TA_NORTHEAST,0,39358,1382,1382,1536
31,72132,39358,39322,0,24072,27336,640,94,106,5,TS_NODRAW | TS_MAPWHO,0,0,2028,370,15,0,4,TM_WEAPON,4,WS_SHOTGUN,128,TA_NORTHEAST,0,0,39322,1382,1024
32,72168,39394,1566,39430,5904,27264,256,23,106,5,TS_NODRAW | TS_MAPWHO,0,0,2266,371,299,0,4,TM_WEAPON,5,WS_UZI,64,TA_SOUTHEAST,0,39430,1474,1474,1536
33,72204,39430,39394,39466,5904,27264,256,23,106,5,TS_NODRAW | TS_MAPWHO,0,0,2028,370,15,0,4,TM_WEAPON,4,WS_SHOTGUN,64,TA_SOUTHEAST,0,0,39394,1474,1024
34,72240,39466,39430,39502,6040,27240,256,23,106,5,TS_NODRAW | TS_MAPWHO,0,0,2266,371,299,0,4,TM_WEAPON,5,WS_UZI,64,TA_SOUTHEAST,0,39502,1566,1566,1536
35,72276,39502,39466,0,6040,27240,256,23,106,5,TS_NODRAW | TS_MAPWHO,0,0,2028,370,15,0,4,TM_WEAPON,4,WS_SHOTGUN,64,TA_SOUTHEAST,0,0,39466,1566,1024
36,72312,39538,1750,39574,6200,27224,256,24,106,5,TS_NODRAW | TS_MAPWHO,0,0,2266,371,299,0,4,TM_WEAPON,5,WS_UZI,64,TA_SOUTHEAST,0,39574,1658,1658,1536
37,72348,39574,39538,39610,6200,27224,256,24,106,5,TS_NODRAW | TS_MAPWHO,0,0,2028,370,15,0,4,TM_WEAPON,4,WS_SHOTGUN,64,TA_SOUTHEAST,0,0,39538,1658,1024
38,72384,39610,39574,39646,6320,27184,256,24,106,5,TS_NODRAW | TS_MAPWHO,0,0,2266,371,299,0,4,TM_WEAPON,5,WS_UZI,64,TA_SOUTHEAST,0,39646,1750,1750,1536
39,72420,39646,39610,0,6320,27184,256,24,106,5,TS_NODRAW | TS_MAPWHO,0,0,2028,370,15,0,4,TM_WEAPON,4,WS_SHOTGUN,64,TA_SOUTHEAST,0,0,39610,1750,1024
40,72456,39682,1842,39718,6908,26788,256,26,104,5,TS_NODRAW | TS_MAPWHO,0,0,2266,371,299,0,4,TM_WEAPON,5,WS_UZI,128,TA_NORTHEAST,0,39718,1842,1842,1536
41,72492,39718,39682,0,6908,26788,256,26,104,5,TS_NODRAW | TS_MAPWHO,0,0,2028,370,15,0,4,TM_WEAPON,4,WS_SHOTGUN,128,TA_NORTHEAST,0,0,39682,1842,1024
42,72528,39754,1934,39790,6608,27152,256,25,106,5,TS_NODRAW | TS_MAPWHO,0,0,2266,371,299,0,4,TM_WEAPON,5,WS_UZI,64,TA_SOUTHEAST,0,39790,1934,1934,1536
43,72564,39790,39754,0,6608,27152,256,25,106,5,TS_NODRAW | TS_MAPWHO,0,0,2028,370,15,0,4,TM_WEAPON,4,WS_SHOTGUN,64,TA_SOUTHEAST,0,0,39754,1934,1024
44,72600,39826,2118,39862,6744,27096,256,26,105,5,TS_NODRAW | TS_MAPWHO,0,0,2266,371,299,0,4,TM_WEAPON,5,WS_UZI,64,TA_SOUTHEAST,0,39862,2026,2026,1536
45,72636,39862,39826,39898,6744,27096,256,26,105,5,TS_NODRAW | TS_MAPWHO,0,0,2028,370,15,0,4,TM_WEAPON,4,WS_SHOTGUN,64,TA_SOUTHEAST,0,0,39826,2026,1024
46,72672,39898,39862,39934,6784,26928,256,26,105,5,TS_NODRAW | TS_MAPWHO,0,0,2266,371,299,0,4,TM_WEAPON,5,WS_UZI,64,TA_SOUTHEAST,0,39934,2118,2118,1536
47,72708,39934,39898,0,6784,26928,256,26,105,5,TS_NODRAW | TS_MAPWHO,0,0,2028,370,15,0,4,TM_WEAPON,4,WS_SHOTGUN,64,TA_SOUTHEAST,0,0,39898,2118,1024
48,72744,39970,2210,40006,5184,12800,640,20,50,5,TS_NODRAW | TS_MAPWHO,0,0,2266,371,299,0,4,TM_WEAPON,5,WS_UZI,64,TA_SOUTHEAST,0,40006,2210,2210,1536
49,72780,40006,39970,0,5184,12800,640,20,50,5,TS_NODRAW | TS_MAPWHO,0,0,2028,370,15,0,4,TM_WEAPON,4,WS_SHOTGUN,64,TA_SOUTHEAST,0,0,39970,2210,1024
50,72816,40042,2302,40078,5176,12584,640,20,49,5,TS_NODRAW | TS_MAPWHO,0,0,2266,371,299,0,4,TM_WEAPON,5,WS_UZI,64,TA_SOUTHEAST,0,40078,2302,2302,1536
51,72852,40078,40042,0,5176,12584,640,20,49,5,TS_NODRAW | TS_MAPWHO,0,0,2028,370,15,0,4,TM_WEAPON,4,WS_SHOTGUN,64,TA_SOUTHEAST,0,0,40042,2302,1024
52,72888,40114,2394,40150,5176,12424,640,20,48,5,TS_NODRAW | TS_MAPWHO,0,0,2266,371,299,0,4,TM_WEAPON,5,WS_UZI,64,TA_SOUTHEAST,0,40150,2394,2394,1536
53,72924,40150,40114,0,5176,12424,640,20,48,5,TS_NODRAW | TS_MAPWHO,0,0,2028,370,15,0,4,TM_WEAPON,4,WS_SHOTGUN,64,TA_SOUTHEAST,0,0,40114,2394,1024
54,72960,40186,2578,40222,5184,12224,640,20,47,5,TS_NODRAW | TS_MAPWHO,0,0,2266,371,299,0,4,TM_WEAPON,5,WS_UZI,64,TA_SOUTHEAST,0,40222,2486,2486,1536
55,72996,40222,40186,40258,5184,12224,640,20,47,5,TS_NODRAW | TS_MAPWHO,0,0,2028,370,15,0,4,TM_WEAPON,4,WS_SHOTGUN,64,TA_SOUTHEAST,0,0,40186,2486,1024
56,73032,40258,40222,40294,5176,12088,640,20,47,5,TS_NODRAW | TS_MAPWHO,0,0,2266,371,299,0,4,TM_WEAPON,5,WS_UZI,64,TA_SOUTHEAST,0,40294,2578,2578,1536
57,73068,40294,40258,0,5176,12088,640,20,47,5,TS_NODRAW | TS_MAPWHO,0,0,2028,370,15,0,4,TM_WEAPON,4,WS_SHOTGUN,64,TA_SOUTHEAST,0,0,40258,2578,1024
58,73104,40330,2670,40366,5200,11936,640,20,46,5,TS_NODRAW | TS_MAPWHO,0,0,2266,371,299,0,4,TM_WEAPON,5,WS_UZI,64,TA_SOUTHEAST,0,40366,2670,2670,1536
59,73140,40366,40330,0,5200,11936,640,20,46,5,TS_NODRAW | TS_MAPWHO,0,0,2028,370,15,0,4,TM_WEAPON,4,WS_SHOTGUN,64,TA_SOUTHEAST,0,0,40330,2670,1024
60,73176,40402,2854,40438,5200,11760,640,20,45,5,TS_NODRAW | TS_MAPWHO,0,0,2266,371,299,0,4,TM_WEAPON,5,WS_UZI,64,TA_SOUTHEAST,0,40438,2762,2762,1536
61,73212,40438,40402,40474,5200,11760,640,20,45,5,TS_NODRAW | TS_MAPWHO,0,0,2028,370,15,0,4,TM_WEAPON,4,WS_SHOTGUN,64,TA_SOUTHEAST,0,0,40402,2762,1024
62,73248,40474,40438,40510,5208,11624,640,20,45,5,TS_NODRAW | TS_MAPWHO,0,0,2266,371,299,0,4,TM_WEAPON,5,WS_UZI,64,TA_SOUTHEAST,0,40510,2854,2854,1536
63,73284,40510,40474,0,5208,11624,640,20,45,5,TS_NODRAW | TS_MAPWHO,0,0,2028,370,15,0,4,TM_WEAPON,4,WS_SHOTGUN,64,TA_SOUTHEAST,0,0,40474,2854,1024
64,73320,40546,2946,0,9809,10601,692,38,41,5,TS_NODRAW | TS_MAPWHO,0,0,2277,375,199,0,4,TM_WEAPON,9,WS_LONG_RANGE,5,TA_SOUTHWEST,0,0,2946,2946,3072
65,73356,40582,3038,0,25608,7936,767,100,31,5,TS_NODRAW | TS_MAPWHO,0,0,2277,375,199,0,4,TM_WEAPON,9,WS_LONG_RANGE,194,TA_NORTHWEST,0,0,3038,3038,3072
66,73392,40618,3130,0,27586,10768,896,107,42,5,TS_NODRAW | TS_MAPWHO,0,0,2277,375,199,0,4,TM_WEAPON,9,WS_LONG_RANGE,243,TA_SOUTHWEST,0,0,3130,3130,3072
67,73428,40654,3222,0,22202,6845,640,86,26,5,TS_NODRAW | TS_MAPWHO,0,0,2277,375,199,0,4,TM_WEAPON,9,WS_LONG_RANGE,5,TA_SOUTHWEST,0,0,3222,3222,3072
68,73464,40690,3314,0,20751,17794,896,81,69,5,TS_NODRAW | TS_MAPWHO,0,0,2277,375,199,0,4,TM_WEAPON,9,WS_LONG_RANGE,128,TA_NORTHEAST,0,0,3314,3314,3072
69,73500,40726,3406,0,8190,9218,768,31,36,5,TS_NODRAW | TS_MAPWHO,0,0,2277,375,199,0,4,TM_WEAPON,9,WS_LONG_RANGE,0,TA_SOUTHWEST,0,0,3406,3406,3072
70,73536,40762,3498,0,16375,16327,640,63,63,5,TS_NODRAW | TS_MAPWHO,0,0,2277,375,199,0,4,TM_WEAPON,9,WS_LONG_RANGE,130,TA_NORTHEAST,0,0,3498,3498,3072
71,73572,40798,3590,0,19779,8003,640,77,31,5,TS_NODRAW | TS_MAPWHO,0,0,2277,375,199,0,4,TM_WEAPON,9,WS_LONG_RANGE,8,TA_SOUTHWEST,0,0,3590,3590,3072
72,73608,40834,3682,0,11270,21661,640,44,84,5,TS_NODRAW | TS_MAPWHO,0,0,2277,375,199,0,4,TM_WEAPON,9,WS_LONG_RANGE,1,TA_SOUTHWEST,0,0,3682,3682,3072
73,73644,40870,3774,0,10690,11837,640,41,46,5,TS_NODRAW | TS_MAPWHO,0,0,2277,375,199,0,4,TM_WEAPON,9,WS_LONG_RANGE,191,TA_NORTHWEST,0,0,3774,3774,3072
74,73680,40906,3866,0,8717,11073,-896,34,43,5,TS_NODRAW | TS_MAPWHO,0,0,2277,375,199,0,4,TM_WEAPON,9,WS_LONG_RANGE,63,TA_SOUTHEAST,0,0,3866,3866,3072
75,73716,40942,3958,0,5652,15711,768,22,61,5,TS_NODRAW | TS_MAPWHO,0,0,2277,375,199,0,4,TM_WEAPON,9,WS_LONG_RANGE,3,TA_SOUTHWEST,0,0,3958,3958,3072
76,73752,40978,4050,0,5956,18430,640,23,71,5,TS_NODRAW | TS_MAPWHO,0,0,2277,375,199,0,4,TM_WEAPON,9,WS_LONG_RANGE,64,TA_SOUTHEAST,0,0,4050,4050,3072
77,73788,41014,4142,0,9232,12370,640,36,48,5,TS_NODRAW | TS_MAPWHO,0,0,2277,375,199,0,4,TM_WEAPON,9,WS_LONG_RANGE,128,TA_NORTHEAST,0,0,4142,4142,3072
78,73824,41050,38494,0,17723,5028,640,69,19,5,TS_NODRAW | TS_MAPWHO,0,0,2277,375,199,0,4,TM_WEAPON,9,WS_LONG_RANGE,192,TA_NORTHWEST,0,0,4234,4234,3072
79,73860,41086,4326,0,26163,15689,640,102,61,5,TS_NODRAW | TS_MAPWHO,0,0,2277,375,199,0,4,TM_WEAPON,9,WS_LONG_RANGE,197,TA_NORTHWEST,0,0,4326,4326,3072
80,73896,41122,4418,0,24428,8217,256,95,32,5,TS_NODRAW | TS_MAPWHO,0,0,2277,375,199,0,4,TM_WEAPON,9,WS_LONG_RANGE,65,TA_SOUTHEAST,0,0,4418,4418,3072
81,73932,41158,4510,0,12546,21420,254,49,83,5,TS_NODRAW | TS_MAPWHO,0,0,2277,375,199,0,4,TM_WEAPON,9,WS_LONG_RANGE,127,TA_NORTHEAST,0,0,4510,4510,3072
82,73968,41194,4602,0,27945,15365,768,109,60,5,TS_NODRAW | TS_MAPWHO,0,0,2277,375,199,0,4,TM_WEAPON,9,WS_LONG_RANGE,191,TA_NORTHWEST,0,0,4602,4602,3072
83,74004,41230,4694,0,13642,24342,640,53,95,5,TS_NODRAW | TS_MAPWHO,0,0,2277,375,199,0,4,TM_WEAPON,9,WS_LONG_RANGE,61,TA_SOUTHEAST,0,0,4694,4694,3072
84,74040,41266,4786,0,27402,10742,896,107,41,5,TS_NODRAW | TS_MAPWHO,0,0,2277,375,199,0,4,TM_WEAPON,9,WS_LONG_RANGE,252,TA_SOUTHWEST,0,0,4786,4786,3072
85,74076,41302,4878,0,21465,11611,768,83,45,5,TS_NODRAW | TS_MAPWHO,0,0,2277,375,199,0,4,TM_WEAPON,9,WS_LONG_RANGE,55,TA_SOUTHEAST,0,0,4878,4878,3072
86,74112,41338,4970,0,9017,24172,640,35,94,5,TS_NODRAW | TS_MAPWHO,0,0,2277,375,199,0,4,TM_WEAPON,9,WS_LONG_RANGE,63,TA_SOUTHEAST,0,0,4970,4970,3072
87,74148,41374,5062,0,4864,27425,640,19,107,5,TS_NODRAW | TS_MAPWHO,0,0,2277,375,199,0,4,TM_WEAPON,9,WS_LONG_RANGE,128,TA_NORTHEAST,0,0,5062,5062,3072
88,74184,41410,5154,0,20467,26298,896,79,102,5,TS_NODRAW | TS_MAPWHO,0,0,2277,375,199,0,4,TM_WEAPON,9,WS_LONG_RANGE,192,TA_NORTHWEST,0,0,5154,5154,3072
89,74220,41446,5246,0,26580,23342,661,103,91,5,TS_NODRAW | TS_MAPWHO,0,0,2277,375,199,0,4,TM_WEAPON,9,WS_LONG_RANGE,129,TA_NORTHEAST,0,0,5246,5246,3072
90,74256,41482,5338,0,12510,12412,768,48,48,5,TS_NODRAW | TS_MAPWHO,0,0,2277,375,199,0,4,TM_WEAPON,9,WS_LONG_RANGE,127,TA_NORTHEAST,0,0,5338,5338,3072
91,74292,41518,5430,0,-26827,511,1536,-104,1,5,TS_NODRAW | TS_MAPWHO,0,0,2277,375,199,0,4,TM_WEAPON,9,WS_LONG_RANGE,192,TA_NORTHWEST,0,0,5430,5430,3072
92,74328,41554,5522,0,17647,26377,763,68,103,5,TS_NODRAW | TS_MAPWHO,0,0,2277,375,199,0,4,TM_WEAPON,9,WS_LONG_RANGE,63,TA_SOUTHEAST,0,0,5522,5522,3072
93,74364,41590,5614,0,26806,25601,640,104,100,5,TS_NODRAW | TS_MAPWHO,0,0,2277,375,199,0,4,TM_WEAPON,9,WS_LONG_RANGE,129,TA_NORTHEAST,0,0,5614,5614,3072
94,74400,41626,15090,0,9135,24622,640,35,96,5,TS_NODRAW | TS_MAPWHO,0,0,0,65535,299,0,4,TM_WEAPON,5,WS_UZI,223,TA_WEST,0,0,15090,15090,1536
95,74436,41662,15182,0,12296,27688,640,48,108,5,TS_NODRAW | TS_MAPWHO,0,0,0,65535,299,0,4,TM_WEAPON,5,WS_UZI,192,TA_NORTHWEST,0,0,15182,15182,1536
96,74472,41698,15274,0,5452,28021,640,21,109,5,TS_NODRAW | TS_MAPWHO,0,0,0,65535,299,0,4,TM_WEAPON,5,WS_UZI,91,TA_EAST,0,0,15274,15274,1536
97,74508,41734,15366,0,12176,24496,384,47,95,5,TS_NODRAW | TS_MAPWHO,0,0,0,65535,299,0,4,TM_WEAPON,5,WS_UZI,64,TA_SOUTHEAST,0,0,15366,15366,1536
98,74544,41770,15458,0,12168,25784,384,47,100,5,TS_NODRAW | TS_MAPWHO,0,0,0,65535,299,0,4,TM_WEAPON,5,WS_UZI,64,TA_SOUTHEAST,0,0,15458,15458,1536
99,74580,41806,15550,0,12120,26696,384,47,104,5,TS_NODRAW | TS_MAPWHO,0,0,0,65535,299,0,4,TM_WEAPON,5,WS_UZI,64,TA_SOUTHEAST,0,0,15550,15550,1536
100,74616,41842,0,0,0,0,0,0,0,0,TS_NONE,0,0,0,0,0,0,0,TM_NONE,0,WS_NONE,0,TA_SOUTHWEST,0,0,0,0,0
101,74652,41878,0,0,0,0,0,0,0,0,TS_NONE,0,0,0,0,0,0,0,TM_NONE,0,WS_NONE,0,TA_SOUTHWEST,0,0,0,0,0
102,74688,41914,0,0,0,0,0,0,0,0,TS_NONE,0,0,0,0,0,0,0,TM_NONE,0,WS_NONE,0,TA_SOUTHWEST,0,0,0,0,0
103,74724,41950,0,0,0,0,0,0,0,0,TS_NONE,0,0,0,0,0,0,0,TM_NONE,0,WS_NONE,0,TA_SOUTHWEST,0,0,0,0,0
104,74760,41986,0,0,0,0,0,0,0,0,TS_NONE,0,0,0,0,0,0,0,TM_NONE,0,WS_NONE,0,TA_SOUTHWEST,0,0,0,0,0
105,74796,42022,0,0,0,0,0,0,0,0,TS_NONE,0,0,0,0,0,0,0,TM_NONE,0,WS_NONE,0,TA_SOUTHWEST,0,0,0,0,0
106,74832,42058,0,0,0,0,0,0,0,0,TS_NONE,0,0,0,0,0,0,0,TM_NONE,0,WS_NONE,0,TA_SOUTHWEST,0,0,0,0,0
107,74868,42094,0,0,0,0,0,0,0,0,TS_NONE,0,0,0,0,0,0,0,TM_NONE,0,WS_NONE,0,TA_SOUTHWEST,0,0,0,0,0
108,74904,42130,0,0,0,0,0,0,0,0,TS_NONE,0,0,0,0,0,0,0,TM_NONE,0,WS_NONE,0,TA_SOUTHWEST,0,0,0,0,0
109,74940,42166,0,0,0,0,0,0,0,0,TS_NONE,0,0,0,0,0,0,0,TM_NONE,0,WS_NONE,0,TA_SOUTHWEST,0,0,0,0,0
110,74976,42202,0,0,0,0,0,0,0,0,TS_NONE,0,0,0,0,0,0,0,TM_NONE,0,WS_NONE,0,TA_SOUTHWEST,0,0,0,0,0
111,75012,42238,0,0,0,0,0,0,0,0,TS_NONE,0,0,0,0,0,0,0,TM_NONE,0,WS_NONE,0,TA_SOUTHWEST,0,0,0,0,0
112,75048,42274,0,0,0,0,0,0,0,0,TS_NONE,0,0,0,0,0,0,0,TM_NONE,0,WS_NONE,0,TA_SOUTHWEST,0,0,0,0,0
113,75084,42310,0,0,0,0,0,0,0,0,TS_NONE,0,0,0,0,0,0,0,TM_NONE,0,WS_NONE,0,TA_SOUTHWEST,0,0,0,0,0
114,75120,42346,0,0,0,0,0,0,0,0,TS_NONE,0,0,0,0,0,0,0,TM_NONE,0,WS_NONE,0,TA_SOUTHWEST,0,0,0,0,0
115,75156,42382,0,0,0,0,0,0,0,0,TS_NONE,0,0,0,0,0,0,0,TM_NONE,0,WS_NONE,0,TA_SOUTHWEST,0,0,0,0,0
116,75192,42418,0,0,0,0,0,0,0,0,TS_NONE,0,0,0,0,0,0,0,TM_NONE,0,WS_NONE,0,TA_SOUTHWEST,0,0,0,0,0
117,75228,42454,0,0,0,0,0,0,0,0,TS_NONE,0,0,0,0,0,0,0,TM_NONE,0,WS_NONE,0,TA_SOUTHWEST,0,0,0,0,0
118,75264,42490,0,0,0,0,0,0,0,0,TS_NONE,0,0,0,0,0,0,0,TM_NONE,0,WS_NONE,0,TA_SOUTHWEST,0,0,0,0,0
119,75300,42526,0,0,0,0,0,0,0,0,TS_NONE,0,0,0,0,0,0,0,TM_NONE,0,WS_NONE,0,TA_SOUTHWEST,0,0,0,0,0
120,75336,42562,0,0,0,0,0,0,0,0,TS_NONE,0,0,0,0,0,0,0,TM_NONE,0,WS_NONE,0,TA_SOUTHWEST,0,0,0,0,0
121,75372,42598,0,0,0,0,0,0,0,0,TS_NONE,0,0,0,0,0,0,0,TM_NONE,0,WS_NONE,0,TA_SOUTHWEST,0,0,0,0,0
122,75408,42634,0,0,0,0,0,0,0,0,TS_NONE,0,0,0,0,0,0,0,TM_NONE,0,WS_NONE,0,TA_SOUTHWEST,0,0,0,0,0
123,75444,42670,0,0,0,0,0,0,0,0,TS_NONE,0,0,0,0,0,0,0,TM_NONE,0,WS_NONE,0,TA_SOUTHWEST,0,0,0,0,0
124,75480,42706,0,0,0,0,0,0,0,0,TS_NONE,0,0,0,0,0,0,0,TM_NONE,0,WS_NONE,0,TA_SOUTHWEST,0,0,0,0,0
125,75516,42742,0,0,0,0,0,0,0,0,TS_NONE,0,0,0,0,0,0,0,TM_NONE,0,WS_NONE,0,TA_SOUTHWEST,0,0,0,0,0
126,75552,42778,0,0,0,0,0,0,0,0,TS_NONE,0,0,0,0,0,0,0,TM_NONE,0,WS_NONE,0,TA_SOUTHWEST,0,0,0,0,0
127,75588,42814,0,0,0,0,0,0,0,0,TS_NONE,0,0,0,0,0,0,0,TM_NONE,0,WS_NONE,0,TA_SOUTHWEST,0,0,0,0,0
128,75624,42850,0,0,0,0,0,0,0,0,TS_NONE,0,0,0,0,0,0,0,TM_NONE,0,WS_NONE,0,TA_SOUTHWEST,0,0,0,0,0
129,75660,42886,0,0,0,0,0,0,0,0,TS_NONE,0,0,0,0,0,0,0,TM_NONE,0,WS_NONE,0,TA_SOUTHWEST,0,0,0,0,0
130,75696,42922,0,0,0,0,0,0,0,0,TS_NONE,0,0,0,0,0,0,0,TM_NONE,0,WS_NONE,0,TA_SOUTHWEST,0,0,0,0,0
131,75732,42958,0,0,0,0,0,0,0,0,TS_NONE,0,0,0,0,0,0,0,TM_NONE,0,WS_NONE,0,TA_SOUTHWEST,0,0,0,0,0
132,75768,42994,0,0,0,0,0,0,0,0,TS_NONE,0,0,0,0,0,0,0,TM_NONE,0,WS_NONE,0,TA_SOUTHWEST,0,0,0,0,0
133,75804,43030,0,0,0,0,0,0,0,0,TS_NONE,0,0,0,0,0,0,0,TM_NONE,0,WS_NONE,0,TA_SOUTHWEST,0,0,0,0,0
134,75840,43066,0,0,0,0,0,0,0,0,TS_NONE,0,0,0,0,0,0,0,TM_NONE,0,WS_NONE,0,TA_SOUTHWEST,0,0,0,0,0
135,75876,43102,0,0,0,0,0,0,0,0,TS_NONE,0,0,0,0,0,0,0,TM_NONE,0,WS_NONE,0,TA_SOUTHWEST,0,0,0,0,0
136,75912,43138,0,0,0,0,0,0,0,0,TS_NONE,0,0,0,0,0,0,0,TM_NONE,0,WS_NONE,0,TA_SOUTHWEST,0,0,0,0,0
137,75948,43174,0,0,0,0,0,0,0,0,TS_NONE,0,0,0,0,0,0,0,TM_NONE,0,WS_NONE,0,TA_SOUTHWEST,0,0,0,0,0
138,75984,43210,0,0,0,0,0,0,0,0,TS_NONE,0,0,0,0,0,0,0,TM_NONE,0,WS_NONE,0,TA_SOUTHWEST,0,0,0,0,0
139,76020,43246,0,0,0,0,0,0,0,0,TS_NONE,0,0,0,0,0,0,0,TM_NONE,0,WS_NONE,0,TA_SOUTHWEST,0,0,0,0,0
140,76056,43282,0,0,0,0,0,0,0,0,TS_NONE,0,0,0,0,0,0,0,TM_NONE,0,WS_NONE,0,TA_SOUTHWEST,0,0,0,0,0
141,76092,43318,0,0,0,0,0,0,0,0,TS_NONE,0,0,0,0,0,0,0,TM_NONE,0,WS_NONE,0,TA_SOUTHWEST,0,0,0,0,0
142,76128,43354,0,0,0,0,0,0,0,0,TS_NONE,0,0,0,0,0,0,0,TM_NONE,0,WS_NONE,0,TA_SOUTHWEST,0,0,0,0,0
143,76164,43390,0,0,0,0,0,0,0,0,TS_NONE,0,0,0,0,0,0,0,TM_NONE,0,WS_NONE,0,TA_SOUTHWEST,0,0,0,0,0
144,76200,43426,0,0,0,0,0,0,0,0,TS_NONE,0,0,0,0,0,0,0,TM_NONE,0,WS_NONE,0,TA_SOUTHWEST,0,0,0,0,0
145,76236,43462,0,0,0,0,0,0,0,0,TS_NONE,0,0,0,0,0,0,0,TM_NONE,0,WS_NONE,0,TA_SOUTHWEST,0,0,0,0,0
146,76272,43498,0,0,0,0,0,0,0,0,TS_NONE,0,0,0,0,0,0,0,TM_NONE,0,WS_NONE,0,TA_SOUTHWEST,0,0,0,0,0
147,76308,43534,0,0,0,0,0,0,0,0,TS_NONE,0,0,0,0,0,0,0,TM_NONE,0,WS_NONE,0,TA_SOUTHWEST,0,0,0,0,0
148,76344,43570,0,0,0,0,0,0,0,0,TS_NONE,0,0,0,0,0,0,0,TM_NONE,0,WS_NONE,0,TA_SOUTHWEST,0,0,0,0,0
149,76380,43606,0,0,0,0,0,0,0,0,TS_NONE,0,0,0,0,0,0,0,TM_NONE,0,WS_NONE,0,TA_SOUTHWEST,0,0,0,0,0
150,76416,43642,0,0,0,0,0,0,0,0,TS_NONE,0,0,0,0,0,0,0,TM_NONE,0,WS_NONE,0,TA_SOUTHWEST,0,0,0,0,0
151,76452,43678,0,0,0,0,0,0,0,0,TS_NONE,0,0,0,0,0,0,0,TM_NONE,0,WS_NONE,0,TA_SOUTHWEST,0,0,0,0,0
152,76488,43714,0,0,0,0,0,0,0,0,TS_NONE,0,0,0,0,0,0,0,TM_NONE,0,WS_NONE,0,TA_SOUTHWEST,0,0,0,0,0
153,76524,43750,0,0,0,0,0,0,0,0,TS_NONE,0,0,0,0,0,0,0,TM_NONE,0,WS_NONE,0,TA_SOUTHWEST,0,0,0,0,0
154,76560,43786,0,0,0,0,0,0,0,0,TS_NONE,0,0,0,0,0,0,0,TM_NONE,0,WS_NONE,0,TA_SOUTHWEST,0,0,0,0,0
155,76596,43822,0,0,0,0,0,0,0,0,TS_NONE,0,0,0,0,0,0,0,TM_NONE,0,WS_NONE,0,TA_SOUTHWEST,0,0,0,0,0
156,76632,43858,0,0,0,0,0,0,0,0,TS_NONE,0,0,0,0,0,0,0,TM_NONE,0,WS_NONE,0,TA_SOUTHWEST,0,0,0,0,0
157,76668,43894,0,0,0,0,0,0,0,0,TS_NONE,0,0,0,0,0,0,0,TM_NONE,0,WS_NONE,0,TA_SOUTHWEST,0,0,0,0,0
158,76704,43930,0,0,0,0,0,0,0,0,TS_NONE,0,0,0,0,0,0,0,TM_NONE,0,WS_NONE,0,TA_SOUTHWEST,0,0,0,0,0
159,76740,43966,0,0,0,0,0,0,0,0,TS_NONE,0,0,0,0,0,0,0,TM_NONE,0,WS_NONE,0,TA_SOUTHWEST,0,0,0,0,0
160,76776,44002,0,0,0,0,0,0,0,0,TS_NONE,0,0,0,0,0,0,0,TM_NONE,0,WS_NONE,0,TA_SOUTHWEST,0,0,0,0,0
161,76812,44038,0,0,0,0,0,0,0,0,TS_NONE,0,0,0,0,0,0,0,TM_NONE,0,WS_NONE,0,TA_SOUTHWEST,0,0,0,0,0
162,76848,44074,0,0,0,0,0,0,0,0,TS_NONE,0,0,0,0,0,0,0,TM_NONE,0,WS_NONE,0,TA_SOUTHWEST,0,0,0,0,0
163,76884,44110,0,0,0,0,0,0,0,0,TS_NONE,0,0,0,0,0,0,0,TM_NONE,0,WS_NONE,0,TA_SOUTHWEST,0,0,0,0,0
164,76920,44146,0,0,0,0,0,0,0,0,TS_NONE,0,0,0,0,0,0,0,TM_NONE,0,WS_NONE,0,TA_SOUTHWEST,0,0,0,0,0
165,76956,44182,0,0,0,0,0,0,0,0,TS_NONE,0,0,0,0,0,0,0,TM_NONE,0,WS_NONE,0,TA_SOUTHWEST,0,0,0,0,0
166,76992,44218,0,0,0,0,0,0,0,0,TS_NONE,0,0,0,0,0,0,0,TM_NONE,0,WS_NONE,0,TA_SOUTHWEST,0,0,0,0,0
167,77028,44254,0,0,0,0,0,0,0,0,TS_NONE,0,0,0,0,0,0,0,TM_NONE,0,WS_NONE,0,TA_SOUTHWEST,0,0,0,0,0
168,77064,44290,0,0,0,0,0,0,0,0,TS_NONE,0,0,0,0,0,0,0,TM_NONE,0,WS_NONE,0,TA_SOUTHWEST,0,0,0,0,0
169,77100,44326,0,0,0,0,0,0,0,0,TS_NONE,0,0,0,0,0,0,0,TM_NONE,0,WS_NONE,0,TA_SOUTHWEST,0,0,0,0,0
170,77136,44362,0,0,0,0,0,0,0,0,TS_NONE,0,0,0,0,0,0,0,TM_NONE,0,WS_NONE,0,TA_SOUTHWEST,0,0,0,0,0
171,77172,44398,0,0,0,0,0,0,0,0,TS_NONE,0,0,0,0,0,0,0,TM_NONE,0,WS_NONE,0,TA_SOUTHWEST,0,0,0,0,0
172,77208,44434,0,0,0,0,0,0,0,0,TS_NONE,0,0,0,0,0,0,0,TM_NONE,0,WS_NONE,0,TA_SOUTHWEST,0,0,0,0,0
173,77244,44470,0,0,0,0,0,0,0,0,TS_NONE,0,0,0,0,0,0,0,TM_NONE,0,WS_NONE,0,TA_SOUTHWEST,0,0,0,0,0
174,77280,44506,0,0,0,0,0,0,0,0,TS_NONE,0,0,0,0,0,0,0,TM_NONE,0,WS_NONE,0,TA_SOUTHWEST,0,0,0,0,0
175,77316,44542,0,0,0,0,0,0,0,0,TS_NONE,0,0,0,0,0,0,0,TM_NONE,0,WS_NONE,0,TA_SOUTHWEST,0,0,0,0,0
176,77352,44578,0,0,0,0,0,0,0,0,TS_NONE,0,0,0,0,0,0,0,TM_NONE,0,WS_NONE,0,TA_SOUTHWEST,0,0,0,0,0
177,77388,44614,0,0,0,0,0,0,0,0,TS_NONE,0,0,0,0,0,0,0,TM_NONE,0,WS_NONE,0,TA_SOUTHWEST,0,0,0,0,0
178,77424,44650,0,0,0,0,0,0,0,0,TS_NONE,0,0,0,0,0,0,0,TM_NONE,0,WS_NONE,0,TA_SOUTHWEST,0,0,0,0,0
179,77460,44686,0,0,0,0,0,0,0,0,TS_NONE,0,0,0,0,0,0,0,TM_NONE,0,WS_NONE,0,TA_SOUTHWEST,0,0,0,0,0
180,77496,44722,0,0,0,0,0,0,0,0,TS_NONE,0,0,0,0,0,0,0,TM_NONE,0,WS_NONE,0,TA_SOUTHWEST,0,0,0,0,0
181,77532,44758,0,0,0,0,0,0,0,0,TS_NONE,0,0,0,0,0,0,0,TM_NONE,0,WS_NONE,0,TA_SOUTHWEST,0,0,0,0,0
182,77568,44794,0,0,0,0,0,0,0,0,TS_NONE,0,0,0,0,0,0,0,TM_NONE,0,WS_NONE,0,TA_SOUTHWEST,0,0,0,0,0
183,77604,44830,0,0,0,0,0,0,0,0,TS_NONE,0,0,0,0,0,0,0,TM_NONE,0,WS_NONE,0,TA_SOUTHWEST,0,0,0,0,0
184,77640,44866,0,0,0,0,0,0,0,0,TS_NONE,0,0,0,0,0,0,0,TM_NONE,0,WS_NONE,0,TA_SOUTHWEST,0,0,0,0,0
185,77676,44902,0,0,0,0,0,0,0,0,TS_NONE,0,0,0,0,0,0,0,TM_NONE,0,WS_NONE,0,TA_SOUTHWEST,0,0,0,0,0
186,77712,44938,0,0,0,0,0,0,0,0,TS_NONE,0,0,0,0,0,0,0,TM_NONE,0,WS_NONE,0,TA_SOUTHWEST,0,0,0,0,0
187,77748,44974,0,0,0,0,0,0,0,0,TS_NONE,0,0,0,0,0,0,0,TM_NONE,0,WS_NONE,0,TA_SOUTHWEST,0,0,0,0,0
188,77784,45010,0,0,0,0,0,0,0,0,TS_NONE,0,0,0,0,0,0,0,TM_NONE,0,WS_NONE,0,TA_SOUTHWEST,0,0,0,0,0
189,77820,45046,0,0,0,0,0,0,0,0,TS_NONE,0,0,0,0,0,0,0,TM_NONE,0,WS_NONE,0,TA_SOUTHWEST,0,0,0,0,0
190,77856,45082,0,0,0,0,0,0,0,0,TS_NONE,0,0,0,0,0,0,0,TM_NONE,0,WS_NONE,0,TA_SOUTHWEST,0,0,0,0,0
191,77892,45118,0,0,0,0,0,0,0,0,TS_NONE,0,0,0,0,0,0,0,TM_NONE,0,WS_NONE,0,TA_SOUTHWEST,0,0,0,0,0
192,77928,45154,0,0,0,0,0,0,0,0,TS_NONE,0,0,0,0,0,0,0,TM_NONE,0,WS_NONE,0,TA_SOUTHWEST,0,0,0,0,0
193,77964,45190,0,0,0,0,0,0,0,0,TS_NONE,0,0,0,0,0,0,0,TM_NONE,0,WS_NONE,0,TA_SOUTHWEST,0,0,0,0,0
194,78000,45226,0,0,0,0,0,0,0,0,TS_NONE,0,0,0,0,0,0,0,TM_NONE,0,WS_NONE,0,TA_SOUTHWEST,0,0,0,0,0
195,78036,45262,0,0,0,0,0,0,0,0,TS_NONE,0,0,0,0,0,0,0,TM_NONE,0,WS_NONE,0,TA_SOUTHWEST,0,0,0,0,0
196,78072,45298,0,0,0,0,0,0,0,0,TS_NONE,0,0,0,0,0,0,0,TM_NONE,0,WS_NONE,0,TA_SOUTHWEST,0,0,0,0,0
197,78108,45334,0,0,0,0,0,0,0,0,TS_NONE,0,0,0,0,0,0,0,TM_NONE,0,WS_NONE,0,TA_SOUTHWEST,0,0,0,0,0
198,78144,45370,0,0,0,0,0,0,0,0,TS_NONE,0,0,0,0,0,0,0,TM_NONE,0,WS_NONE,0,TA_SOUTHWEST,0,0,0,0,0
199,78180,45406,0,0,0,0,0,0,0,0,TS_NONE,0,0,0,0,0,0,0,TM_NONE,0,WS_NONE,0,TA_SOUTHWEST,0,0,0,0,0
200,78216,45442,0,0,0,0,0,0,0,0,TS_NONE,0,0,0,0,0,0,0,TM_NONE,0,WS_NONE,0,TA_SOUTHWEST,0,0,0,0,0
201,78252,45478,0,0,0,0,0,0,0,0,TS_NONE,0,0,0,0,0,0,0,TM_NONE,0,WS_NONE,0,TA_SOUTHWEST,0,0,0,0,0
202,78288,45514,0,0,0,0,0,0,0,0,TS_NONE,0,0,0,0,0,0,0,TM_NONE,0,WS_NONE,0,TA_SOUTHWEST,0,0,0,0,0
203,78324,45550,0,0,0,0,0,0,0,0,TS_NONE,0,0,0,0,0,0,0,TM_NONE,0,WS_NONE,0,TA_SOUTHWEST,0,0,0,0,0
204,78360,45586,0,0,0,0,0,0,0,0,TS_NONE,0,0,0,0,0,0,0,TM_NONE,0,WS_NONE,0,TA_SOUTHWEST,0,0,0,0,0
205,78396,45622,0,0,0,0,0,0,0,0,TS_NONE,0,0,0,0,0,0,0,TM_NONE,0,WS_NONE,0,TA_SOUTHWEST,0,0,0,0,0
206,78432,45658,0,0,0,0,0,0,0,0,TS_NONE,0,0,0,0,0,0,0,TM_NONE,0,WS_NONE,0,TA_SOUTHWEST,0,0,0,0,0
207,78468,45694,0,0,0,0,0,0,0,0,TS_NONE,0,0,0,0,0,0,0,TM_NONE,0,WS_NONE,0,TA_SOUTHWEST,0,0,0,0,0
208,78504,45730,0,0,0,0,0,0,0,0,TS_NONE,0,0,0,0,0,0,0,TM_NONE,0,WS_NONE,0,TA_SOUTHWEST,0,0,0,0,0
209,78540,45766,0,0,0,0,0,0,0,0,TS_NONE,0,0,0,0,0,0,0,TM_NONE,0,WS_NONE,0,TA_SOUTHWEST,0,0,0,0,0
210,78576,45802,0,0,0,0,0,0,0,0,TS_NONE,0,0,0,0,0,0,0,TM_NONE,0,WS_NONE,0,TA_SOUTHWEST,0,0,0,0,0
211,78612,45838,0,0,0,0,0,0,0,0,TS_NONE,0,0,0,0,0,0,0,TM_NONE,0,WS_NONE,0,TA_SOUTHWEST,0,0,0,0,0
212,78648,45874,0,0,0,0,0,0,0,0,TS_NONE,0,0,0,0,0,0,0,TM_NONE,0,WS_NONE,0,TA_SOUTHWEST,0,0,0,0,0
213,78684,45910,0,0,0,0,0,0,0,0,TS_NONE,0,0,0,0,0,0,0,TM_NONE,0,WS_NONE,0,TA_SOUTHWEST,0,0,0,0,0
214,78720,45946,0,0,0,0,0,0,0,0,TS_NONE,0,0,0,0,0,0,0,TM_NONE,0,WS_NONE,0,TA_SOUTHWEST,0,0,0,0,0
215,78756,45982,0,0,0,0,0,0,0,0,TS_NONE,0,0,0,0,0,0,0,TM_NONE,0,WS_NONE,0,TA_SOUTHWEST,0,0,0,0,0
216,78792,46018,0,0,0,0,0,0,0,0,TS_NONE,0,0,0,0,0,0,0,TM_NONE,0,WS_NONE,0,TA_SOUTHWEST,0,0,0,0,0
217,78828,46054,0,0,0,0,0,0,0,0,TS_NONE,0,0,0,0,0,0,0,TM_NONE,0,WS_NONE,0,TA_SOUTHWEST,0,0,0,0,0
218,78864,46090,0,0,0,0,0,0,0,0,TS_NONE,0,0,0,0,0,0,0,TM_NONE,0,WS_NONE,0,TA_SOUTHWEST,0,0,0,0,0
219,78900,46126,0,0,0,0,0,0,0,0,TS_NONE,0,0,0,0,0,0,0,TM_NONE,0,WS_NONE,0,TA_SOUTHWEST,0,0,0,0,0
220,78936,46162,0,0,0,0,0,0,0,0,TS_NONE,0,0,0,0,0,0,0,TM_NONE,0,WS_NONE,0,TA_SOUTHWEST,0,0,0,0,0
221,78972,46198,0,0,0,0,0,0,0,0,TS_NONE,0,0,0,0,0,0,0,TM_NONE,0,WS_NONE,0,TA_SOUTHWEST,0,0,0,0,0
222,79008,46234,0,0,0,0,0,0,0,0,TS_NONE,0,0,0,0,0,0,0,TM_NONE,0,WS_NONE,0,TA_SOUTHWEST,0,0,0,0,0
223,79044,46270,0,0,0,0,0,0,0,0,TS_NONE,0,0,0,0,0,0,0,TM_NONE,0,WS_NONE,0,TA_SOUTHWEST,0,0,0,0,0
224,79080,46306,0,0,0,0,0,0,0,0,TS_NONE,0,0,0,0,0,0,0,TM_NONE,0,WS_NONE,0,TA_SOUTHWEST,0,0,0,0,0
225,79116,46342,0,0,0,0,0,0,0,0,TS_NONE,0,0,0,0,0,0,0,TM_NONE,0,WS_NONE,0,TA_SOUTHWEST,0,0,0,0,0
226,79152,46378,0,0,0,0,0,0,0,0,TS_NONE,0,0,0,0,0,0,0,TM_NONE,0,WS_NONE,0,TA_SOUTHWEST,0,0,0,0,0
227,79188,46414,0,0,0,0,0,0,0,0,TS_NONE,0,0,0,0,0,0,0,TM_NONE,0,WS_NONE,0,TA_SOUTHWEST,0,0,0,0,0
228,79224,46450,0,0,0,0,0,0,0,0,TS_NONE,0,0,0,0,0,0,0,TM_NONE,0,WS_NONE,0,TA_SOUTHWEST,0,0,0,0,0
229,79260,46486,0,0,0,0,0,0,0,0,TS_NONE,0,0,0,0,0,0,0,TM_NONE,0,WS_NONE,0,TA_SOUTHWEST,0,0,0,0,0
230,79296,46522,0,0,0,0,0,0,0,0,TS_NONE,0,0,0,0,0,0,0,TM_NONE,0,WS_NONE,0,TA_SOUTHWEST,0,0,0,0,0
231,79332,46558,0,0,0,0,0,0,0,0,TS_NONE,0,0,0,0,0,0,0,TM_NONE,0,WS_NONE,0,TA_SOUTHWEST,0,0,0,0,0
232,79368,46594,0,0,0,0,0,0,0,0,TS_NONE,0,0,0,0,0,0,0,TM_NONE,0,WS_NONE,0,TA_SOUTHWEST,0,0,0,0,0
233,79404,46630,0,0,0,0,0,0,0,0,TS_NONE,0,0,0,0,0,0,0,TM_NONE,0,WS_NONE,0,TA_SOUTHWEST,0,0,0,0,0
234,79440,46666,0,0,0,0,0,0,0,0,TS_NONE,0,0,0,0,0,0,0,TM_NONE,0,WS_NONE,0,TA_SOUTHWEST,0,0,0,0,0
235,79476,46702,0,0,0,0,0,0,0,0,TS_NONE,0,0,0,0,0,0,0,TM_NONE,0,WS_NONE,0,TA_SOUTHWEST,0,0,0,0,0
236,79512,46738,0,0,0,0,0,0,0,0,TS_NONE,0,0,0,0,0,0,0,TM_NONE,0,WS_NONE,0,TA_SOUTHWEST,0,0,0,0,0
237,79548,46774,0,0,0,0,0,0,0,0,TS_NONE,0,0,0,0,0,0,0,TM_NONE,0,WS_NONE,0,TA_SOUTHWEST,0,0,0,0,0
238,79584,46810,0,0,0,0,0,0,0,0,TS_NONE,0,0,0,0,0,0,0,TM_NONE,0,WS_NONE,0,TA_SOUTHWEST,0,0,0,0,0
239,79620,46846,0,0,0,0,0,0,0,0,TS_NONE,0,0,0,0,0,0,0,TM_NONE,0,WS_NONE,0,TA_SOUTHWEST,0,0,0,0,0
240,79656,46882,0,0,0,0,0,0,0,0,TS_NONE,0,0,0,0,0,0,0,TM_NONE,0,WS_NONE,0,TA_SOUTHWEST,0,0,0,0,0
241,79692,46918,0,0,0,0,0,0,0,0,TS_NONE,0,0,0,0,0,0,0,TM_NONE,0,WS_NONE,0,TA_SOUTHWEST,0,0,0,0,0
242,79728,46954,0,0,0,0,0,0,0,0,TS_NONE,0,0,0,0,0,0,0,TM_NONE,0,WS_NONE,0,TA_SOUTHWEST,0,0,0,0,0
243,79764,46990,0,0,0,0,0,0,0,0,TS_NONE,0,0,0,0,0,0,0,TM_NONE,0,WS_NONE,0,TA_SOUTHWEST,0,0,0,0,0
244,79800,47026,0,0,0,0,0,0,0,0,TS_NONE,0,0,0,0,0,0,0,TM_NONE,0,WS_NONE,0,TA_SOUTHWEST,0,0,0,0,0
245,79836,47062,0,0,0,0,0,0,0,0,TS_NONE,0,0,0,0,0,0,0,TM_NONE,0,WS_NONE,0,TA_SOUTHWEST,0,0,0,0,0
246,79872,47098,0,0,0,0,0,0,0,0,TS_NONE,0,0,0,0,0,0,0,TM_NONE,0,WS_NONE,0,TA_SOUTHWEST,0,0,0,0,0
247,79908,47134,0,0,0,0,0,0,0,0,TS_NONE,0,0,0,0,0,0,0,TM_NONE,0,WS_NONE,0,TA_SOUTHWEST,0,0,0,0,0
248,79944,47170,0,0,0,0,0,0,0,0,TS_NONE,0,0,0,0,0,0,0,TM_NONE,0,WS_NONE,0,TA_SOUTHWEST,0,0,0,0,0
249,79980,47206,0,0,0,0,0,0,0,0,TS_NONE,0,0,0,0,0,0,0,TM_NONE,0,WS_NONE,0,TA_SOUTHWEST,0,0,0,0,0
250,80016,47242,0,0,0,0,0,0,0,0,TS_NONE,0,0,0,0,0,0,0,TM_NONE,0,WS_NONE,0,TA_SOUTHWEST,0,0,0,0,0
251,80052,47278,0,0,0,0,0,0,0,0,TS_NONE,0,0,0,0,0,0,0,TM_NONE,0,WS_NONE,0,TA_SOUTHWEST,0,0,0,0,0
252,80088,47314,0,0,0,0,0,0,0,0,TS_NONE,0,0,0,0,0,0,0,TM_NONE,0,WS_NONE,0,TA_SOUTHWEST,0,0,0,0,0
253,80124,47350,0,0,0,0,0,0,0,0,TS_NONE,0,0,0,0,0,0,0,TM_NONE,0,WS_NONE,0,TA_SOUTHWEST,0,0,0,0,0
254,80160,47386,0,0,0,0,0,0,0,0,TS_NONE,0,0,0,0,0,0,0,TM_NONE,0,WS_NONE,0,TA_SOUTHWEST,0,0,0,0,0
255,80196,47422,0,0,0,0,0,0,0,0,TS_NONE,0,0,0,0,0,0,0,TM_NONE,0,WS_NONE,0,TA_SOUTHWEST,0,0,0,0,0
256,80232,47458,0,0,0,0,0,0,0,0,TS_NONE,0,0,0,0,0,0,0,TM_NONE,0,WS_NONE,0,TA_SOUTHWEST,0,0,0,0,0
257,80268,47494,0,0,0,0,0,0,0,0,TS_NONE,0,0,0,0,0,0,0,TM_NONE,0,WS_NONE,0,TA_SOUTHWEST,0,0,0,0,0
258,80304,47530,0,0,0,0,0,0,0,0,TS_NONE,0,0,0,0,0,0,0,TM_NONE,0,WS_NONE,0,TA_SOUTHWEST,0,0,0,0,0
259,80340,47566,0,0,0,0,0,0,0,0,TS_NONE,0,0,0,0,0,0,0,TM_NONE,0,WS_NONE,0,TA_SOUTHWEST,0,0,0,0,0
260,80376,47602,0,0,0,0,0,0,0,0,TS_NONE,0,0,0,0,0,0,0,TM_NONE,0,WS_NONE,0,TA_SOUTHWEST,0,0,0,0,0
261,80412,47638,0,0,0,0,0,0,0,0,TS_NONE,0,0,0,0,0,0,0,TM_NONE,0,WS_NONE,0,TA_SOUTHWEST,0,0,0,0,0
262,80448,47674,0,0,0,0,0,0,0,0,TS_NONE,0,0,0,0,0,0,0,TM_NONE,0,WS_NONE,0,TA_SOUTHWEST,0,0,0,0,0
263,80484,47710,0,0,0,0,0,0,0,0,TS_NONE,0,0,0,0,0,0,0,TM_NONE,0,WS_NONE,0,TA_SOUTHWEST,0,0,0,0,0
264,80520,47746,0,0,0,0,0,0,0,0,TS_NONE,0,0,0,0,0,0,0,TM_NONE,0,WS_NONE,0,TA_SOUTHWEST,0,0,0,0,0
265,80556,47782,0,0,0,0,0,0,0,0,TS_NONE,0,0,0,0,0,0,0,TM_NONE,0,WS_NONE,0,TA_SOUTHWEST,0,0,0,0,0
266,80592,47818,0,0,0,0,0,0,0,0,TS_NONE,0,0,0,0,0,0,0,TM_NONE,0,WS_NONE,0,TA_SOUTHWEST,0,0,0,0,0
267,80628,47854,0,0,0,0,0,0,0,0,TS_NONE,0,0,0,0,0,0,0,TM_NONE,0,WS_NONE,0,TA_SOUTHWEST,0,0,0,0,0
268,80664,47890,0,0,0,0,0,0,0,0,TS_NONE,0,0,0,0,0,0,0,TM_NONE,0,WS_NONE,0,TA_SOUTHWEST,0,0,0,0,0
269,80700,47926,0,0,0,0,0,0,0,0,TS_NONE,0,0,0,0,0,0,0,TM_NONE,0,WS_NONE,0,TA_SOUTHWEST,0,0,0,0,0
270,80736,47962,0,0,0,0,0,0,0,0,TS_NONE,0,0,0,0,0,0,0,TM_NONE,0,WS_NONE,0,TA_SOUTHWEST,0,0,0,0,0
271,80772,47998,0,0,0,0,0,0,0,0,TS_NONE,0,0,0,0,0,0,0,TM_NONE,0,WS_NONE,0,TA_SOUTHWEST,0,0,0,0,0
272,80808,48034,0,0,0,0,0,0,0,0,TS_NONE,0,0,0,0,0,0,0,TM_NONE,0,WS_NONE,0,TA_SOUTHWEST,0,0,0,0,0
273,80844,48070,0,0,0,0,0,0,0,0,TS_NONE,0,0,0,0,0,0,0,TM_NONE,0,WS_NONE,0,TA_SOUTHWEST,0,0,0,0,0
274,80880,48106,0,0,0,0,0,0,0,0,TS_NONE,0,0,0,0,0,0,0,TM_NONE,0,WS_NONE,0,TA_SOUTHWEST,0,0,0,0,0
275,80916,48142,0,0,0,0,0,0,0,0,TS_NONE,0,0,0,0,0,0,0,TM_NONE,0,WS_NONE,0,TA_SOUTHWEST,0,0,0,0,0
276,80952,48178,0,0,0,0,0,0,0,0,TS_NONE,0,0,0,0,0,0,0,TM_NONE,0,WS_NONE,0,TA_SOUTHWEST,0,0,0,0,0
277,80988,48214,0,0,0,0,0,0,0,0,TS_NONE,0,0,0,0,0,0,0,TM_NONE,0,WS_NONE,0,TA_SOUTHWEST,0,0,0,0,0
278,81024,48250,0,0,0,0,0,0,0,0,TS_NONE,0,0,0,0,0,0,0,TM_NONE,0,WS_NONE,0,TA_SOUTHWEST,0,0,0,0,0
279,81060,48286,0,0,0,0,0,0,0,0,TS_NONE,0,0,0,0,0,0,0,TM_NONE,0,WS_NONE,0,TA_SOUTHWEST,0,0,0,0,0
280,81096,48322,0,0,0,0,0,0,0,0,TS_NONE,0,0,0,0,0,0,0,TM_NONE,0,WS_NONE,0,TA_SOUTHWEST,0,0,0,0,0
281,81132,48358,0,0,0,0,0,0,0,0,TS_NONE,0,0,0,0,0,0,0,TM_NONE,0,WS_NONE,0,TA_SOUTHWEST,0,0,0,0,0
282,81168,48394,0,0,0,0,0,0,0,0,TS_NONE,0,0,0,0,0,0,0,TM_NONE,0,WS_NONE,0,TA_SOUTHWEST,0,0,0,0,0
283,81204,48430,0,0,0,0,0,0,0,0,TS_NONE,0,0,0,0,0,0,0,TM_NONE,0,WS_NONE,0,TA_SOUTHWEST,0,0,0,0,0
284,81240,48466,0,0,0,0,0,0,0,0,TS_NONE,0,0,0,0,0,0,0,TM_NONE,0,WS_NONE,0,TA_SOUTHWEST,0,0,0,0,0
285,81276,48502,0,0,0,0,0,0,0,0,TS_NONE,0,0,0,0,0,0,0,TM_NONE,0,WS_NONE,0,TA_SOUTHWEST,0,0,0,0,0
286,81312,48538,0,0,0,0,0,0,0,0,TS_NONE,0,0,0,0,0,0,0,TM_NONE,0,WS_NONE,0,TA_SOUTHWEST,0,0,0,0,0
287,81348,48574,0,0,0,0,0,0,0,0,TS_NONE,0,0,0,0,0,0,0,TM_NONE,0,WS_NONE,0,TA_SOUTHWEST,0,0,0,0,0
288,81384,48610,0,0,0,0,0,0,0,0,TS_NONE,0,0,0,0,0,0,0,TM_NONE,0,WS_NONE,0,TA_SOUTHWEST,0,0,0,0,0
289,81420,48646,0,0,0,0,0,0,0,0,TS_NONE,0,0,0,0,0,0,0,TM_NONE,0,WS_NONE,0,TA_SOUTHWEST,0,0,0,0,0
290,81456,48682,0,0,0,0,0,0,0,0,TS_NONE,0,0,0,0,0,0,0,TM_NONE,0,WS_NONE,0,TA_SOUTHWEST,0,0,0,0,0
291,81492,48718,0,0,0,0,0,0,0,0,TS_NONE,0,0,0,0,0,0,0,TM_NONE,0,WS_NONE,0,TA_SOUTHWEST,0,0,0,0,0
292,81528,48754,0,0,0,0,0,0,0,0,TS_NONE,0,0,0,0,0,0,0,TM_NONE,0,WS_NONE,0,TA_SOUTHWEST,0,0,0,0,0
293,81564,48790,0,0,0,0,0,0,0,0,TS_NONE,0,0,0,0,0,0,0,TM_NONE,0,WS_NONE,0,TA_SOUTHWEST,0,0,0,0,0
294,81600,48826,0,0,0,0,0,0,0,0,TS_NONE,0,0,0,0,0,0,0,TM_NONE,0,WS_NONE,0,TA_SOUTHWEST,0,0,0,0,0
295,81636,48862,0,0,0,0,0,0,0,0,TS_NONE,0,0,0,0,0,0,0,TM_NONE,0,WS_NONE,0,TA_SOUTHWEST,0,0,0,0,0
296,81672,48898,0,0,0,0,0,0,0,0,TS_NONE,0,0,0,0,0,0,0,TM_NONE,0,WS_NONE,0,TA_SOUTHWEST,0,0,0,0,0
297,81708,48934,0,0,0,0,0,0,0,0,TS_NONE,0,0,0,0,0,0,0,TM_NONE,0,WS_NONE,0,TA_SOUTHWEST,0,0,0,0,0
298,81744,48970,0,0,0,0,0,0,0,0,TS_NONE,0,0,0,0,0,0,0,TM_NONE,0,WS_NONE,0,TA_SOUTHWEST,0,0,0,0,0
299,81780,49006,0,0,0,0,0,0,0,0,TS_NONE,0,0,0,0,0,0,0,TM_NONE,0,WS_NONE,0,TA_SOUTHWEST,0,0,0,0,0
300,81816,49042,0,0,0,0,0,0,0,0,TS_NONE,0,0,0,0,0,0,0,TM_NONE,0,WS_NONE,0,TA_SOUTHWEST,0,0,0,0,0
301,81852,49078,0,0,0,0,0,0,0,0,TS_NONE,0,0,0,0,0,0,0,TM_NONE,0,WS_NONE,0,TA_SOUTHWEST,0,0,0,0,0
302,81888,49114,0,0,0,0,0,0,0,0,TS_NONE,0,0,0,0,0,0,0,TM_NONE,0,WS_NONE,0,TA_SOUTHWEST,0,0,0,0,0
303,81924,49150,0,0,0,0,0,0,0,0,TS_NONE,0,0,0,0,0,0,0,TM_NONE,0,WS_NONE,0,TA_SOUTHWEST,0,0,0,0,0
304,81960,49186,0,0,0,0,0,0,0,0,TS_NONE,0,0,0,0,0,0,0,TM_NONE,0,WS_NONE,0,TA_SOUTHWEST,0,0,0,0,0
305,81996,49222,0,0,0,0,0,0,0,0,TS_NONE,0,0,0,0,0,0,0,TM_NONE,0,WS_NONE,0,TA_SOUTHWEST,0,0,0,0,0
306,82032,49258,0,0,0,0,0,0,0,0,TS_NONE,0,0,0,0,0,0,0,TM_NONE,0,WS_NONE,0,TA_SOUTHWEST,0,0,0,0,0
307,82068,49294,0,0,0,0,0,0,0,0,TS_NONE,0,0,0,0,0,0,0,TM_NONE,0,WS_NONE,0,TA_SOUTHWEST,0,0,0,0,0
308,82104,49330,0,0,0,0,0,0,0,0,TS_NONE,0,0,0,0,0,0,0,TM_NONE,0,WS_NONE,0,TA_SOUTHWEST,0,0,0,0,0
309,82140,49366,0,0,0,0,0,0,0,0,TS_NONE,0,0,0,0,0,0,0,TM_NONE,0,WS_NONE,0,TA_SOUTHWEST,0,0,0,0,0
310,82176,49402,0,0,0,0,0,0,0,0,TS_NONE,0,0,0,0,0,0,0,TM_NONE,0,WS_NONE,0,TA_SOUTHWEST,0,0,0,0,0
311,82212,49438,0,0,0,0,0,0,0,0,TS_NONE,0,0,0,0,0,0,0,TM_NONE,0,WS_NONE,0,TA_SOUTHWEST,0,0,0,0,0
312,82248,49474,0,0,0,0,0,0,0,0,TS_NONE,0,0,0,0,0,0,0,TM_NONE,0,WS_NONE,0,TA_SOUTHWEST,0,0,0,0,0
313,82284,49510,0,0,0,0,0,0,0,0,TS_NONE,0,0,0,0,0,0,0,TM_NONE,0,WS_NONE,0,TA_SOUTHWEST,0,0,0,0,0
314,82320,49546,0,0,0,0,0,0,0,0,TS_NONE,0,0,0,0,0,0,0,TM_NONE,0,WS_NONE,0,TA_SOUTHWEST,0,0,0,0,0
315,82356,49582,0,0,0,0,0,0,0,0,TS_NONE,0,0,0,0,0,0,0,TM_NONE,0,WS_NONE,0,TA_SOUTHWEST,0,0,0,0,0
316,82392,49618,0,0,0,0,0,0,0,0,TS_NONE,0,0,0,0,0,0,0,TM_NONE,0,WS_NONE,0,TA_SOUTHWEST,0,0,0,0,0
317,82428,49654,0,0,0,0,0,0,0,0,TS_NONE,0,0,0,0,0,0,0,TM_NONE,0,WS_NONE,0,TA_SOUTHWEST,0,0,0,0,0
318,82464,49690,0,0,0,0,0,0,0,0,TS_NONE,0,0,0,0,0,0,0,TM_NONE,0,WS_NONE,0,TA_SOUTHWEST,0,0,0,0,0
319,82500,49726,0,0,0,0,0,0,0,0,TS_NONE,0,0,0,0,0,0,0,TM_NONE,0,WS_NONE,0,TA_SOUTHWEST,0,0,0,0,0
320,82536,49762,0,0,0,0,0,0,0,0,TS_NONE,0,0,0,0,0,0,0,TM_NONE,0,WS_NONE,0,TA_SOUTHWEST,0,0,0,0,0
321,82572,49798,0,0,0,0,0,0,0,0,TS_NONE,0,0,0,0,0,0,0,TM_NONE,0,WS_NONE,0,TA_SOUTHWEST,0,0,0,0,0
322,82608,49834,0,0,0,0,0,0,0,0,TS_NONE,0,0,0,0,0,0,0,TM_NONE,0,WS_NONE,0,TA_SOUTHWEST,0,0,0,0,0
323,82644,49870,0,0,0,0,0,0,0,0,TS_NONE,0,0,0,0,0,0,0,TM_NONE,0,WS_NONE,0,TA_SOUTHWEST,0,0,0,0,0
324,82680,49906,0,0,0,0,0,0,0,0,TS_NONE,0,0,0,0,0,0,0,TM_NONE,0,WS_NONE,0,TA_SOUTHWEST,0,0,0,0,0
325,82716,49942,0,0,0,0,0,0,0,0,TS_NONE,0,0,0,0,0,0,0,TM_NONE,0,WS_NONE,0,TA_SOUTHWEST,0,0,0,0,0
326,82752,49978,0,0,0,0,0,0,0,0,TS_NONE,0,0,0,0,0,0,0,TM_NONE,0,WS_NONE,0,TA_SOUTHWEST,0,0,0,0,0
327,82788,50014,0,0,0,0,0,0,0,0,TS_NONE,0,0,0,0,0,0,0,TM_NONE,0,WS_NONE,0,TA_SOUTHWEST,0,0,0,0,0
328,82824,50050,0,0,0,0,0,0,0,0,TS_NONE,0,0,0,0,0,0,0,TM_NONE,0,WS_NONE,0,TA_SOUTHWEST,0,0,0,0,0
329,82860,50086,0,0,0,0,0,0,0,0,TS_NONE,0,0,0,0,0,0,0,TM_NONE,0,WS_NONE,0,TA_SOUTHWEST,0,0,0,0,0
330,82896,50122,0,0,0,0,0,0,0,0,TS_NONE,0,0,0,0,0,0,0,TM_NONE,0,WS_NONE,0,TA_SOUTHWEST,0,0,0,0,0
331,82932,50158,0,0,0,0,0,0,0,0,TS_NONE,0,0,0,0,0,0,0,TM_NONE,0,WS_NONE,0,TA_SOUTHWEST,0,0,0,0,0
332,82968,50194,0,0,0,0,0,0,0,0,TS_NONE,0,0,0,0,0,0,0,TM_NONE,0,WS_NONE,0,TA_SOUTHWEST,0,0,0,0,0
333,83004,50230,0,0,0,0,0,0,0,0,TS_NONE,0,0,0,0,0,0,0,TM_NONE,0,WS_NONE,0,TA_SOUTHWEST,0,0,0,0,0
334,83040,50266,0,0,0,0,0,0,0,0,TS_NONE,0,0,0,0,0,0,0,TM_NONE,0,WS_NONE,0,TA_SOUTHWEST,0,0,0,0,0
335,83076,50302,0,0,0,0,0,0,0,0,TS_NONE,0,0,0,0,0,0,0,TM_NONE,0,WS_NONE,0,TA_SOUTHWEST,0,0,0,0,0
336,83112,50338,0,0,0,0,0,0,0,0,TS_NONE,0,0,0,0,0,0,0,TM_NONE,0,WS_NONE,0,TA_SOUTHWEST,0,0,0,0,0
337,83148,50374,0,0,0,0,0,0,0,0,TS_NONE,0,0,0,0,0,0,0,TM_NONE,0,WS_NONE,0,TA_SOUTHWEST,0,0,0,0,0
338,83184,50410,0,0,0,0,0,0,0,0,TS_NONE,0,0,0,0,0,0,0,TM_NONE,0,WS_NONE,0,TA_SOUTHWEST,0,0,0,0,0
339,83220,50446,0,0,0,0,0,0,0,0,TS_NONE,0,0,0,0,0,0,0,TM_NONE,0,WS_NONE,0,TA_SOUTHWEST,0,0,0,0,0
340,83256,50482,0,0,0,0,0,0,0,0,TS_NONE,0,0,0,0,0,0,0,TM_NONE,0,WS_NONE,0,TA_SOUTHWEST,0,0,0,0,0
341,83292,50518,0,0,0,0,0,0,0,0,TS_NONE,0,0,0,0,0,0,0,TM_NONE,0,WS_NONE,0,TA_SOUTHWEST,0,0,0,0,0
342,83328,50554,0,0,0,0,0,0,0,0,TS_NONE,0,0,0,0,0,0,0,TM_NONE,0,WS_NONE,0,TA_SOUTHWEST,0,0,0,0,0
343,83364,50590,0,0,0,0,0,0,0,0,TS_NONE,0,0,0,0,0,0,0,TM_NONE,0,WS_NONE,0,TA_SOUTHWEST,0,0,0,0,0
344,83400,50626,0,0,0,0,0,0,0,0,TS_NONE,0,0,0,0,0,0,0,TM_NONE,0,WS_NONE,0,TA_SOUTHWEST,0,0,0,0,0
345,83436,50662,0,0,0,0,0,0,0,0,TS_NONE,0,0,0,0,0,0,0,TM_NONE,0,WS_NONE,0,TA_SOUTHWEST,0,0,0,0,0
346,83472,50698,0,0,0,0,0,0,0,0,TS_NONE,0,0,0,0,0,0,0,TM_NONE,0,WS_NONE,0,TA_SOUTHWEST,0,0,0,0,0
347,83508,50734,0,0,0,0,0,0,0,0,TS_NONE,0,0,0,0,0,0,0,TM_NONE,0,WS_NONE,0,TA_SOUTHWEST,0,0,0,0,0
348,83544,50770,0,0,0,0,0,0,0,0,TS_NONE,0,0,0,0,0,0,0,TM_NONE,0,WS_NONE,0,TA_SOUTHWEST,0,0,0,0,0
349,83580,50806,0,0,0,0,0,0,0,0,TS_NONE,0,0,0,0,0,0,0,TM_NONE,0,WS_NONE,0,TA_SOUTHWEST,0,0,0,0,0
350,83616,50842,0,0,0,0,0,0,0,0,TS_NONE,0,0,0,0,0,0,0,TM_NONE,0,WS_NONE,0,TA_SOUTHWEST,0,0,0,0,0
351,83652,50878,0,0,0,0,0,0,0,0,TS_NONE,0,0,0,0,0,0,0,TM_NONE,0,WS_NONE,0,TA_SOUTHWEST,0,0,0,0,0
352,83688,50914,0,0,0,0,0,0,0,0,TS_NONE,0,0,0,0,0,0,0,TM_NONE,0,WS_NONE,0,TA_SOUTHWEST,0,0,0,0,0
353,83724,50950,0,0,0,0,0,0,0,0,TS_NONE,0,0,0,0,0,0,0,TM_NONE,0,WS_NONE,0,TA_SOUTHWEST,0,0,0,0,0
354,83760,50986,0,0,0,0,0,0,0,0,TS_NONE,0,0,0,0,0,0,0,TM_NONE,0,WS_NONE,0,TA_SOUTHWEST,0,0,0,0,0
355,83796,51022,0,0,0,0,0,0,0,0,TS_NONE,0,0,0,0,0,0,0,TM_NONE,0,WS_NONE,0,TA_SOUTHWEST,0,0,0,0,0
356,83832,51058,0,0,0,0,0,0,0,0,TS_NONE,0,0,0,0,0,0,0,TM_NONE,0,WS_NONE,0,TA_SOUTHWEST,0,0,0,0,0
357,83868,51094,0,0,0,0,0,0,0,0,TS_NONE,0,0,0,0,0,0,0,TM_NONE,0,WS_NONE,0,TA_SOUTHWEST,0,0,0,0,0
358,83904,51130,0,0,0,0,0,0,0,0,TS_NONE,0,0,0,0,0,0,0,TM_NONE,0,WS_NONE,0,TA_SOUTHWEST,0,0,0,0,0
359,83940,51166,0,0,0,0,0,0,0,0,TS_NONE,0,0,0,0,0,0,0,TM_NONE,0,WS_NONE,0,TA_SOUTHWEST,0,0,0,0,0
360,83976,51202,0,0,0,0,0,0,0,0,TS_NONE,0,0,0,0,0,0,0,TM_NONE,0,WS_NONE,0,TA_SOUTHWEST,0,0,0,0,0
361,84012,51238,0,0,0,0,0,0,0,0,TS_NONE,0,0,0,0,0,0,0,TM_NONE,0,WS_NONE,0,TA_SOUTHWEST,0,0,0,0,0
362,84048,51274,0,0,0,0,0,0,0,0,TS_NONE,0,0,0,0,0,0,0,TM_NONE,0,WS_NONE,0,TA_SOUTHWEST,0,0,0,0,0
363,84084,51310,0,0,0,0,0,0,0,0,TS_NONE,0,0,0,0,0,0,0,TM_NONE,0,WS_NONE,0,TA_SOUTHWEST,0,0,0,0,0
364,84120,51346,0,0,0,0,0,0,0,0,TS_NONE,0,0,0,0,0,0,0,TM_NONE,0,WS_NONE,0,TA_SOUTHWEST,0,0,0,0,0
365,84156,51382,0,0,0,0,0,0,0,0,TS_NONE,0,0,0,0,0,0,0,TM_NONE,0,WS_NONE,0,TA_SOUTHWEST,0,0,0,0,0
366,84192,51418,0,0,0,0,0,0,0,0,TS_NONE,0,0,0,0,0,0,0,TM_NONE,0,WS_NONE,0,TA_SOUTHWEST,0,0,0,0,0
367,84228,51454,0,0,0,0,0,0,0,0,TS_NONE,0,0,0,0,0,0,0,TM_NONE,0,WS_NONE,0,TA_SOUTHWEST,0,0,0,0,0
368,84264,51490,0,0,0,0,0,0,0,0,TS_NONE,0,0,0,0,0,0,0,TM_NONE,0,WS_NONE,0,TA_SOUTHWEST,0,0,0,0,0
369,84300,51526,0,0,0,0,0,0,0,0,TS_NONE,0,0,0,0,0,0,0,TM_NONE,0,WS_NONE,0,TA_SOUTHWEST,0,0,0,0,0
370,84336,51562,0,0,0,0,0,0,0,0,TS_NONE,0,0,0,0,0,0,0,TM_NONE,0,WS_NONE,0,TA_SOUTHWEST,0,0,0,0,0
371,84372,51598,0,0,0,0,0,0,0,0,TS_NONE,0,0,0,0,0,0,0,TM_NONE,0,WS_NONE,0,TA_SOUTHWEST,0,0,0,0,0
372,84408,51634,0,0,0,0,0,0,0,0,TS_NONE,0,0,0,0,0,0,0,TM_NONE,0,WS_NONE,0,TA_SOUTHWEST,0,0,0,0,0
373,84444,51670,0,0,0,0,0,0,0,0,TS_NONE,0,0,0,0,0,0,0,TM_NONE,0,WS_NONE,0,TA_SOUTHWEST,0,0,0,0,0
374,84480,51706,0,0,0,0,0,0,0,0,TS_NONE,0,0,0,0,0,0,0,TM_NONE,0,WS_NONE,0,TA_SOUTHWEST,0,0,0,0,0
375,84516,51742,0,0,0,0,0,0,0,0,TS_NONE,0,0,0,0,0,0,0,TM_NONE,0,WS_NONE,0,TA_SOUTHWEST,0,0,0,0,0
376,84552,51778,0,0,0,0,0,0,0,0,TS_NONE,0,0,0,0,0,0,0,TM_NONE,0,WS_NONE,0,TA_SOUTHWEST,0,0,0,0,0
377,84588,51814,0,0,0,0,0,0,0,0,TS_NONE,0,0,0,0,0,0,0,TM_NONE,0,WS_NONE,0,TA_SOUTHWEST,0,0,0,0,0
378,84624,51850,0,0,0,0,0,0,0,0,TS_NONE,0,0,0,0,0,0,0,TM_NONE,0,WS_NONE,0,TA_SOUTHWEST,0,0,0,0,0
379,84660,51886,0,0,0,0,0,0,0,0,TS_NONE,0,0,0,0,0,0,0,TM_NONE,0,WS_NONE,0,TA_SOUTHWEST,0,0,0,0,0
380,84696,51922,0,0,0,0,0,0,0,0,TS_NONE,0,0,0,0,0,0,0,TM_NONE,0,WS_NONE,0,TA_SOUTHWEST,0,0,0,0,0
381,84732,51958,0,0,0,0,0,0,0,0,TS_NONE,0,0,0,0,0,0,0,TM_NONE,0,WS_NONE,0,TA_SOUTHWEST,0,0,0,0,0
382,84768,51994,0,0,0,0,0,0,0,0,TS_NONE,0,0,0,0,0,0,0,TM_NONE,0,WS_NONE,0,TA_SOUTHWEST,0,0,0,0,0
383,84804,52030,0,0,0,0,0,0,0,0,TS_NONE,0,0,0,0,0,0,0,TM_NONE,0,WS_NONE,0,TA_SOUTHWEST,0,0,0,0,0
384,84840,52066,0,0,0,0,0,0,0,0,TS_NONE,0,0,0,0,0,0,0,TM_NONE,0,WS_NONE,0,TA_SOUTHWEST,0,0,0,0,0
385,84876,52102,0,0,0,0,0,0,0,0,TS_NONE,0,0,0,0,0,0,0,TM_NONE,0,WS_NONE,0,TA_SOUTHWEST,0,0,0,0,0
386,84912,52138,0,0,0,0,0,0,0,0,TS_NONE,0,0,0,0,0,0,0,TM_NONE,0,WS_NONE,0,TA_SOUTHWEST,0,0,0,0,0
387,84948,52174,0,0,0,0,0,0,0,0,TS_NONE,0,0,0,0,0,0,0,TM_NONE,0,WS_NONE,0,TA_SOUTHWEST,0,0,0,0,0
388,84984,52210,0,0,0,0,0,0,0,0,TS_NONE,0,0,0,0,0,0,0,TM_NONE,0,WS_NONE,0,TA_SOUTHWEST,0,0,0,0,0
389,85020,52246,0,0,0,0,0,0,0,0,TS_NONE,0,0,0,0,0,0,0,TM_NONE,0,WS_NONE,0,TA_SOUTHWEST,0,0,0,0,0
390,85056,52282,0,0,0,0,0,0,0,0,TS_NONE,0,0,0,0,0,0,0,TM_NONE,0,WS_NONE,0,TA_SOUTHWEST,0,0,0,0,0
391,85092,52318,0,0,0,0,0,0,0,0,TS_NONE,0,0,0,0,0,0,0,TM_NONE,0,WS_NONE,0,TA_SOUTHWEST,0,0,0,0,0
392,85128,52354,0,0,0,0,0,0,0,0,TS_NONE,0,0,0,0,0,0,0,TM_NONE,0,WS_NONE,0,TA_SOUTHWEST,0,0,0,0,0
393,85164,52390,0,0,0,0,0,0,0,0,TS_NONE,0,0,0,0,0,0,0,TM_NONE,0,WS_NONE,0,TA_SOUTHWEST,0,0,0,0,0
394,85200,52426,0,0,0,0,0,0,0,0,TS_NONE,0,0,0,0,0,0,0,TM_NONE,0,WS_NONE,0,TA_SOUTHWEST,0,0,0,0,0
395,85236,52462,0,0,0,0,0,0,0,0,TS_NONE,0,0,0,0,0,0,0,TM_NONE,0,WS_NONE,0,TA_SOUTHWEST,0,0,0,0,0
396,85272,52498,0,0,0,0,0,0,0,0,TS_NONE,0,0,0,0,0,0,0,TM_NONE,0,WS_NONE,0,TA_SOUTHWEST,0,0,0,0,0
397,85308,52534,0,0,0,0,0,0,0,0,TS_NONE,0,0,0,0,0,0,0,TM_NONE,0,WS_NONE,0,TA_SOUTHWEST,0,0,0,0,0
398,85344,52570,0,0,0,0,0,0,0,0,TS_NONE,0,0,0,0,0,0,0,TM_NONE,0,WS_NONE,0,TA_SOUTHWEST,0,0,0,0,0
399,85380,52606,0,0,0,0,0,0,0,0,TS_NONE,0,0,0,0,0,0,0,TM_NONE,0,WS_NONE,0,TA_SOUTHWEST,0,0,0,0,0
400,85416,52642,0,0,0,0,0,0,0,0,TS_NONE,0,0,0,0,0,0,0,TM_NONE,0,WS_NONE,0,TA_SOUTHWEST,0,0,0,0,0
401,85452,52678,0,0,0,0,0,0,0,0,TS_NONE,0,0,0,0,0,0,0,TM_NONE,0,WS_NONE,0,TA_SOUTHWEST,0,0,0,0,0
402,85488,52714,0,0,0,0,0,0,0,0,TS_NONE,0,0,0,0,0,0,0,TM_NONE,0,WS_NONE,0,TA_SOUTHWEST,0,0,0,0,0
403,85524,52750,0,0,0,0,0,0,0,0,TS_NONE,0,0,0,0,0,0,0,TM_NONE,0,WS_NONE,0,TA_SOUTHWEST,0,0,0,0,0
404,85560,52786,0,0,0,0,0,0,0,0,TS_NONE,0,0,0,0,0,0,0,TM_NONE,0,WS_NONE,0,TA_SOUTHWEST,0,0,0,0,0
405,85596,52822,0,0,0,0,0,0,0,0,TS_NONE,0,0,0,0,0,0,0,TM_NONE,0,WS_NONE,0,TA_SOUTHWEST,0,0,0,0,0
406,85632,52858,0,0,0,0,0,0,0,0,TS_NONE,0,0,0,0,0,0,0,TM_NONE,0,WS_NONE,0,TA_SOUTHWEST,0,0,0,0,0
407,85668,52894,0,0,0,0,0,0,0,0,TS_NONE,0,0,0,0,0,0,0,TM_NONE,0,WS_NONE,0,TA_SOUTHWEST,0,0,0,0,0
408,85704,52930,0,0,0,0,0,0,0,0,TS_NONE,0,0,0,0,0,0,0,TM_NONE,0,WS_NONE,0,TA_SOUTHWEST,0,0,0,0,0
409,85740,52966,0,0,0,0,0,0,0,0,TS_NONE,0,0,0,0,0,0,0,TM_NONE,0,WS_NONE,0,TA_SOUTHWEST,0,0,0,0,0
410,85776,53002,0,0,0,0,0,0,0,0,TS_NONE,0,0,0,0,0,0,0,TM_NONE,0,WS_NONE,0,TA_SOUTHWEST,0,0,0,0,0
411,85812,53038,0,0,0,0,0,0,0,0,TS_NONE,0,0,0,0,0,0,0,TM_NONE,0,WS_NONE,0,TA_SOUTHWEST,0,0,0,0,0
412,85848,53074,0,0,0,0,0,0,0,0,TS_NONE,0,0,0,0,0,0,0,TM_NONE,0,WS_NONE,0,TA_SOUTHWEST,0,0,0,0,0
413,85884,53110,0,0,0,0,0,0,0,0,TS_NONE,0,0,0,0,0,0,0,TM_NONE,0,WS_NONE,0,TA_SOUTHWEST,0,0,0,0,0
414,85920,53146,0,0,0,0,0,0,0,0,TS_NONE,0,0,0,0,0,0,0,TM_NONE,0,WS_NONE,0,TA_SOUTHWEST,0,0,0,0,0
415,85956,53182,0,0,0,0,0,0,0,0,TS_NONE,0,0,0,0,0,0,0,TM_NONE,0,WS_NONE,0,TA_SOUTHWEST,0,0,0,0,0
416,85992,53218,0,0,0,0,0,0,0,0,TS_NONE,0,0,0,0,0,0,0,TM_NONE,0,WS_NONE,0,TA_SOUTHWEST,0,0,0,0,0
417,86028,53254,0,0,0,0,0,0,0,0,TS_NONE,0,0,0,0,0,0,0,TM_NONE,0,WS_NONE,0,TA_SOUTHWEST,0,0,0,0,0
418,86064,53290,0,0,0,0,0,0,0,0,TS_NONE,0,0,0,0,0,0,0,TM_NONE,0,WS_NONE,0,TA_SOUTHWEST,0,0,0,0,0
419,86100,53326,0,0,0,0,0,0,0,0,TS_NONE,0,0,0,0,0,0,0,TM_NONE,0,WS_NONE,0,TA_SOUTHWEST,0,0,0,0,0
420,86136,53362,0,0,0,0,0,0,0,0,TS_NONE,0,0,0,0,0,0,0,TM_NONE,0,WS_NONE,0,TA_SOUTHWEST,0,0,0,0,0
421,86172,53398,0,0,0,0,0,0,0,0,TS_NONE,0,0,0,0,0,0,0,TM_NONE,0,WS_NONE,0,TA_SOUTHWEST,0,0,0,0,0
422,86208,53434,0,0,0,0,0,0,0,0,TS_NONE,0,0,0,0,0,0,0,TM_NONE,0,WS_NONE,0,TA_SOUTHWEST,0,0,0,0,0
423,86244,53470,0,0,0,0,0,0,0,0,TS_NONE,0,0,0,0,0,0,0,TM_NONE,0,WS_NONE,0,TA_SOUTHWEST,0,0,0,0,0
424,86280,53506,0,0,0,0,0,0,0,0,TS_NONE,0,0,0,0,0,0,0,TM_NONE,0,WS_NONE,0,TA_SOUTHWEST,0,0,0,0,0
425,86316,53542,0,0,0,0,0,0,0,0,TS_NONE,0,0,0,0,0,0,0,TM_NONE,0,WS_NONE,0,TA_SOUTHWEST,0,0,0,0,0
426,86352,53578,0,0,0,0,0,0,0,0,TS_NONE,0,0,0,0,0,0,0,TM_NONE,0,WS_NONE,0,TA_SOUTHWEST,0,0,0,0,0
427,86388,53614,0,0,0,0,0,0,0,0,TS_NONE,0,0,0,0,0,0,0,TM_NONE,0,WS_NONE,0,TA_SOUTHWEST,0,0,0,0,0
428,86424,53650,0,0,0,0,0,0,0,0,TS_NONE,0,0,0,0,0,0,0,TM_NONE,0,WS_NONE,0,TA_SOUTHWEST,0,0,0,0,0
429,86460,53686,0,0,0,0,0,0,0,0,TS_NONE,0,0,0,0,0,0,0,TM_NONE,0,WS_NONE,0,TA_SOUTHWEST,0,0,0,0,0
430,86496,53722,0,0,0,0,0,0,0,0,TS_NONE,0,0,0,0,0,0,0,TM_NONE,0,WS_NONE,0,TA_SOUTHWEST,0,0,0,0,0
431,86532,53758,0,0,0,0,0,0,0,0,TS_NONE,0,0,0,0,0,0,0,TM_NONE,0,WS_NONE,0,TA_SOUTHWEST,0,0,0,0,0
432,86568,53794,0,0,0,0,0,0,0,0,TS_NONE,0,0,0,0,0,0,0,TM_NONE,0,WS_NONE,0,TA_SOUTHWEST,0,0,0,0,0
433,86604,53830,0,0,0,0,0,0,0,0,TS_NONE,0,0,0,0,0,0,0,TM_NONE,0,WS_NONE,0,TA_SOUTHWEST,0,0,0,0,0
434,86640,53866,0,0,0,0,0,0,0,0,TS_NONE,0,0,0,0,0,0,0,TM_NONE,0,WS_NONE,0,TA_SOUTHWEST,0,0,0,0,0
435,86676,53902,0,0,0,0,0,0,0,0,TS_NONE,0,0,0,0,0,0,0,TM_NONE,0,WS_NONE,0,TA_SOUTHWEST,0,0,0,0,0
436,86712,53938,0,0,0,0,0,0,0,0,TS_NONE,0,0,0,0,0,0,0,TM_NONE,0,WS_NONE,0,TA_SOUTHWEST,0,0,0,0,0
437,86748,53974,0,0,0,0,0,0,0,0,TS_NONE,0,0,0,0,0,0,0,TM_NONE,0,WS_NONE,0,TA_SOUTHWEST,0,0,0,0,0
438,86784,54010,0,0,0,0,0,0,0,0,TS_NONE,0,0,0,0,0,0,0,TM_NONE,0,WS_NONE,0,TA_SOUTHWEST,0,0,0,0,0
439,86820,54046,0,0,0,0,0,0,0,0,TS_NONE,0,0,0,0,0,0,0,TM_NONE,0,WS_NONE,0,TA_SOUTHWEST,0,0,0,0,0
440,86856,54082,0,0,0,0,0,0,0,0,TS_NONE,0,0,0,0,0,0,0,TM_NONE,0,WS_NONE,0,TA_SOUTHWEST,0,0,0,0,0
441,86892,54118,0,0,0,0,0,0,0,0,TS_NONE,0,0,0,0,0,0,0,TM_NONE,0,WS_NONE,0,TA_SOUTHWEST,0,0,0,0,0
442,86928,54154,0,0,0,0,0,0,0,0,TS_NONE,0,0,0,0,0,0,0,TM_NONE,0,WS_NONE,0,TA_SOUTHWEST,0,0,0,0,0
443,86964,54190,0,0,0,0,0,0,0,0,TS_NONE,0,0,0,0,0,0,0,TM_NONE,0,WS_NONE,0,TA_SOUTHWEST,0,0,0,0,0
444,87000,54226,0,0,0,0,0,0,0,0,TS_NONE,0,0,0,0,0,0,0,TM_NONE,0,WS_NONE,0,TA_SOUTHWEST,0,0,0,0,0
445,87036,54262,0,0,0,0,0,0,0,0,TS_NONE,0,0,0,0,0,0,0,TM_NONE,0,WS_NONE,0,TA_SOUTHWEST,0,0,0,0,0
446,87072,54298,0,0,0,0,0,0,0,0,TS_NONE,0,0,0,0,0,0,0,TM_NONE,0,WS_NONE,0,TA_SOUTHWEST,0,0,0,0,0
447,87108,54334,0,0,0,0,0,0,0,0,TS_NONE,0,0,0,0,0,0,0,TM_NONE,0,WS_NONE,0,TA_SOUTHWEST,0,0,0,0,0
448,87144,54370,0,0,0,0,0,0,0,0,TS_NONE,0,0,0,0,0,0,0,TM_NONE,0,WS_NONE,0,TA_SOUTHWEST,0,0,0,0,0
449,87180,54406,0,0,0,0,0,0,0,0,TS_NONE,0,0,0,0,0,0,0,TM_NONE,0,WS_NONE,0,TA_SOUTHWEST,0,0,0,0,0
450,87216,54442,0,0,0,0,0,0,0,0,TS_NONE,0,0,0,0,0,0,0,TM_NONE,0,WS_NONE,0,TA_SOUTHWEST,0,0,0,0,0
451,87252,54478,0,0,0,0,0,0,0,0,TS_NONE,0,0,0,0,0,0,0,TM_NONE,0,WS_NONE,0,TA_SOUTHWEST,0,0,0,0,0
452,87288,54514,0,0,0,0,0,0,0,0,TS_NONE,0,0,0,0,0,0,0,TM_NONE,0,WS_NONE,0,TA_SOUTHWEST,0,0,0,0,0
453,87324,54550,0,0,0,0,0,0,0,0,TS_NONE,0,0,0,0,0,0,0,TM_NONE,0,WS_NONE,0,TA_SOUTHWEST,0,0,0,0,0
454,87360,54586,0,0,0,0,0,0,0,0,TS_NONE,0,0,0,0,0,0,0,TM_NONE,0,WS_NONE,0,TA_SOUTHWEST,0,0,0,0,0
455,87396,54622,0,0,0,0,0,0,0,0,TS_NONE,0,0,0,0,0,0,0,TM_NONE,0,WS_NONE,0,TA_SOUTHWEST,0,0,0,0,0
456,87432,54658,0,0,0,0,0,0,0,0,TS_NONE,0,0,0,0,0,0,0,TM_NONE,0,WS_NONE,0,TA_SOUTHWEST,0,0,0,0,0
457,87468,54694,0,0,0,0,0,0,0,0,TS_NONE,0,0,0,0,0,0,0,TM_NONE,0,WS_NONE,0,TA_SOUTHWEST,0,0,0,0,0
458,87504,54730,0,0,0,0,0,0,0,0,TS_NONE,0,0,0,0,0,0,0,TM_NONE,0,WS_NONE,0,TA_SOUTHWEST,0,0,0,0,0
459,87540,54766,0,0,0,0,0,0,0,0,TS_NONE,0,0,0,0,0,0,0,TM_NONE,0,WS_NONE,0,TA_SOUTHWEST,0,0,0,0,0
460,87576,54802,0,0,0,0,0,0,0,0,TS_NONE,0,0,0,0,0,0,0,TM_NONE,0,WS_NONE,0,TA_SOUTHWEST,0,0,0,0,0
461,87612,54838,0,0,0,0,0,0,0,0,TS_NONE,0,0,0,0,0,0,0,TM_NONE,0,WS_NONE,0,TA_SOUTHWEST,0,0,0,0,0
462,87648,54874,0,0,0,0,0,0,0,0,TS_NONE,0,0,0,0,0,0,0,TM_NONE,0,WS_NONE,0,TA_SOUTHWEST,0,0,0,0,0
463,87684,54910,0,0,0,0,0,0,0,0,TS_NONE,0,0,0,0,0,0,0,TM_NONE,0,WS_NONE,0,TA_SOUTHWEST,0,0,0,0,0
464,87720,54946,0,0,0,0,0,0,0,0,TS_NONE,0,0,0,0,0,0,0,TM_NONE,0,WS_NONE,0,TA_SOUTHWEST,0,0,0,0,0
465,87756,54982,0,0,0,0,0,0,0,0,TS_NONE,0,0,0,0,0,0,0,TM_NONE,0,WS_NONE,0,TA_SOUTHWEST,0,0,0,0,0
466,87792,55018,0,0,0,0,0,0,0,0,TS_NONE,0,0,0,0,0,0,0,TM_NONE,0,WS_NONE,0,TA_SOUTHWEST,0,0,0,0,0
467,87828,55054,0,0,0,0,0,0,0,0,TS_NONE,0,0,0,0,0,0,0,TM_NONE,0,WS_NONE,0,TA_SOUTHWEST,0,0,0,0,0
468,87864,55090,0,0,0,0,0,0,0,0,TS_NONE,0,0,0,0,0,0,0,TM_NONE,0,WS_NONE,0,TA_SOUTHWEST,0,0,0,0,0
469,87900,55126,0,0,0,0,0,0,0,0,TS_NONE,0,0,0,0,0,0,0,TM_NONE,0,WS_NONE,0,TA_SOUTHWEST,0,0,0,0,0
470,87936,55162,0,0,0,0,0,0,0,0,TS_NONE,0,0,0,0,0,0,0,TM_NONE,0,WS_NONE,0,TA_SOUTHWEST,0,0,0,0,0
471,87972,55198,0,0,0,0,0,0,0,0,TS_NONE,0,0,0,0,0,0,0,TM_NONE,0,WS_NONE,0,TA_SOUTHWEST,0,0,0,0,0
472,88008,55234,0,0,0,0,0,0,0,0,TS_NONE,0,0,0,0,0,0,0,TM_NONE,0,WS_NONE,0,TA_SOUTHWEST,0,0,0,0,0
473,88044,55270,0,0,0,0,0,0,0,0,TS_NONE,0,0,0,0,0,0,0,TM_NONE,0,WS_NONE,0,TA_SOUTHWEST,0,0,0,0,0
474,88080,55306,0,0,0,0,0,0,0,0,TS_NONE,0,0,0,0,0,0,0,TM_NONE,0,WS_NONE,0,TA_SOUTHWEST,0,0,0,0,0
475,88116,55342,0,0,0,0,0,0,0,0,TS_NONE,0,0,0,0,0,0,0,TM_NONE,0,WS_NONE,0,TA_SOUTHWEST,0,0,0,0,0
476,88152,55378,0,0,0,0,0,0,0,0,TS_NONE,0,0,0,0,0,0,0,TM_NONE,0,WS_NONE,0,TA_SOUTHWEST,0,0,0,0,0
477,88188,55414,0,0,0,0,0,0,0,0,TS_NONE,0,0,0,0,0,0,0,TM_NONE,0,WS_NONE,0,TA_SOUTHWEST,0,0,0,0,0
478,88224,55450,0,0,0,0,0,0,0,0,TS_NONE,0,0,0,0,0,0,0,TM_NONE,0,WS_NONE,0,TA_SOUTHWEST,0,0,0,0,0
479,88260,55486,0,0,0,0,0,0,0,0,TS_NONE,0,0,0,0,0,0,0,TM_NONE,0,WS_NONE,0,TA_SOUTHWEST,0,0,0,0,0
480,88296,55522,0,0,0,0,0,0,0,0,TS_NONE,0,0,0,0,0,0,0,TM_NONE,0,WS_NONE,0,TA_SOUTHWEST,0,0,0,0,0
481,88332,55558,0,0,0,0,0,0,0,0,TS_NONE,0,0,0,0,0,0,0,TM_NONE,0,WS_NONE,0,TA_SOUTHWEST,0,0,0,0,0
482,88368,55594,0,0,0,0,0,0,0,0,TS_NONE,0,0,0,0,0,0,0,TM_NONE,0,WS_NONE,0,TA_SOUTHWEST,0,0,0,0,0
483,88404,55630,0,0,0,0,0,0,0,0,TS_NONE,0,0,0,0,0,0,0,TM_NONE,0,WS_NONE,0,TA_SOUTHWEST,0,0,0,0,0
484,88440,55666,0,0,0,0,0,0,0,0,TS_NONE,0,0,0,0,0,0,0,TM_NONE,0,WS_NONE,0,TA_SOUTHWEST,0,0,0,0,0
485,88476,55702,0,0,0,0,0,0,0,0,TS_NONE,0,0,0,0,0,0,0,TM_NONE,0,WS_NONE,0,TA_SOUTHWEST,0,0,0,0,0
486,88512,55738,0,0,0,0,0,0,0,0,TS_NONE,0,0,0,0,0,0,0,TM_NONE,0,WS_NONE,0,TA_SOUTHWEST,0,0,0,0,0
487,88548,55774,0,0,0,0,0,0,0,0,TS_NONE,0,0,0,0,0,0,0,TM_NONE,0,WS_NONE,0,TA_SOUTHWEST,0,0,0,0,0
488,88584,55810,0,0,0,0,0,0,0,0,TS_NONE,0,0,0,0,0,0,0,TM_NONE,0,WS_NONE,0,TA_SOUTHWEST,0,0,0,0,0
489,88620,55846,0,0,0,0,0,0,0,0,TS_NONE,0,0,0,0,0,0,0,TM_NONE,0,WS_NONE,0,TA_SOUTHWEST,0,0,0,0,0
490,88656,55882,0,0,0,0,0,0,0,0,TS_NONE,0,0,0,0,0,0,0,TM_NONE,0,WS_NONE,0,TA_SOUTHWEST,0,0,0,0,0
491,88692,55918,0,0,0,0,0,0,0,0,TS_NONE,0,0,0,0,0,0,0,TM_NONE,0,WS_NONE,0,TA_SOUTHWEST,0,0,0,0,0
492,88728,55954,0,0,0,0,0,0,0,0,TS_NONE,0,0,0,0,0,0,0,TM_NONE,0,WS_NONE,0,TA_SOUTHWEST,0,0,0,0,0
493,88764,55990,0,0,0,0,0,0,0,0,TS_NONE,0,0,0,0,0,0,0,TM_NONE,0,WS_NONE,0,TA_SOUTHWEST,0,0,0,0,0
494,88800,56026,0,0,0,0,0,0,0,0,TS_NONE,0,0,0,0,0,0,0,TM_NONE,0,WS_NONE,0,TA_SOUTHWEST,0,0,0,0,0
495,88836,56062,0,0,0,0,0,0,0,0,TS_NONE,0,0,0,0,0,0,0,TM_NONE,0,WS_NONE,0,TA_SOUTHWEST,0,0,0,0,0
496,88872,56098,0,0,0,0,0,0,0,0,TS_NONE,0,0,0,0,0,0,0,TM_NONE,0,WS_NONE,0,TA_SOUTHWEST,0,0,0,0,0
497,88908,56134,0,0,0,0,0,0,0,0,TS_NONE,0,0,0,0,0,0,0,TM_NONE,0,WS_NONE,0,TA_SOUTHWEST,0,0,0,0,0
498,88944,56170,0,0,0,0,0,0,0,0,TS_NONE,0,0,0,0,0,0,0,TM_NONE,0,WS_NONE,0,TA_SOUTHWEST,0,0,0,0,0
499,88980,56206,0,0,0,0,0,0,0,0,TS_NONE,0,0,0,0,0,0,0,TM_NONE,0,WS_NONE,0,TA_SOUTHWEST,0,0,0,0,0
500,89016,56242,0,0,0,0,0,0,0,0,TS_NONE,0,0,0,0,0,0,0,TM_NONE,0,WS_NONE,0,TA_SOUTHWEST,0,0,0,0,0
501,89052,56278,0,0,0,0,0,0,0,0,TS_NONE,0,0,0,0,0,0,0,TM_NONE,0,WS_NONE,0,TA_SOUTHWEST,0,0,0,0,0
502,89088,56314,0,0,0,0,0,0,0,0,TS_NONE,0,0,0,0,0,0,0,TM_NONE,0,WS_NONE,0,TA_SOUTHWEST,0,0,0,0,0
503,89124,56350,0,0,0,0,0,0,0,0,TS_NONE,0,0,0,0,0,0,0,TM_NONE,0,WS_NONE,0,TA_SOUTHWEST,0,0,0,0,0
504,89160,56386,0,0,0,0,0,0,0,0,TS_NONE,0,0,0,0,0,0,0,TM_NONE,0,WS_NONE,0,TA_SOUTHWEST,0,0,0,0,0
505,89196,56422,0,0,0,0,0,0,0,0,TS_NONE,0,0,0,0,0,0,0,TM_NONE,0,WS_NONE,0,TA_SOUTHWEST,0,0,0,0,0
506,89232,56458,0,0,0,0,0,0,0,0,TS_NONE,0,0,0,0,0,0,0,TM_NONE,0,WS_NONE,0,TA_SOUTHWEST,0,0,0,0,0
507,89268,56494,0,0,0,0,0,0,0,0,TS_NONE,0,0,0,0,0,0,0,TM_NONE,0,WS_NONE,0,TA_SOUTHWEST,0,0,0,0,0
508,89304,56530,0,0,0,0,0,0,0,0,TS_NONE,0,0,0,0,0,0,0,TM_NONE,0,WS_NONE,0,TA_SOUTHWEST,0,0,0,0,0
509,89340,56566,0,0,0,0,0,0,0,0,TS_NONE,0,0,0,0,0,0,0,TM_NONE,0,WS_NONE,0,TA_SOUTHWEST,0,0,0,0,0
510,89376,56602,0,0,0,0,0,0,0,0,TS_NONE,0,0,0,0,0,0,0,TM_NONE,0,WS_NONE,0,TA_SOUTHWEST,0,0,0,0,0
511,89412,56638,0,0,0,0,0,0,0,0,TS_NONE,0,0,0,0,0,0,0,TM_NONE,0,WS_NONE,0,TA_SOUTHWEST,0,0,0,0,0
