Index,GloOfs,RelOfs,Child,Parent,Xpos,Ypos,Zpos,Xtile,Ytile,Status,Status_S,Affect,BaseFrame,BaseFrame_S,Frame,OldFrame,Life,WhoShotMe,Model,Model_S,State,State_S,Angle,Angle_S,ZAngle,Connected
0,59016,26242,0,0,11240,10632,256,43,41,4,TS_MAPWHO,0,1077,OB_DOOR_LARGE_CIRCULAR,4718,1078,40,0,5,TM_OBJECT,12,OS_DOOR,64,TA_SOUTHEAST,0,0
1,59046,26272,0,0,14704,8944,256,57,34,4,TS_MAPWHO,0,1101,OB_DOOR_LARGE_LEFTRIGHT,4746,1101,40,0,5,TM_OBJECT,12,OS_DOOR,128,TA_NORTHEAST,0,0
2,59076,26302,0,0,16352,8304,256,63,32,4,TS_MAPWHO,0,1085,OB_DOOR_SMALL_UPDOWN,4725,1086,40,0,5,TM_OBJECT,12,OS_DOOR,192,TA_NORTHWEST,0,0
3,59106,26332,0,0,20336,8432,256,79,32,4,TS_MAPWHO,0,1109,OB_DOOR_SMALL_UPDOWN2,4758,1109,40,0,5,TM_OBJECT,12,OS_DOOR,0,TA_SOUTHWEST,0,0
4,59136,26362,0,0,21472,6000,256,83,23,4,TS_MAPWHO,0,1109,OB_DOOR_SMALL_UPDOWN2,4759,1110,40,0,5,TM_OBJECT,12,OS_DOOR,64,TA_SOUTHEAST,0,0
5,59166,26392,0,0,23664,8688,256,92,33,4,TS_MAPWHO,0,1077,OB_DOOR_LARGE_CIRCULAR,4707,1077,40,0,5,TM_OBJECT,12,OS_DOOR,128,TA_NORTHEAST,0,0
6,59196,26422,0,0,24680,12520,256,96,48,4,TS_MAPWHO,0,1101,OB_DOOR_LARGE_LEFTRIGHT,4746,1101,40,0,5,TM_OBJECT,12,OS_DOOR,128,TA_NORTHEAST,0,0
7,59226,26452,0,0,20592,14832,896,80,57,4,TS_MAPWHO,0,1093,OB_DOOR_SMALL_SWING,4734,1093,40,0,5,TM_OBJECT,12,OS_DOOR,0,TA_SOUTHWEST,0,0
8,59256,26482,0,0,18800,14832,896,73,57,4,TS_MAPWHO,0,1093,OB_DOOR_SMALL_SWING,4734,1093,40,0,5,TM_OBJECT,12,OS_DOOR,0,TA_SOUTHWEST,0,0
9,59286,26512,0,0,23008,19328,256,89,75,4,TS_MAPWHO,0,1077,OB_DOOR_LARGE_CIRCULAR,4718,1078,40,0,5,TM_OBJECT,12,OS_DOOR,64,TA_SOUTHEAST,0,0
10,59316,26542,0,0,21480,22648,256,83,88,4,TS_MAPWHO,0,1109,OB_DOOR_SMALL_UPDOWN2,4759,1110,40,0,5,TM_OBJECT,12,OS_DOOR,64,TA_SOUTHEAST,0,0
11,59346,26572,0,0,18416,22656,256,71,88,4,TS_MAPWHO,0,1109,OB_DOOR_SMALL_UPDOWN2,4759,1110,40,0,5,TM_OBJECT,12,OS_DOOR,64,TA_SOUTHEAST,0,0
12,59376,26602,8006,0,14960,23536,256,58,91,4,TS_MAPWHO,0,1109,OB_DOOR_SMALL_UPDOWN2,4764,1113,40,0,5,TM_OBJECT,14,OS_DOOR3,128,TA_NORTHEAST,0,0
13,59406,26632,0,0,12512,21872,384,48,85,4,TS_MAPWHO,0,1085,OB_DOOR_SMALL_UPDOWN,4725,1086,40,0,5,TM_OBJECT,12,OS_DOOR,192,TA_NORTHWEST,0,0
14,59436,26662,0,0,12512,19840,384,48,77,4,TS_MAPWHO,0,1085,OB_DOOR_SMALL_UPDOWN,4725,1086,40,0,5,TM_OBJECT,12,OS_DOOR,192,TA_NORTHWEST,0,0
15,59466,26692,0,0,15216,20464,256,59,79,4,TS_MAPWHO,0,1077,OB_DOOR_LARGE_CIRCULAR,4707,1077,40,0,5,TM_OBJECT,12,OS_DOOR,0,TA_SOUTHWEST,0,0
16,59496,26722,0,0,17000,20456,256,66,79,4,TS_MAPWHO,0,1085,OB_DOOR_SMALL_UPDOWN,4723,1085,40,0,5,TM_OBJECT,12,OS_DOOR,0,TA_SOUTHWEST,0,0
17,59526,26752,0,0,15568,11376,256,60,44,4,TS_MAPWHO,0,1085,OB_DOOR_SMALL_UPDOWN,4725,1086,40,0,5,TM_OBJECT,12,OS_DOOR,64,TA_SOUTHEAST,0,0
18,59556,26782,0,0,21584,11744,384,84,45,4,TS_MAPWHO,0,1085,OB_DOOR_SMALL_UPDOWN,4723,1085,40,0,5,TM_OBJECT,12,OS_DOOR,128,TA_NORTHEAST,0,0
19,59586,26812,0,0,20600,11752,384,80,45,4,TS_MAPWHO,0,1093,OB_DOOR_SMALL_SWING,4734,1093,40,0,5,TM_OBJECT,12,OS_DOOR,128,TA_NORTHEAST,0,0
20,59616,26842,0,0,19560,11752,384,76,45,4,TS_MAPWHO,0,1093,OB_DOOR_SMALL_SWING,4734,1093,40,0,5,TM_OBJECT,12,OS_DOOR,128,TA_NORTHEAST,0,0
21,59646,26872,0,0,18536,11752,384,72,45,4,TS_MAPWHO,0,1085,OB_DOOR_SMALL_UPDOWN,4723,1085,40,0,5,TM_OBJECT,12,OS_DOOR,128,TA_NORTHEAST,0,0
22,59676,26902,0,0,17520,11760,384,68,45,4,TS_MAPWHO,0,1109,OB_DOOR_SMALL_UPDOWN2,4758,1109,40,0,5,TM_OBJECT,12,OS_DOOR,128,TA_NORTHEAST,0,0
23,59706,26932,0,0,17528,20216,384,68,78,4,TS_MAPWHO,0,1121,VALUE_UNDEFINED,4774,1122,50,0,5,TM_OBJECT,17,OS_UNKNOWN_11,192,TA_NORTHWEST,0,0
24,59736,26962,0,0,16216,23320,256,63,91,6,TS_DRAW_ON_TOP | TS_MAPWHO,0,0,OB_NONE,2724,618,50,0,5,TM_OBJECT,1,OS_PHONE_BOOTH,0,TA_SOUTHWEST,0,0
25,59766,26992,0,0,10520,23352,256,41,91,6,TS_DRAW_ON_TOP | TS_MAPWHO,0,1063,OB_NEONSIGN_LARGE_RED,4920,1063,50,0,5,TM_OBJECT,10,OS_NEON_SIGN,0,TA_SOUTHWEST,0,0
26,59796,27022,0,27142,11424,24096,1280,44,94,6,TS_DRAW_ON_TOP | TS_MAPWHO,0,1049,OB_NEONSIGN_MEDIUM_BLUE,4855,1050,50,0,5,TM_OBJECT,10,OS_NEON_SIGN,64,TA_SOUTHEAST,0,0
27,59826,27052,0,0,17528,23560,768,68,92,7,TS_NODRAW | TS_DRAW_ON_TOP | TS_MAPWHO,0,0,OB_NONE,8658,1959,65534,0,5,TM_OBJECT,37,OS_WINDOWS_TRANSPARENT3,128,TA_NORTHEAST,0,0
28,59856,27082,0,0,12664,22152,1024,49,86,7,TS_NODRAW | TS_DRAW_ON_TOP | TS_MAPWHO,0,0,OB_NONE,8267,1960,65534,0,5,TM_OBJECT,37,OS_WINDOWS_TRANSPARENT3,192,TA_NORTHWEST,0,0
29,59886,27112,0,0,18808,11784,1152,73,46,6,TS_DRAW_ON_TOP | TS_MAPWHO,0,0,OB_NONE,8658,1959,65534,0,5,TM_OBJECT,32,OS_WINDOWS_TRANSPARENT,0,TA_SOUTHWEST,0,0
30,59916,27142,27022,0,11408,24080,1152,44,94,6,TS_DRAW_ON_TOP | TS_MAPWHO,0,1051,OB_NEONSIGN_MEDIUM_BLUE2,4866,1052,50,0,5,TM_OBJECT,10,OS_NEON_SIGN,64,TA_SOUTHEAST,0,0
31,59946,27172,0,27202,10240,23072,256,40,90,6,TS_DRAW_ON_TOP | TS_MAPWHO,0,1063,OB_NEONSIGN_LARGE_RED,4920,1063,50,0,5,TM_OBJECT,10,OS_NEON_SIGN,0,TA_SOUTHWEST,0,0
32,59976,27202,27172,0,10376,23208,256,40,90,6,TS_DRAW_ON_TOP | TS_MAPWHO,0,1065,OB_NEONSIGN_LARGE_WHITE,4656,1065,50,0,5,TM_OBJECT,10,OS_NEON_SIGN,0,TA_SOUTHWEST,0,0
33,60006,27232,0,0,22904,11016,1024,89,43,6,TS_DRAW_ON_TOP | TS_MAPWHO,0,0,OB_NONE,8672,1962,65534,0,5,TM_OBJECT,33,OS_WINDOWS_TRANSPARENT2,64,TA_SOUTHEAST,0,0
34,60036,27262,0,0,22904,14856,640,89,58,7,TS_NODRAW | TS_DRAW_ON_TOP | TS_MAPWHO,0,0,OB_NONE,8658,1959,65534,0,5,TM_OBJECT,37,OS_WINDOWS_TRANSPARENT3,128,TA_NORTHEAST,0,0
35,60066,27292,0,0,21624,22024,1024,84,86,6,TS_DRAW_ON_TOP | TS_MAPWHO,0,0,OB_NONE,8267,1960,65534,0,5,TM_OBJECT,32,OS_WINDOWS_TRANSPARENT,192,TA_NORTHWEST,0,0
36,60096,27322,0,27412,22008,11784,1024,85,46,6,TS_DRAW_ON_TOP | TS_MAPWHO,0,570,OB_BILLBOARD_TRAVEL_SW,2540,570,50,0,5,TM_OBJECT,31,OS_BILLBOARD,192,TA_NORTHWEST,0,0
37,60126,27352,0,0,20496,11792,1024,80,46,6,TS_DRAW_ON_TOP | TS_MAPWHO,0,570,OB_BILLBOARD_TRAVEL_SW,2540,570,50,0,5,TM_OBJECT,31,OS_BILLBOARD,192,TA_NORTHWEST,0,0
38,60156,27382,0,0,20912,11888,1152,81,46,6,TS_DRAW_ON_TOP | TS_MAPWHO,0,1049,OB_NEONSIGN_MEDIUM_BLUE,4855,1050,50,0,5,TM_OBJECT,10,OS_NEON_SIGN,192,TA_NORTHWEST,0,0
39,60186,27412,27322,0,21792,11888,1152,85,46,6,TS_DRAW_ON_TOP | TS_MAPWHO,0,1049,OB_NEONSIGN_MEDIUM_BLUE,4855,1050,50,0,5,TM_OBJECT,10,OS_NEON_SIGN,192,TA_NORTHWEST,0,0
40,60216,27442,0,27502,21680,11888,1152,84,46,6,TS_DRAW_ON_TOP | TS_MAPWHO,0,1049,OB_NEONSIGN_MEDIUM_BLUE,4674,1050,50,0,5,TM_OBJECT,10,OS_NEON_SIGN,192,TA_NORTHWEST,0,0
41,60246,27472,0,27532,21024,11888,1152,82,46,6,TS_DRAW_ON_TOP | TS_MAPWHO,0,1049,OB_NEONSIGN_MEDIUM_BLUE,4674,1050,50,0,5,TM_OBJECT,10,OS_NEON_SIGN,192,TA_NORTHWEST,0,0
42,60276,27502,27442,0,21568,11888,1152,84,46,6,TS_DRAW_ON_TOP | TS_MAPWHO,0,1049,OB_NEONSIGN_MEDIUM_BLUE,4855,1050,50,0,5,TM_OBJECT,10,OS_NEON_SIGN,192,TA_NORTHWEST,0,0
43,60306,27532,27472,0,21136,11888,1152,82,46,6,TS_DRAW_ON_TOP | TS_MAPWHO,0,1049,OB_NEONSIGN_MEDIUM_BLUE,4855,1050,50,0,5,TM_OBJECT,10,OS_NEON_SIGN,192,TA_NORTHWEST,0,0
44,60336,27562,0,0,21352,11880,1152,83,46,6,TS_DRAW_ON_TOP | TS_MAPWHO,0,1051,OB_NEONSIGN_MEDIUM_BLUE2,4865,1052,50,0,5,TM_OBJECT,10,OS_NEON_SIGN,192,TA_NORTHWEST,0,0
45,60366,27592,0,0,14720,13664,384,57,53,6,TS_DRAW_ON_TOP | TS_MAPWHO,0,0,OB_NONE,2460,562,50,0,5,TM_OBJECT,26,OS_TRASHCAN,192,TA_NORTHWEST,0,0
46,60396,27622,0,0,13672,13656,384,53,53,6,TS_DRAW_ON_TOP | TS_MAPWHO,0,0,OB_NONE,2460,562,50,0,5,TM_OBJECT,26,OS_TRASHCAN,192,TA_NORTHWEST,0,0
47,60426,27652,0,0,16040,13992,256,62,54,6,TS_DRAW_ON_TOP | TS_MAPWHO,0,0,OB_NONE,2521,561,50,0,5,TM_OBJECT,25,OS_MAILBOX,192,TA_NORTHWEST,0,0
48,60456,27682,0,0,20984,8456,1408,81,33,6,TS_DRAW_ON_TOP | TS_MAPWHO,0,571,OB_BILLBOARD_DRINK_SW,2878,571,50,0,5,TM_OBJECT,31,OS_BILLBOARD,192,TA_NORTHWEST,0,0
49,60486,27712,0,0,19960,8456,1408,77,33,6,TS_DRAW_ON_TOP | TS_MAPWHO,0,571,OB_BILLBOARD_DRINK_SW,2878,571,50,0,5,TM_OBJECT,31,OS_BILLBOARD,192,TA_NORTHWEST,0,0
50,60516,27742,0,27772,20216,8200,1152,78,32,6,TS_DRAW_ON_TOP | TS_MAPWHO,0,572,OB_BILLBOARD_BULLFROG_SW,2565,572,50,0,5,TM_OBJECT,31,OS_BILLBOARD,192,TA_NORTHWEST,0,0
51,60546,27772,27742,0,20208,8192,1536,78,32,6,TS_DRAW_ON_TOP | TS_MAPWHO,0,570,OB_BILLBOARD_TRAVEL_SW,2538,570,50,0,5,TM_OBJECT,31,OS_BILLBOARD,192,TA_NORTHWEST,0,0
52,60576,27802,0,0,19944,6008,1024,77,23,4,TS_MAPWHO,0,1085,OB_DOOR_SMALL_UPDOWN,4725,1086,50,0,5,TM_OBJECT,12,OS_DOOR,192,TA_NORTHWEST,0,0
53,60606,27832,0,0,24576,8016,256,96,31,4,TS_MAPWHO,0,1121,VALUE_UNDEFINED,4774,1122,50,0,5,TM_OBJECT,17,OS_UNKNOWN_11,192,TA_NORTHWEST,0,0
54,60636,27862,0,0,20600,23304,896,80,91,6,TS_DRAW_ON_TOP | TS_MAPWHO,0,0,OB_NONE,8658,1959,65534,0,5,TM_OBJECT,32,OS_WINDOWS_TRANSPARENT,0,TA_SOUTHWEST,0,0
55,60666,27892,0,0,16760,20488,1152,65,80,7,TS_NODRAW | TS_DRAW_ON_TOP | TS_MAPWHO,0,0,OB_NONE,8658,1959,65534,0,5,TM_OBJECT,37,OS_WINDOWS_TRANSPARENT3,0,TA_SOUTHWEST,0,0
56,60696,27922,0,0,12664,18952,1024,49,74,7,TS_NODRAW | TS_DRAW_ON_TOP | TS_MAPWHO,0,0,OB_NONE,8267,1960,65534,0,5,TM_OBJECT,37,OS_WINDOWS_TRANSPARENT3,64,TA_SOUTHEAST,0,0
57,60726,27952,0,27982,9968,13888,640,38,54,6,TS_DRAW_ON_TOP | TS_MAPWHO,0,0,OB_NONE,2671,552,50,0,5,TM_OBJECT,18,OS_WINDOW_OPEN,128,TA_NORTHEAST,0,0
58,60756,27982,27952,0,9840,13888,640,38,54,6,TS_DRAW_ON_TOP | TS_MAPWHO,0,0,OB_NONE,1886,550,50,0,5,TM_OBJECT,19,OS_WINDOW_CLOSED,128,TA_NORTHEAST,0,0
59,60786,28012,0,28042,10304,13616,640,40,53,6,TS_DRAW_ON_TOP | TS_MAPWHO,0,1073,OB_NEONSIGN_SMALL_RED,4697,1074,50,0,5,TM_OBJECT,10,OS_NEON_SIGN,192,TA_NORTHWEST,0,0
60,60816,28042,28012,28072,10256,13568,512,40,53,6,TS_DRAW_ON_TOP | TS_MAPWHO,0,1069,OB_NEONSIGN_SMALL_YELLOW,4693,1070,50,0,5,TM_OBJECT,10,OS_NEON_SIGN,192,TA_NORTHWEST,0,0
61,60846,28072,28042,28102,10352,13664,768,40,53,6,TS_DRAW_ON_TOP | TS_MAPWHO,0,1069,OB_NEONSIGN_SMALL_YELLOW,4693,1070,50,0,5,TM_OBJECT,10,OS_NEON_SIGN,192,TA_NORTHWEST,0,0
62,60876,28102,28072,0,10272,13584,768,40,53,6,TS_DRAW_ON_TOP | TS_MAPWHO,0,1063,OB_NEONSIGN_LARGE_RED,4977,1064,50,0,5,TM_OBJECT,10,OS_NEON_SIGN,192,TA_NORTHWEST,0,0
63,60906,28132,39646,0,11384,10376,1024,44,40,6,TS_DRAW_ON_TOP | TS_MAPWHO,0,0,OB_NONE,8267,1960,65534,0,5,TM_OBJECT,32,OS_WINDOWS_TRANSPARENT,192,TA_NORTHWEST,0,0
64,60936,28162,0,0,11288,12808,768,44,50,6,TS_DRAW_ON_TOP | TS_MAPWHO,0,575,OB_BILLBOARD_BROKEN_SE,2758,575,50,0,5,TM_OBJECT,31,OS_BILLBOARD,192,TA_NORTHWEST,0,0
65,60966,28192,0,0,14072,11528,1152,54,45,7,TS_NODRAW | TS_DRAW_ON_TOP | TS_MAPWHO,0,0,OB_NONE,8658,1959,65534,0,5,TM_OBJECT,37,OS_WINDOWS_TRANSPARENT3,0,TA_SOUTHWEST,0,0
66,60996,28222,0,0,15360,12016,1024,60,46,6,TS_DRAW_ON_TOP | TS_MAPWHO,0,573,OB_BILLBOARD_BULLFROG_SE,2845,573,50,0,5,TM_OBJECT,31,OS_BILLBOARD,0,TA_SOUTHWEST,0,0
67,61026,28252,0,0,15360,11248,1024,60,43,6,TS_DRAW_ON_TOP | TS_MAPWHO,0,575,OB_BILLBOARD_BROKEN_SE,2758,575,50,0,5,TM_OBJECT,31,OS_BILLBOARD,0,TA_SOUTHWEST,0,0
68,61056,28282,0,0,17272,19592,1280,67,76,7,TS_NODRAW | TS_DRAW_ON_TOP | TS_MAPWHO,0,0,OB_NONE,8267,1960,65534,0,5,TM_OBJECT,37,OS_WINDOWS_TRANSPARENT3,192,TA_NORTHWEST,0,0
69,61086,28312,0,28342,15352,23560,896,59,92,6,TS_DRAW_ON_TOP | TS_MAPWHO,0,570,OB_BILLBOARD_TRAVEL_SW,2540,570,50,0,5,TM_OBJECT,31,OS_BILLBOARD,192,TA_NORTHWEST,0,0
70,61116,28342,28312,0,15144,23672,1152,59,92,6,TS_DRAW_ON_TOP | TS_MAPWHO,0,1045,OB_NEONSIGN_MEDIUM_YELLOW,4833,1046,50,0,5,TM_OBJECT,10,OS_NEON_SIGN,192,TA_NORTHWEST,0,0
71,61146,28372,0,28432,15784,23672,1152,61,92,6,TS_DRAW_ON_TOP | TS_MAPWHO,0,1045,OB_NEONSIGN_MEDIUM_YELLOW,4833,1046,50,0,5,TM_OBJECT,10,OS_NEON_SIGN,192,TA_NORTHWEST,0,0
72,61176,28402,0,0,15064,23672,1152,58,92,6,TS_DRAW_ON_TOP | TS_MAPWHO,0,1047,OB_NEONSIGN_MEDIUM_YELLOW2,4847,1048,50,0,5,TM_OBJECT,10,OS_NEON_SIGN,192,TA_NORTHWEST,0,0
73,61206,28432,28372,0,15864,23672,1152,61,92,6,TS_DRAW_ON_TOP | TS_MAPWHO,0,1047,OB_NEONSIGN_MEDIUM_YELLOW2,4847,1048,50,0,5,TM_OBJECT,10,OS_NEON_SIGN,192,TA_NORTHWEST,0,0
74,61236,28462,0,0,20224,23312,896,79,91,6,TS_DRAW_ON_TOP | TS_MAPWHO,0,571,OB_BILLBOARD_DRINK_SW,2879,571,50,0,5,TM_OBJECT,31,OS_BILLBOARD,0,TA_SOUTHWEST,0,0
75,61266,28492,0,0,20336,16768,256,79,65,6,TS_DRAW_ON_TOP | TS_MAPWHO,0,0,OB_TREE_IN_POT,2288,558,50,0,5,TM_OBJECT,22,OS_TREE,0,TA_SOUTHWEST,0,0
76,61296,28522,0,0,13144,13416,384,51,52,6,TS_DRAW_ON_TOP | TS_MAPWHO,0,0,OB_TREE_IN_POT,2288,558,50,0,5,TM_OBJECT,22,OS_TREE,0,TA_SOUTHWEST,0,0
77,61326,28552,0,0,15176,13416,384,59,52,6,TS_DRAW_ON_TOP | TS_MAPWHO,0,0,OB_TREE_IN_POT,2288,558,50,0,5,TM_OBJECT,22,OS_TREE,0,TA_SOUTHWEST,0,0
78,61356,28582,0,0,0,0,0,0,0,0,TS_NONE,0,0,OB_NONE,0,0,0,0,0,TM_NONE,0,OS_NONE,0,TA_SOUTHWEST,0,0
79,61386,28612,0,0,0,0,0,0,0,0,TS_NONE,0,0,OB_NONE,0,0,0,0,0,TM_NONE,0,OS_NONE,0,TA_SOUTHWEST,0,0
80,61416,28642,0,0,0,0,0,0,0,0,TS_NONE,0,0,OB_NONE,0,0,0,0,0,TM_NONE,0,OS_NONE,0,TA_SOUTHWEST,0,0
81,61446,28672,0,0,0,0,0,0,0,0,TS_NONE,0,0,OB_NONE,0,0,0,0,0,TM_NONE,0,OS_NONE,0,TA_SOUTHWEST,0,0
82,61476,28702,0,0,0,0,0,0,0,0,TS_NONE,0,0,OB_NONE,0,0,0,0,0,TM_NONE,0,OS_NONE,0,TA_SOUTHWEST,0,0
83,61506,28732,0,0,0,0,0,0,0,0,TS_NONE,0,0,OB_NONE,0,0,0,0,0,TM_NONE,0,OS_NONE,0,TA_SOUTHWEST,0,0
84,61536,28762,0,0,0,0,0,0,0,0,TS_NONE,0,0,OB_NONE,0,0,0,0,0,TM_NONE,0,OS_NONE,0,TA_SOUTHWEST,0,0
85,61566,28792,0,0,0,0,0,0,0,0,TS_NONE,0,0,OB_NONE,0,0,0,0,0,TM_NONE,0,OS_NONE,0,TA_SOUTHWEST,0,0
86,61596,28822,0,0,0,0,0,0,0,0,TS_NONE,0,0,OB_NONE,0,0,0,0,0,TM_NONE,0,OS_NONE,0,TA_SOUTHWEST,0,0
87,61626,28852,0,0,0,0,0,0,0,0,TS_NONE,0,0,OB_NONE,0,0,0,0,0,TM_NONE,0,OS_NONE,0,TA_SOUTHWEST,0,0
88,61656,28882,0,0,0,0,0,0,0,0,TS_NONE,0,0,OB_NONE,0,0,0,0,0,TM_NONE,0,OS_NONE,0,TA_SOUTHWEST,0,0
89,61686,28912,0,0,0,0,0,0,0,0,TS_NONE,0,0,OB_NONE,0,0,0,0,0,TM_NONE,0,OS_NONE,0,TA_SOUTHWEST,0,0
90,61716,28942,0,0,0,0,0,0,0,0,TS_NONE,0,0,OB_NONE,0,0,0,0,0,TM_NONE,0,OS_NONE,0,TA_SOUTHWEST,0,0
91,61746,28972,0,0,0,0,0,0,0,0,TS_NONE,0,0,OB_NONE,0,0,0,0,0,TM_NONE,0,OS_NONE,0,TA_SOUTHWEST,0,0
92,61776,29002,0,0,0,0,0,0,0,0,TS_NONE,0,0,OB_NONE,0,0,0,0,0,TM_NONE,0,OS_NONE,0,TA_SOUTHWEST,0,0
93,61806,29032,0,0,0,0,0,0,0,0,TS_NONE,0,0,OB_NONE,0,0,0,0,0,TM_NONE,0,OS_NONE,0,TA_SOUTHWEST,0,0
94,61836,29062,0,0,0,0,0,0,0,0,TS_NONE,0,0,OB_NONE,0,0,0,0,0,TM_NONE,0,OS_NONE,0,TA_SOUTHWEST,0,0
95,61866,29092,0,0,0,0,0,0,0,0,TS_NONE,0,0,OB_NONE,0,0,0,0,0,TM_NONE,0,OS_NONE,0,TA_SOUTHWEST,0,0
96,61896,29122,0,0,0,0,0,0,0,0,TS_NONE,0,0,OB_NONE,0,0,0,0,0,TM_NONE,0,OS_NONE,0,TA_SOUTHWEST,0,0
97,61926,29152,0,0,0,0,0,0,0,0,TS_NONE,0,0,OB_NONE,0,0,0,0,0,TM_NONE,0,OS_NONE,0,TA_SOUTHWEST,0,0
98,61956,29182,0,0,0,0,0,0,0,0,TS_NONE,0,0,OB_NONE,0,0,0,0,0,TM_NONE,0,OS_NONE,0,TA_SOUTHWEST,0,0
99,61986,29212,0,0,0,0,0,0,0,0,TS_NONE,0,0,OB_NONE,0,0,0,0,0,TM_NONE,0,OS_NONE,0,TA_SOUTHWEST,0,0
100,62016,29242,0,0,0,0,0,0,0,0,TS_NONE,0,0,OB_NONE,0,0,0,0,0,TM_NONE,0,OS_NONE,0,TA_SOUTHWEST,0,0
101,62046,29272,0,0,0,0,0,0,0,0,TS_NONE,0,0,OB_NONE,0,0,0,0,0,TM_NONE,0,OS_NONE,0,TA_SOUTHWEST,0,0
102,62076,29302,0,0,0,0,0,0,0,0,TS_NONE,0,0,OB_NONE,0,0,0,0,0,TM_NONE,0,OS_NONE,0,TA_SOUTHWEST,0,0
103,62106,29332,0,0,0,0,0,0,0,0,TS_NONE,0,0,OB_NONE,0,0,0,0,0,TM_NONE,0,OS_NONE,0,TA_SOUTHWEST,0,0
104,62136,29362,0,0,0,0,0,0,0,0,TS_NONE,0,0,OB_NONE,0,0,0,0,0,TM_NONE,0,OS_NONE,0,TA_SOUTHWEST,0,0
105,62166,29392,0,0,0,0,0,0,0,0,TS_NONE,0,0,OB_NONE,0,0,0,0,0,TM_NONE,0,OS_NONE,0,TA_SOUTHWEST,0,0
106,62196,29422,0,0,0,0,0,0,0,0,TS_NONE,0,0,OB_NONE,0,0,0,0,0,TM_NONE,0,OS_NONE,0,TA_SOUTHWEST,0,0
107,62226,29452,0,0,0,0,0,0,0,0,TS_NONE,0,0,OB_NONE,0,0,0,0,0,TM_NONE,0,OS_NONE,0,TA_SOUTHWEST,0,0
108,62256,29482,0,0,0,0,0,0,0,0,TS_NONE,0,0,OB_NONE,0,0,0,0,0,TM_NONE,0,OS_NONE,0,TA_SOUTHWEST,0,0
109,62286,29512,0,0,0,0,0,0,0,0,TS_NONE,0,0,OB_NONE,0,0,0,0,0,TM_NONE,0,OS_NONE,0,TA_SOUTHWEST,0,0
110,62316,29542,0,0,0,0,0,0,0,0,TS_NONE,0,0,OB_NONE,0,0,0,0,0,TM_NONE,0,OS_NONE,0,TA_SOUTHWEST,0,0
111,62346,29572,0,0,0,0,0,0,0,0,TS_NONE,0,0,OB_NONE,0,0,0,0,0,TM_NONE,0,OS_NONE,0,TA_SOUTHWEST,0,0
112,62376,29602,0,0,0,0,0,0,0,0,TS_NONE,0,0,OB_NONE,0,0,0,0,0,TM_NONE,0,OS_NONE,0,TA_SOUTHWEST,0,0
113,62406,29632,0,0,0,0,0,0,0,0,TS_NONE,0,0,OB_NONE,0,0,0,0,0,TM_NONE,0,OS_NONE,0,TA_SOUTHWEST,0,0
114,62436,29662,0,0,0,0,0,0,0,0,TS_NONE,0,0,OB_NONE,0,0,0,0,0,TM_NONE,0,OS_NONE,0,TA_SOUTHWEST,0,0
115,62466,29692,0,0,0,0,0,0,0,0,TS_NONE,0,0,OB_NONE,0,0,0,0,0,TM_NONE,0,OS_NONE,0,TA_SOUTHWEST,0,0
116,62496,29722,0,0,0,0,0,0,0,0,TS_NONE,0,0,OB_NONE,0,0,0,0,0,TM_NONE,0,OS_NONE,0,TA_SOUTHWEST,0,0
117,62526,29752,0,0,0,0,0,0,0,0,TS_NONE,0,0,OB_NONE,0,0,0,0,0,TM_NONE,0,OS_NONE,0,TA_SOUTHWEST,0,0
118,62556,29782,0,0,0,0,0,0,0,0,TS_NONE,0,0,OB_NONE,0,0,0,0,0,TM_NONE,0,OS_NONE,0,TA_SOUTHWEST,0,0
119,62586,29812,0,0,0,0,0,0,0,0,TS_NONE,0,0,OB_NONE,0,0,0,0,0,TM_NONE,0,OS_NONE,0,TA_SOUTHWEST,0,0
120,62616,29842,0,0,0,0,0,0,0,0,TS_NONE,0,0,OB_NONE,0,0,0,0,0,TM_NONE,0,OS_NONE,0,TA_SOUTHWEST,0,0
121,62646,29872,0,0,0,0,0,0,0,0,TS_NONE,0,0,OB_NONE,0,0,0,0,0,TM_NONE,0,OS_NONE,0,TA_SOUTHWEST,0,0
122,62676,29902,0,0,0,0,0,0,0,0,TS_NONE,0,0,OB_NONE,0,0,0,0,0,TM_NONE,0,OS_NONE,0,TA_SOUTHWEST,0,0
123,62706,29932,0,0,0,0,0,0,0,0,TS_NONE,0,0,OB_NONE,0,0,0,0,0,TM_NONE,0,OS_NONE,0,TA_SOUTHWEST,0,0
124,62736,29962,0,0,0,0,0,0,0,0,TS_NONE,0,0,OB_NONE,0,0,0,0,0,TM_NONE,0,OS_NONE,0,TA_SOUTHWEST,0,0
125,62766,29992,0,0,0,0,0,0,0,0,TS_NONE,0,0,OB_NONE,0,0,0,0,0,TM_NONE,0,OS_NONE,0,TA_SOUTHWEST,0,0
126,62796,30022,0,0,0,0,0,0,0,0,TS_NONE,0,0,OB_NONE,0,0,0,0,0,TM_NONE,0,OS_NONE,0,TA_SOUTHWEST,0,0
127,62826,30052,0,0,0,0,0,0,0,0,TS_NONE,0,0,OB_NONE,0,0,0,0,0,TM_NONE,0,OS_NONE,0,TA_SOUTHWEST,0,0
128,62856,30082,0,0,0,0,0,0,0,0,TS_NONE,0,0,OB_NONE,0,0,0,0,0,TM_NONE,0,OS_NONE,0,TA_SOUTHWEST,0,0
129,62886,30112,0,0,0,0,0,0,0,0,TS_NONE,0,0,OB_NONE,0,0,0,0,0,TM_NONE,0,OS_NONE,0,TA_SOUTHWEST,0,0
130,62916,30142,0,0,0,0,0,0,0,0,TS_NONE,0,0,OB_NONE,0,0,0,0,0,TM_NONE,0,OS_NONE,0,TA_SOUTHWEST,0,0
131,62946,30172,0,0,0,0,0,0,0,0,TS_NONE,0,0,OB_NONE,0,0,0,0,0,TM_NONE,0,OS_NONE,0,TA_SOUTHWEST,0,0
132,62976,30202,0,0,0,0,0,0,0,0,TS_NONE,0,0,OB_NONE,0,0,0,0,0,TM_NONE,0,OS_NONE,0,TA_SOUTHWEST,0,0
133,63006,30232,0,0,0,0,0,0,0,0,TS_NONE,0,0,OB_NONE,0,0,0,0,0,TM_NONE,0,OS_NONE,0,TA_SOUTHWEST,0,0
134,63036,30262,0,0,0,0,0,0,0,0,TS_NONE,0,0,OB_NONE,0,0,0,0,0,TM_NONE,0,OS_NONE,0,TA_SOUTHWEST,0,0
135,63066,30292,0,0,0,0,0,0,0,0,TS_NONE,0,0,OB_NONE,0,0,0,0,0,TM_NONE,0,OS_NONE,0,TA_SOUTHWEST,0,0
136,63096,30322,0,0,0,0,0,0,0,0,TS_NONE,0,0,OB_NONE,0,0,0,0,0,TM_NONE,0,OS_NONE,0,TA_SOUTHWEST,0,0
137,63126,30352,0,0,0,0,0,0,0,0,TS_NONE,0,0,OB_NONE,0,0,0,0,0,TM_NONE,0,OS_NONE,0,TA_SOUTHWEST,0,0
138,63156,30382,0,0,0,0,0,0,0,0,TS_NONE,0,0,OB_NONE,0,0,0,0,0,TM_NONE,0,OS_NONE,0,TA_SOUTHWEST,0,0
139,63186,30412,0,0,0,0,0,0,0,0,TS_NONE,0,0,OB_NONE,0,0,0,0,0,TM_NONE,0,OS_NONE,0,TA_SOUTHWEST,0,0
140,63216,30442,0,0,0,0,0,0,0,0,TS_NONE,0,0,OB_NONE,0,0,0,0,0,TM_NONE,0,OS_NONE,0,TA_SOUTHWEST,0,0
141,63246,30472,0,0,0,0,0,0,0,0,TS_NONE,0,0,OB_NONE,0,0,0,0,0,TM_NONE,0,OS_NONE,0,TA_SOUTHWEST,0,0
142,63276,30502,0,0,0,0,0,0,0,0,TS_NONE,0,0,OB_NONE,0,0,0,0,0,TM_NONE,0,OS_NONE,0,TA_SOUTHWEST,0,0
143,63306,30532,0,0,0,0,0,0,0,0,TS_NONE,0,0,OB_NONE,0,0,0,0,0,TM_NONE,0,OS_NONE,0,TA_SOUTHWEST,0,0
144,63336,30562,0,0,0,0,0,0,0,0,TS_NONE,0,0,OB_NONE,0,0,0,0,0,TM_NONE,0,OS_NONE,0,TA_SOUTHWEST,0,0
145,63366,30592,0,0,0,0,0,0,0,0,TS_NONE,0,0,OB_NONE,0,0,0,0,0,TM_NONE,0,OS_NONE,0,TA_SOUTHWEST,0,0
146,63396,30622,0,0,0,0,0,0,0,0,TS_NONE,0,0,OB_NONE,0,0,0,0,0,TM_NONE,0,OS_NONE,0,TA_SOUTHWEST,0,0
147,63426,30652,0,0,0,0,0,0,0,0,TS_NONE,0,0,OB_NONE,0,0,0,0,0,TM_NONE,0,OS_NONE,0,TA_SOUTHWEST,0,0
148,63456,30682,0,0,0,0,0,0,0,0,TS_NONE,0,0,OB_NONE,0,0,0,0,0,TM_NONE,0,OS_NONE,0,TA_SOUTHWEST,0,0
149,63486,30712,0,0,0,0,0,0,0,0,TS_NONE,0,0,OB_NONE,0,0,0,0,0,TM_NONE,0,OS_NONE,0,TA_SOUTHWEST,0,0
150,63516,30742,0,0,0,0,0,0,0,0,TS_NONE,0,0,OB_NONE,0,0,0,0,0,TM_NONE,0,OS_NONE,0,TA_SOUTHWEST,0,0
151,63546,30772,0,0,0,0,0,0,0,0,TS_NONE,0,0,OB_NONE,0,0,0,0,0,TM_NONE,0,OS_NONE,0,TA_SOUTHWEST,0,0
152,63576,30802,0,0,0,0,0,0,0,0,TS_NONE,0,0,OB_NONE,0,0,0,0,0,TM_NONE,0,OS_NONE,0,TA_SOUTHWEST,0,0
153,63606,30832,0,0,0,0,0,0,0,0,TS_NONE,0,0,OB_NONE,0,0,0,0,0,TM_NONE,0,OS_NONE,0,TA_SOUTHWEST,0,0
154,63636,30862,0,0,0,0,0,0,0,0,TS_NONE,0,0,OB_NONE,0,0,0,0,0,TM_NONE,0,OS_NONE,0,TA_SOUTHWEST,0,0
155,63666,30892,0,0,0,0,0,0,0,0,TS_NONE,0,0,OB_NONE,0,0,0,0,0,TM_NONE,0,OS_NONE,0,TA_SOUTHWEST,0,0
156,63696,30922,0,0,0,0,0,0,0,0,TS_NONE,0,0,OB_NONE,0,0,0,0,0,TM_NONE,0,OS_NONE,0,TA_SOUTHWEST,0,0
157,63726,30952,0,0,0,0,0,0,0,0,TS_NONE,0,0,OB_NONE,0,0,0,0,0,TM_NONE,0,OS_NONE,0,TA_SOUTHWEST,0,0
158,63756,30982,0,0,0,0,0,0,0,0,TS_NONE,0,0,OB_NONE,0,0,0,0,0,TM_NONE,0,OS_NONE,0,TA_SOUTHWEST,0,0
159,63786,31012,0,0,0,0,0,0,0,0,TS_NONE,0,0,OB_NONE,0,0,0,0,0,TM_NONE,0,OS_NONE,0,TA_SOUTHWEST,0,0
160,63816,31042,0,0,0,0,0,0,0,0,TS_NONE,0,0,OB_NONE,0,0,0,0,0,TM_NONE,0,OS_NONE,0,TA_SOUTHWEST,0,0
161,63846,31072,0,0,0,0,0,0,0,0,TS_NONE,0,0,OB_NONE,0,0,0,0,0,TM_NONE,0,OS_NONE,0,TA_SOUTHWEST,0,0
162,63876,31102,0,0,0,0,0,0,0,0,TS_NONE,0,0,OB_NONE,0,0,0,0,0,TM_NONE,0,OS_NONE,0,TA_SOUTHWEST,0,0
163,63906,31132,0,0,0,0,0,0,0,0,TS_NONE,0,0,OB_NONE,0,0,0,0,0,TM_NONE,0,OS_NONE,0,TA_SOUTHWEST,0,0
164,63936,31162,0,0,0,0,0,0,0,0,TS_NONE,0,0,OB_NONE,0,0,0,0,0,TM_NONE,0,OS_NONE,0,TA_SOUTHWEST,0,0
165,63966,31192,0,0,0,0,0,0,0,0,TS_NONE,0,0,OB_NONE,0,0,0,0,0,TM_NONE,0,OS_NONE,0,TA_SOUTHWEST,0,0
166,63996,31222,0,0,0,0,0,0,0,0,TS_NONE,0,0,OB_NONE,0,0,0,0,0,TM_NONE,0,OS_NONE,0,TA_SOUTHWEST,0,0
167,64026,31252,0,0,0,0,0,0,0,0,TS_NONE,0,0,OB_NONE,0,0,0,0,0,TM_NONE,0,OS_NONE,0,TA_SOUTHWEST,0,0
168,64056,31282,0,0,0,0,0,0,0,0,TS_NONE,0,0,OB_NONE,0,0,0,0,0,TM_NONE,0,OS_NONE,0,TA_SOUTHWEST,0,0
169,64086,31312,0,0,0,0,0,0,0,0,TS_NONE,0,0,OB_NONE,0,0,0,0,0,TM_NONE,0,OS_NONE,0,TA_SOUTHWEST,0,0
170,64116,31342,0,0,0,0,0,0,0,0,TS_NONE,0,0,OB_NONE,0,0,0,0,0,TM_NONE,0,OS_NONE,0,TA_SOUTHWEST,0,0
171,64146,31372,0,0,0,0,0,0,0,0,TS_NONE,0,0,OB_NONE,0,0,0,0,0,TM_NONE,0,OS_NONE,0,TA_SOUTHWEST,0,0
172,64176,31402,0,0,0,0,0,0,0,0,TS_NONE,0,0,OB_NONE,0,0,0,0,0,TM_NONE,0,OS_NONE,0,TA_SOUTHWEST,0,0
173,64206,31432,0,0,0,0,0,0,0,0,TS_NONE,0,0,OB_NONE,0,0,0,0,0,TM_NONE,0,OS_NONE,0,TA_SOUTHWEST,0,0
174,64236,31462,0,0,0,0,0,0,0,0,TS_NONE,0,0,OB_NONE,0,0,0,0,0,TM_NONE,0,OS_NONE,0,TA_SOUTHWEST,0,0
175,64266,31492,0,0,0,0,0,0,0,0,TS_NONE,0,0,OB_NONE,0,0,0,0,0,TM_NONE,0,OS_NONE,0,TA_SOUTHWEST,0,0
176,64296,31522,0,0,0,0,0,0,0,0,TS_NONE,0,0,OB_NONE,0,0,0,0,0,TM_NONE,0,OS_NONE,0,TA_SOUTHWEST,0,0
177,64326,31552,0,0,0,0,0,0,0,0,TS_NONE,0,0,OB_NONE,0,0,0,0,0,TM_NONE,0,OS_NONE,0,TA_SOUTHWEST,0,0
178,64356,31582,0,0,0,0,0,0,0,0,TS_NONE,0,0,OB_NONE,0,0,0,0,0,TM_NONE,0,OS_NONE,0,TA_SOUTHWEST,0,0
179,64386,31612,0,0,0,0,0,0,0,0,TS_NONE,0,0,OB_NONE,0,0,0,0,0,TM_NONE,0,OS_NONE,0,TA_SOUTHWEST,0,0
180,64416,31642,0,0,0,0,0,0,0,0,TS_NONE,0,0,OB_NONE,0,0,0,0,0,TM_NONE,0,OS_NONE,0,TA_SOUTHWEST,0,0
181,64446,31672,0,0,0,0,0,0,0,0,TS_NONE,0,0,OB_NONE,0,0,0,0,0,TM_NONE,0,OS_NONE,0,TA_SOUTHWEST,0,0
182,64476,31702,0,0,0,0,0,0,0,0,TS_NONE,0,0,OB_NONE,0,0,0,0,0,TM_NONE,0,OS_NONE,0,TA_SOUTHWEST,0,0
183,64506,31732,0,0,0,0,0,0,0,0,TS_NONE,0,0,OB_NONE,0,0,0,0,0,TM_NONE,0,OS_NONE,0,TA_SOUTHWEST,0,0
184,64536,31762,0,0,0,0,0,0,0,0,TS_NONE,0,0,OB_NONE,0,0,0,0,0,TM_NONE,0,OS_NONE,0,TA_SOUTHWEST,0,0
185,64566,31792,0,0,0,0,0,0,0,0,TS_NONE,0,0,OB_NONE,0,0,0,0,0,TM_NONE,0,OS_NONE,0,TA_SOUTHWEST,0,0
186,64596,31822,0,0,0,0,0,0,0,0,TS_NONE,0,0,OB_NONE,0,0,0,0,0,TM_NONE,0,OS_NONE,0,TA_SOUTHWEST,0,0
187,64626,31852,0,0,0,0,0,0,0,0,TS_NONE,0,0,OB_NONE,0,0,0,0,0,TM_NONE,0,OS_NONE,0,TA_SOUTHWEST,0,0
188,64656,31882,0,0,0,0,0,0,0,0,TS_NONE,0,0,OB_NONE,0,0,0,0,0,TM_NONE,0,OS_NONE,0,TA_SOUTHWEST,0,0
189,64686,31912,0,0,0,0,0,0,0,0,TS_NONE,0,0,OB_NONE,0,0,0,0,0,TM_NONE,0,OS_NONE,0,TA_SOUTHWEST,0,0
190,64716,31942,0,0,0,0,0,0,0,0,TS_NONE,0,0,OB_NONE,0,0,0,0,0,TM_NONE,0,OS_NONE,0,TA_SOUTHWEST,0,0
191,64746,31972,0,0,0,0,0,0,0,0,TS_NONE,0,0,OB_NONE,0,0,0,0,0,TM_NONE,0,OS_NONE,0,TA_SOUTHWEST,0,0
192,64776,32002,0,0,0,0,0,0,0,0,TS_NONE,0,0,OB_NONE,0,0,0,0,0,TM_NONE,0,OS_NONE,0,TA_SOUTHWEST,0,0
193,64806,32032,0,0,0,0,0,0,0,0,TS_NONE,0,0,OB_NONE,0,0,0,0,0,TM_NONE,0,OS_NONE,0,TA_SOUTHWEST,0,0
194,64836,32062,0,0,0,0,0,0,0,0,TS_NONE,0,0,OB_NONE,0,0,0,0,0,TM_NONE,0,OS_NONE,0,TA_SOUTHWEST,0,0
195,64866,32092,0,0,0,0,0,0,0,0,TS_NONE,0,0,OB_NONE,0,0,0,0,0,TM_NONE,0,OS_NONE,0,TA_SOUTHWEST,0,0
196,64896,32122,0,0,0,0,0,0,0,0,TS_NONE,0,0,OB_NONE,0,0,0,0,0,TM_NONE,0,OS_NONE,0,TA_SOUTHWEST,0,0
197,64926,32152,0,0,0,0,0,0,0,0,TS_NONE,0,0,OB_NONE,0,0,0,0,0,TM_NONE,0,OS_NONE,0,TA_SOUTHWEST,0,0
198,64956,32182,0,0,0,0,0,0,0,0,TS_NONE,0,0,OB_NONE,0,0,0,0,0,TM_NONE,0,OS_NONE,0,TA_SOUTHWEST,0,0
199,64986,32212,0,0,0,0,0,0,0,0,TS_NONE,0,0,OB_NONE,0,0,0,0,0,TM_NONE,0,OS_NONE,0,TA_SOUTHWEST,0,0
200,65016,32242,0,0,0,0,0,0,0,0,TS_NONE,0,0,OB_NONE,0,0,0,0,0,TM_NONE,0,OS_NONE,0,TA_SOUTHWEST,0,0
201,65046,32272,0,0,0,0,0,0,0,0,TS_NONE,0,0,OB_NONE,0,0,0,0,0,TM_NONE,0,OS_NONE,0,TA_SOUTHWEST,0,0
202,65076,32302,0,0,0,0,0,0,0,0,TS_NONE,0,0,OB_NONE,0,0,0,0,0,TM_NONE,0,OS_NONE,0,TA_SOUTHWEST,0,0
203,65106,32332,0,0,0,0,0,0,0,0,TS_NONE,0,0,OB_NONE,0,0,0,0,0,TM_NONE,0,OS_NONE,0,TA_SOUTHWEST,0,0
204,65136,32362,0,0,0,0,0,0,0,0,TS_NONE,0,0,OB_NONE,0,0,0,0,0,TM_NONE,0,OS_NONE,0,TA_SOUTHWEST,0,0
205,65166,32392,0,0,0,0,0,0,0,0,TS_NONE,0,0,OB_NONE,0,0,0,0,0,TM_NONE,0,OS_NONE,0,TA_SOUTHWEST,0,0
206,65196,32422,0,0,0,0,0,0,0,0,TS_NONE,0,0,OB_NONE,0,0,0,0,0,TM_NONE,0,OS_NONE,0,TA_SOUTHWEST,0,0
207,65226,32452,0,0,0,0,0,0,0,0,TS_NONE,0,0,OB_NONE,0,0,0,0,0,TM_NONE,0,OS_NONE,0,TA_SOUTHWEST,0,0
208,65256,32482,0,0,0,0,0,0,0,0,TS_NONE,0,0,OB_NONE,0,0,0,0,0,TM_NONE,0,OS_NONE,0,TA_SOUTHWEST,0,0
209,65286,32512,0,0,0,0,0,0,0,0,TS_NONE,0,0,OB_NONE,0,0,0,0,0,TM_NONE,0,OS_NONE,0,TA_SOUTHWEST,0,0
210,65316,32542,0,0,0,0,0,0,0,0,TS_NONE,0,0,OB_NONE,0,0,0,0,0,TM_NONE,0,OS_NONE,0,TA_SOUTHWEST,0,0
211,65346,32572,0,0,0,0,0,0,0,0,TS_NONE,0,0,OB_NONE,0,0,0,0,0,TM_NONE,0,OS_NONE,0,TA_SOUTHWEST,0,0
212,65376,32602,0,0,0,0,0,0,0,0,TS_NONE,0,0,OB_NONE,0,0,0,0,0,TM_NONE,0,OS_NONE,0,TA_SOUTHWEST,0,0
213,65406,32632,0,0,0,0,0,0,0,0,TS_NONE,0,0,OB_NONE,0,0,0,0,0,TM_NONE,0,OS_NONE,0,TA_SOUTHWEST,0,0
214,65436,32662,0,0,0,0,0,0,0,0,TS_NONE,0,0,OB_NONE,0,0,0,0,0,TM_NONE,0,OS_NONE,0,TA_SOUTHWEST,0,0
215,65466,32692,0,0,0,0,0,0,0,0,TS_NONE,0,0,OB_NONE,0,0,0,0,0,TM_NONE,0,OS_NONE,0,TA_SOUTHWEST,0,0
216,65496,32722,0,0,0,0,0,0,0,0,TS_NONE,0,0,OB_NONE,0,0,0,0,0,TM_NONE,0,OS_NONE,0,TA_SOUTHWEST,0,0
217,65526,32752,0,0,0,0,0,0,0,0,TS_NONE,0,0,OB_NONE,0,0,0,0,0,TM_NONE,0,OS_NONE,0,TA_SOUTHWEST,0,0
218,65556,32782,0,0,0,0,0,0,0,0,TS_NONE,0,0,OB_NONE,0,0,0,0,0,TM_NONE,0,OS_NONE,0,TA_SOUTHWEST,0,0
219,65586,32812,0,0,0,0,0,0,0,0,TS_NONE,0,0,OB_NONE,0,0,0,0,0,TM_NONE,0,OS_NONE,0,TA_SOUTHWEST,0,0
220,65616,32842,0,0,0,0,0,0,0,0,TS_NONE,0,0,OB_NONE,0,0,0,0,0,TM_NONE,0,OS_NONE,0,TA_SOUTHWEST,0,0
221,65646,32872,0,0,0,0,0,0,0,0,TS_NONE,0,0,OB_NONE,0,0,0,0,0,TM_NONE,0,OS_NONE,0,TA_SOUTHWEST,0,0
222,65676,32902,0,0,0,0,0,0,0,0,TS_NONE,0,0,OB_NONE,0,0,0,0,0,TM_NONE,0,OS_NONE,0,TA_SOUTHWEST,0,0
223,65706,32932,0,0,0,0,0,0,0,0,TS_NONE,0,0,OB_NONE,0,0,0,0,0,TM_NONE,0,OS_NONE,0,TA_SOUTHWEST,0,0
224,65736,32962,0,0,0,0,0,0,0,0,TS_NONE,0,0,OB_NONE,0,0,0,0,0,TM_NONE,0,OS_NONE,0,TA_SOUTHWEST,0,0
225,65766,32992,0,0,0,0,0,0,0,0,TS_NONE,0,0,OB_NONE,0,0,0,0,0,TM_NONE,0,OS_NONE,0,TA_SOUTHWEST,0,0
226,65796,33022,0,0,0,0,0,0,0,0,TS_NONE,0,0,OB_NONE,0,0,0,0,0,TM_NONE,0,OS_NONE,0,TA_SOUTHWEST,0,0
227,65826,33052,0,0,0,0,0,0,0,0,TS_NONE,0,0,OB_NONE,0,0,0,0,0,TM_NONE,0,OS_NONE,0,TA_SOUTHWEST,0,0
228,65856,33082,0,0,0,0,0,0,0,0,TS_NONE,0,0,OB_NONE,0,0,0,0,0,TM_NONE,0,OS_NONE,0,TA_SOUTHWEST,0,0
229,65886,33112,0,0,0,0,0,0,0,0,TS_NONE,0,0,OB_NONE,0,0,0,0,0,TM_NONE,0,OS_NONE,0,TA_SOUTHWEST,0,0
230,65916,33142,0,0,0,0,0,0,0,0,TS_NONE,0,0,OB_NONE,0,0,0,0,0,TM_NONE,0,OS_NONE,0,TA_SOUTHWEST,0,0
231,65946,33172,0,0,0,0,0,0,0,0,TS_NONE,0,0,OB_NONE,0,0,0,0,0,TM_NONE,0,OS_NONE,0,TA_SOUTHWEST,0,0
232,65976,33202,0,0,0,0,0,0,0,0,TS_NONE,0,0,OB_NONE,0,0,0,0,0,TM_NONE,0,OS_NONE,0,TA_SOUTHWEST,0,0
233,66006,33232,0,0,0,0,0,0,0,0,TS_NONE,0,0,OB_NONE,0,0,0,0,0,TM_NONE,0,OS_NONE,0,TA_SOUTHWEST,0,0
234,66036,33262,0,0,0,0,0,0,0,0,TS_NONE,0,0,OB_NONE,0,0,0,0,0,TM_NONE,0,OS_NONE,0,TA_SOUTHWEST,0,0
235,66066,33292,0,0,0,0,0,0,0,0,TS_NONE,0,0,OB_NONE,0,0,0,0,0,TM_NONE,0,OS_NONE,0,TA_SOUTHWEST,0,0
236,66096,33322,0,0,0,0,0,0,0,0,TS_NONE,0,0,OB_NONE,0,0,0,0,0,TM_NONE,0,OS_NONE,0,TA_SOUTHWEST,0,0
237,66126,33352,0,0,0,0,0,0,0,0,TS_NONE,0,0,OB_NONE,0,0,0,0,0,TM_NONE,0,OS_NONE,0,TA_SOUTHWEST,0,0
238,66156,33382,0,0,0,0,0,0,0,0,TS_NONE,0,0,OB_NONE,0,0,0,0,0,TM_NONE,0,OS_NONE,0,TA_SOUTHWEST,0,0
239,66186,33412,0,0,0,0,0,0,0,0,TS_NONE,0,0,OB_NONE,0,0,0,0,0,TM_NONE,0,OS_NONE,0,TA_SOUTHWEST,0,0
240,66216,33442,0,0,0,0,0,0,0,0,TS_NONE,0,0,OB_NONE,0,0,0,0,0,TM_NONE,0,OS_NONE,0,TA_SOUTHWEST,0,0
241,66246,33472,0,0,0,0,0,0,0,0,TS_NONE,0,0,OB_NONE,0,0,0,0,0,TM_NONE,0,OS_NONE,0,TA_SOUTHWEST,0,0
242,66276,33502,0,0,0,0,0,0,0,0,TS_NONE,0,0,OB_NONE,0,0,0,0,0,TM_NONE,0,OS_NONE,0,TA_SOUTHWEST,0,0
243,66306,33532,0,0,0,0,0,0,0,0,TS_NONE,0,0,OB_NONE,0,0,0,0,0,TM_NONE,0,OS_NONE,0,TA_SOUTHWEST,0,0
244,66336,33562,0,0,0,0,0,0,0,0,TS_NONE,0,0,OB_NONE,0,0,0,0,0,TM_NONE,0,OS_NONE,0,TA_SOUTHWEST,0,0
245,66366,33592,0,0,0,0,0,0,0,0,TS_NONE,0,0,OB_NONE,0,0,0,0,0,TM_NONE,0,OS_NONE,0,TA_SOUTHWEST,0,0
246,66396,33622,0,0,0,0,0,0,0,0,TS_NONE,0,0,OB_NONE,0,0,0,0,0,TM_NONE,0,OS_NONE,0,TA_SOUTHWEST,0,0
247,66426,33652,0,0,0,0,0,0,0,0,TS_NONE,0,0,OB_NONE,0,0,0,0,0,TM_NONE,0,OS_NONE,0,TA_SOUTHWEST,0,0
248,66456,33682,0,0,0,0,0,0,0,0,TS_NONE,0,0,OB_NONE,0,0,0,0,0,TM_NONE,0,OS_NONE,0,TA_SOUTHWEST,0,0
249,66486,33712,0,0,0,0,0,0,0,0,TS_NONE,0,0,OB_NONE,0,0,0,0,0,TM_NONE,0,OS_NONE,0,TA_SOUTHWEST,0,0
250,66516,33742,0,0,0,0,0,0,0,0,TS_NONE,0,0,OB_NONE,0,0,0,0,0,TM_NONE,0,OS_NONE,0,TA_SOUTHWEST,0,0
251,66546,33772,0,0,0,0,0,0,0,0,TS_NONE,0,0,OB_NONE,0,0,0,0,0,TM_NONE,0,OS_NONE,0,TA_SOUTHWEST,0,0
252,66576,33802,0,0,0,0,0,0,0,0,TS_NONE,0,0,OB_NONE,0,0,0,0,0,TM_NONE,0,OS_NONE,0,TA_SOUTHWEST,0,0
253,66606,33832,0,0,0,0,0,0,0,0,TS_NONE,0,0,OB_NONE,0,0,0,0,0,TM_NONE,0,OS_NONE,0,TA_SOUTHWEST,0,0
254,66636,33862,0,0,0,0,0,0,0,0,TS_NONE,0,0,OB_NONE,0,0,0,0,0,TM_NONE,0,OS_NONE,0,TA_SOUTHWEST,0,0
255,66666,33892,0,0,0,0,0,0,0,0,TS_NONE,0,0,OB_NONE,0,0,0,0,0,TM_NONE,0,OS_NONE,0,TA_SOUTHWEST,0,0
256,66696,33922,0,0,0,0,0,0,0,0,TS_NONE,0,0,OB_NONE,0,0,0,0,0,TM_NONE,0,OS_NONE,0,TA_SOUTHWEST,0,0
257,66726,33952,0,0,0,0,0,0,0,0,TS_NONE,0,0,OB_NONE,0,0,0,0,0,TM_NONE,0,OS_NONE,0,TA_SOUTHWEST,0,0
258,66756,33982,0,0,0,0,0,0,0,0,TS_NONE,0,0,OB_NONE,0,0,0,0,0,TM_NONE,0,OS_NONE,0,TA_SOUTHWEST,0,0
259,66786,34012,0,0,0,0,0,0,0,0,TS_NONE,0,0,OB_NONE,0,0,0,0,0,TM_NONE,0,OS_NONE,0,TA_SOUTHWEST,0,0
260,66816,34042,0,0,0,0,0,0,0,0,TS_NONE,0,0,OB_NONE,0,0,0,0,0,TM_NONE,0,OS_NONE,0,TA_SOUTHWEST,0,0
261,66846,34072,0,0,0,0,0,0,0,0,TS_NONE,0,0,OB_NONE,0,0,0,0,0,TM_NONE,0,OS_NONE,0,TA_SOUTHWEST,0,0
262,66876,34102,0,0,0,0,0,0,0,0,TS_NONE,0,0,OB_NONE,0,0,0,0,0,TM_NONE,0,OS_NONE,0,TA_SOUTHWEST,0,0
263,66906,34132,0,0,0,0,0,0,0,0,TS_NONE,0,0,OB_NONE,0,0,0,0,0,TM_NONE,0,OS_NONE,0,TA_SOUTHWEST,0,0
264,66936,34162,0,0,0,0,0,0,0,0,TS_NONE,0,0,OB_NONE,0,0,0,0,0,TM_NONE,0,OS_NONE,0,TA_SOUTHWEST,0,0
265,66966,34192,0,0,0,0,0,0,0,0,TS_NONE,0,0,OB_NONE,0,0,0,0,0,TM_NONE,0,OS_NONE,0,TA_SOUTHWEST,0,0
266,66996,34222,0,0,0,0,0,0,0,0,TS_NONE,0,0,OB_NONE,0,0,0,0,0,TM_NONE,0,OS_NONE,0,TA_SOUTHWEST,0,0
267,67026,34252,0,0,0,0,0,0,0,0,TS_NONE,0,0,OB_NONE,0,0,0,0,0,TM_NONE,0,OS_NONE,0,TA_SOUTHWEST,0,0
268,67056,34282,0,0,0,0,0,0,0,0,TS_NONE,0,0,OB_NONE,0,0,0,0,0,TM_NONE,0,OS_NONE,0,TA_SOUTHWEST,0,0
269,67086,34312,0,0,0,0,0,0,0,0,TS_NONE,0,0,OB_NONE,0,0,0,0,0,TM_NONE,0,OS_NONE,0,TA_SOUTHWEST,0,0
270,67116,34342,0,0,0,0,0,0,0,0,TS_NONE,0,0,OB_NONE,0,0,0,0,0,TM_NONE,0,OS_NONE,0,TA_SOUTHWEST,0,0
271,67146,34372,0,0,0,0,0,0,0,0,TS_NONE,0,0,OB_NONE,0,0,0,0,0,TM_NONE,0,OS_NONE,0,TA_SOUTHWEST,0,0
272,67176,34402,0,0,0,0,0,0,0,0,TS_NONE,0,0,OB_NONE,0,0,0,0,0,TM_NONE,0,OS_NONE,0,TA_SOUTHWEST,0,0
273,67206,34432,0,0,0,0,0,0,0,0,TS_NONE,0,0,OB_NONE,0,0,0,0,0,TM_NONE,0,OS_NONE,0,TA_SOUTHWEST,0,0
274,67236,34462,0,0,0,0,0,0,0,0,TS_NONE,0,0,OB_NONE,0,0,0,0,0,TM_NONE,0,OS_NONE,0,TA_SOUTHWEST,0,0
275,67266,34492,0,0,0,0,0,0,0,0,TS_NONE,0,0,OB_NONE,0,0,0,0,0,TM_NONE,0,OS_NONE,0,TA_SOUTHWEST,0,0
276,67296,34522,0,0,0,0,0,0,0,0,TS_NONE,0,0,OB_NONE,0,0,0,0,0,TM_NONE,0,OS_NONE,0,TA_SOUTHWEST,0,0
277,67326,34552,0,0,0,0,0,0,0,0,TS_NONE,0,0,OB_NONE,0,0,0,0,0,TM_NONE,0,OS_NONE,0,TA_SOUTHWEST,0,0
278,67356,34582,0,0,0,0,0,0,0,0,TS_NONE,0,0,OB_NONE,0,0,0,0,0,TM_NONE,0,OS_NONE,0,TA_SOUTHWEST,0,0
279,67386,34612,0,0,0,0,0,0,0,0,TS_NONE,0,0,OB_NONE,0,0,0,0,0,TM_NONE,0,OS_NONE,0,TA_SOUTHWEST,0,0
280,67416,34642,0,0,0,0,0,0,0,0,TS_NONE,0,0,OB_NONE,0,0,0,0,0,TM_NONE,0,OS_NONE,0,TA_SOUTHWEST,0,0
281,67446,34672,0,0,0,0,0,0,0,0,TS_NONE,0,0,OB_NONE,0,0,0,0,0,TM_NONE,0,OS_NONE,0,TA_SOUTHWEST,0,0
282,67476,34702,0,0,0,0,0,0,0,0,TS_NONE,0,0,OB_NONE,0,0,0,0,0,TM_NONE,0,OS_NONE,0,TA_SOUTHWEST,0,0
283,67506,34732,0,0,0,0,0,0,0,0,TS_NONE,0,0,OB_NONE,0,0,0,0,0,TM_NONE,0,OS_NONE,0,TA_SOUTHWEST,0,0
284,67536,34762,0,0,0,0,0,0,0,0,TS_NONE,0,0,OB_NONE,0,0,0,0,0,TM_NONE,0,OS_NONE,0,TA_SOUTHWEST,0,0
285,67566,34792,0,0,0,0,0,0,0,0,TS_NONE,0,0,OB_NONE,0,0,0,0,0,TM_NONE,0,OS_NONE,0,TA_SOUTHWEST,0,0
286,67596,34822,0,0,0,0,0,0,0,0,TS_NONE,0,0,OB_NONE,0,0,0,0,0,TM_NONE,0,OS_NONE,0,TA_SOUTHWEST,0,0
287,67626,34852,0,0,0,0,0,0,0,0,TS_NONE,0,0,OB_NONE,0,0,0,0,0,TM_NONE,0,OS_NONE,0,TA_SOUTHWEST,0,0
288,67656,34882,0,0,0,0,0,0,0,0,TS_NONE,0,0,OB_NONE,0,0,0,0,0,TM_NONE,0,OS_NONE,0,TA_SOUTHWEST,0,0
289,67686,34912,0,0,0,0,0,0,0,0,TS_NONE,0,0,OB_NONE,0,0,0,0,0,TM_NONE,0,OS_NONE,0,TA_SOUTHWEST,0,0
290,67716,34942,0,0,0,0,0,0,0,0,TS_NONE,0,0,OB_NONE,0,0,0,0,0,TM_NONE,0,OS_NONE,0,TA_SOUTHWEST,0,0
291,67746,34972,0,0,0,0,0,0,0,0,TS_NONE,0,0,OB_NONE,0,0,0,0,0,TM_NONE,0,OS_NONE,0,TA_SOUTHWEST,0,0
292,67776,35002,0,0,0,0,0,0,0,0,TS_NONE,0,0,OB_NONE,0,0,0,0,0,TM_NONE,0,OS_NONE,0,TA_SOUTHWEST,0,0
293,67806,35032,0,0,0,0,0,0,0,0,TS_NONE,0,0,OB_NONE,0,0,0,0,0,TM_NONE,0,OS_NONE,0,TA_SOUTHWEST,0,0
294,67836,35062,0,0,0,0,0,0,0,0,TS_NONE,0,0,OB_NONE,0,0,0,0,0,TM_NONE,0,OS_NONE,0,TA_SOUTHWEST,0,0
295,67866,35092,0,0,0,0,0,0,0,0,TS_NONE,0,0,OB_NONE,0,0,0,0,0,TM_NONE,0,OS_NONE,0,TA_SOUTHWEST,0,0
296,67896,35122,0,0,0,0,0,0,0,0,TS_NONE,0,0,OB_NONE,0,0,0,0,0,TM_NONE,0,OS_NONE,0,TA_SOUTHWEST,0,0
297,67926,35152,0,0,0,0,0,0,0,0,TS_NONE,0,0,OB_NONE,0,0,0,0,0,TM_NONE,0,OS_NONE,0,TA_SOUTHWEST,0,0
298,67956,35182,0,0,0,0,0,0,0,0,TS_NONE,0,0,OB_NONE,0,0,0,0,0,TM_NONE,0,OS_NONE,0,TA_SOUTHWEST,0,0
299,67986,35212,0,0,0,0,0,0,0,0,TS_NONE,0,0,OB_NONE,0,0,0,0,0,TM_NONE,0,OS_NONE,0,TA_SOUTHWEST,0,0
300,68016,35242,0,0,0,0,0,0,0,0,TS_NONE,0,0,OB_NONE,0,0,0,0,0,TM_NONE,0,OS_NONE,0,TA_SOUTHWEST,0,0
301,68046,35272,0,0,0,0,0,0,0,0,TS_NONE,0,0,OB_NONE,0,0,0,0,0,TM_NONE,0,OS_NONE,0,TA_SOUTHWEST,0,0
302,68076,35302,0,0,0,0,0,0,0,0,TS_NONE,0,0,OB_NONE,0,0,0,0,0,TM_NONE,0,OS_NONE,0,TA_SOUTHWEST,0,0
303,68106,35332,0,0,0,0,0,0,0,0,TS_NONE,0,0,OB_NONE,0,0,0,0,0,TM_NONE,0,OS_NONE,0,TA_SOUTHWEST,0,0
304,68136,35362,0,0,0,0,0,0,0,0,TS_NONE,0,0,OB_NONE,0,0,0,0,0,TM_NONE,0,OS_NONE,0,TA_SOUTHWEST,0,0
305,68166,35392,0,0,0,0,0,0,0,0,TS_NONE,0,0,OB_NONE,0,0,0,0,0,TM_NONE,0,OS_NONE,0,TA_SOUTHWEST,0,0
306,68196,35422,0,0,0,0,0,0,0,0,TS_NONE,0,0,OB_NONE,0,0,0,0,0,TM_NONE,0,OS_NONE,0,TA_SOUTHWEST,0,0
307,68226,35452,0,0,0,0,0,0,0,0,TS_NONE,0,0,OB_NONE,0,0,0,0,0,TM_NONE,0,OS_NONE,0,TA_SOUTHWEST,0,0
308,68256,35482,0,0,0,0,0,0,0,0,TS_NONE,0,0,OB_NONE,0,0,0,0,0,TM_NONE,0,OS_NONE,0,TA_SOUTHWEST,0,0
309,68286,35512,0,0,0,0,0,0,0,0,TS_NONE,0,0,OB_NONE,0,0,0,0,0,TM_NONE,0,OS_NONE,0,TA_SOUTHWEST,0,0
310,68316,35542,0,0,0,0,0,0,0,0,TS_NONE,0,0,OB_NONE,0,0,0,0,0,TM_NONE,0,OS_NONE,0,TA_SOUTHWEST,0,0
311,68346,35572,0,0,0,0,0,0,0,0,TS_NONE,0,0,OB_NONE,0,0,0,0,0,TM_NONE,0,OS_NONE,0,TA_SOUTHWEST,0,0
312,68376,35602,0,0,0,0,0,0,0,0,TS_NONE,0,0,OB_NONE,0,0,0,0,0,TM_NONE,0,OS_NONE,0,TA_SOUTHWEST,0,0
313,68406,35632,0,0,0,0,0,0,0,0,TS_NONE,0,0,OB_NONE,0,0,0,0,0,TM_NONE,0,OS_NONE,0,TA_SOUTHWEST,0,0
314,68436,35662,0,0,0,0,0,0,0,0,TS_NONE,0,0,OB_NONE,0,0,0,0,0,TM_NONE,0,OS_NONE,0,TA_SOUTHWEST,0,0
315,68466,35692,0,0,0,0,0,0,0,0,TS_NONE,0,0,OB_NONE,0,0,0,0,0,TM_NONE,0,OS_NONE,0,TA_SOUTHWEST,0,0
316,68496,35722,0,0,0,0,0,0,0,0,TS_NONE,0,0,OB_NONE,0,0,0,0,0,TM_NONE,0,OS_NONE,0,TA_SOUTHWEST,0,0
317,68526,35752,0,0,0,0,0,0,0,0,TS_NONE,0,0,OB_NONE,0,0,0,0,0,TM_NONE,0,OS_NONE,0,TA_SOUTHWEST,0,0
318,68556,35782,0,0,0,0,0,0,0,0,TS_NONE,0,0,OB_NONE,0,0,0,0,0,TM_NONE,0,OS_NONE,0,TA_SOUTHWEST,0,0
319,68586,35812,0,0,0,0,0,0,0,0,TS_NONE,0,0,OB_NONE,0,0,0,0,0,TM_NONE,0,OS_NONE,0,TA_SOUTHWEST,0,0
320,68616,35842,0,0,0,0,0,0,0,0,TS_NONE,0,0,OB_NONE,0,0,0,0,0,TM_NONE,0,OS_NONE,0,TA_SOUTHWEST,0,0
321,68646,35872,0,0,0,0,0,0,0,0,TS_NONE,0,0,OB_NONE,0,0,0,0,0,TM_NONE,0,OS_NONE,0,TA_SOUTHWEST,0,0
322,68676,35902,0,0,0,0,0,0,0,0,TS_NONE,0,0,OB_NONE,0,0,0,0,0,TM_NONE,0,OS_NONE,0,TA_SOUTHWEST,0,0
323,68706,35932,0,0,0,0,0,0,0,0,TS_NONE,0,0,OB_NONE,0,0,0,0,0,TM_NONE,0,OS_NONE,0,TA_SOUTHWEST,0,0
324,68736,35962,0,0,0,0,0,0,0,0,TS_NONE,0,0,OB_NONE,0,0,0,0,0,TM_NONE,0,OS_NONE,0,TA_SOUTHWEST,0,0
325,68766,35992,0,0,0,0,0,0,0,0,TS_NONE,0,0,OB_NONE,0,0,0,0,0,TM_NONE,0,OS_NONE,0,TA_SOUTHWEST,0,0
326,68796,36022,0,0,0,0,0,0,0,0,TS_NONE,0,0,OB_NONE,0,0,0,0,0,TM_NONE,0,OS_NONE,0,TA_SOUTHWEST,0,0
327,68826,36052,0,0,0,0,0,0,0,0,TS_NONE,0,0,OB_NONE,0,0,0,0,0,TM_NONE,0,OS_NONE,0,TA_SOUTHWEST,0,0
328,68856,36082,0,0,0,0,0,0,0,0,TS_NONE,0,0,OB_NONE,0,0,0,0,0,TM_NONE,0,OS_NONE,0,TA_SOUTHWEST,0,0
329,68886,36112,0,0,0,0,0,0,0,0,TS_NONE,0,0,OB_NONE,0,0,0,0,0,TM_NONE,0,OS_NONE,0,TA_SOUTHWEST,0,0
330,68916,36142,0,0,0,0,0,0,0,0,TS_NONE,0,0,OB_NONE,0,0,0,0,0,TM_NONE,0,OS_NONE,0,TA_SOUTHWEST,0,0
331,68946,36172,0,0,0,0,0,0,0,0,TS_NONE,0,0,OB_NONE,0,0,0,0,0,TM_NONE,0,OS_NONE,0,TA_SOUTHWEST,0,0
332,68976,36202,0,0,0,0,0,0,0,0,TS_NONE,0,0,OB_NONE,0,0,0,0,0,TM_NONE,0,OS_NONE,0,TA_SOUTHWEST,0,0
333,69006,36232,0,0,0,0,0,0,0,0,TS_NONE,0,0,OB_NONE,0,0,0,0,0,TM_NONE,0,OS_NONE,0,TA_SOUTHWEST,0,0
334,69036,36262,0,0,0,0,0,0,0,0,TS_NONE,0,0,OB_NONE,0,0,0,0,0,TM_NONE,0,OS_NONE,0,TA_SOUTHWEST,0,0
335,69066,36292,0,0,0,0,0,0,0,0,TS_NONE,0,0,OB_NONE,0,0,0,0,0,TM_NONE,0,OS_NONE,0,TA_SOUTHWEST,0,0
336,69096,36322,0,0,0,0,0,0,0,0,TS_NONE,0,0,OB_NONE,0,0,0,0,0,TM_NONE,0,OS_NONE,0,TA_SOUTHWEST,0,0
337,69126,36352,0,0,0,0,0,0,0,0,TS_NONE,0,0,OB_NONE,0,0,0,0,0,TM_NONE,0,OS_NONE,0,TA_SOUTHWEST,0,0
338,69156,36382,0,0,0,0,0,0,0,0,TS_NONE,0,0,OB_NONE,0,0,0,0,0,TM_NONE,0,OS_NONE,0,TA_SOUTHWEST,0,0
339,69186,36412,0,0,0,0,0,0,0,0,TS_NONE,0,0,OB_NONE,0,0,0,0,0,TM_NONE,0,OS_NONE,0,TA_SOUTHWEST,0,0
340,69216,36442,0,0,0,0,0,0,0,0,TS_NONE,0,0,OB_NONE,0,0,0,0,0,TM_NONE,0,OS_NONE,0,TA_SOUTHWEST,0,0
341,69246,36472,0,0,0,0,0,0,0,0,TS_NONE,0,0,OB_NONE,0,0,0,0,0,TM_NONE,0,OS_NONE,0,TA_SOUTHWEST,0,0
342,69276,36502,0,0,0,0,0,0,0,0,TS_NONE,0,0,OB_NONE,0,0,0,0,0,TM_NONE,0,OS_NONE,0,TA_SOUTHWEST,0,0
343,69306,36532,0,0,0,0,0,0,0,0,TS_NONE,0,0,OB_NONE,0,0,0,0,0,TM_NONE,0,OS_NONE,0,TA_SOUTHWEST,0,0
344,69336,36562,0,0,0,0,0,0,0,0,TS_NONE,0,0,OB_NONE,0,0,0,0,0,TM_NONE,0,OS_NONE,0,TA_SOUTHWEST,0,0
345,69366,36592,0,0,0,0,0,0,0,0,TS_NONE,0,0,OB_NONE,0,0,0,0,0,TM_NONE,0,OS_NONE,0,TA_SOUTHWEST,0,0
346,69396,36622,0,0,0,0,0,0,0,0,TS_NONE,0,0,OB_NONE,0,0,0,0,0,TM_NONE,0,OS_NONE,0,TA_SOUTHWEST,0,0
347,69426,36652,0,0,0,0,0,0,0,0,TS_NONE,0,0,OB_NONE,0,0,0,0,0,TM_NONE,0,OS_NONE,0,TA_SOUTHWEST,0,0
348,69456,36682,0,0,0,0,0,0,0,0,TS_NONE,0,0,OB_NONE,0,0,0,0,0,TM_NONE,0,OS_NONE,0,TA_SOUTHWEST,0,0
349,69486,36712,0,0,0,0,0,0,0,0,TS_NONE,0,0,OB_NONE,0,0,0,0,0,TM_NONE,0,OS_NONE,0,TA_SOUTHWEST,0,0
350,69516,36742,0,0,0,0,0,0,0,0,TS_NONE,0,0,OB_NONE,0,0,0,0,0,TM_NONE,0,OS_NONE,0,TA_SOUTHWEST,0,0
351,69546,36772,0,0,0,0,0,0,0,0,TS_NONE,0,0,OB_NONE,0,0,0,0,0,TM_NONE,0,OS_NONE,0,TA_SOUTHWEST,0,0
352,69576,36802,0,0,0,0,0,0,0,0,TS_NONE,0,0,OB_NONE,0,0,0,0,0,TM_NONE,0,OS_NONE,0,TA_SOUTHWEST,0,0
353,69606,36832,0,0,0,0,0,0,0,0,TS_NONE,0,0,OB_NONE,0,0,0,0,0,TM_NONE,0,OS_NONE,0,TA_SOUTHWEST,0,0
354,69636,36862,0,0,0,0,0,0,0,0,TS_NONE,0,0,OB_NONE,0,0,0,0,0,TM_NONE,0,OS_NONE,0,TA_SOUTHWEST,0,0
355,69666,36892,0,0,0,0,0,0,0,0,TS_NONE,0,0,OB_NONE,0,0,0,0,0,TM_NONE,0,OS_NONE,0,TA_SOUTHWEST,0,0
356,69696,36922,0,0,0,0,0,0,0,0,TS_NONE,0,0,OB_NONE,0,0,0,0,0,TM_NONE,0,OS_NONE,0,TA_SOUTHWEST,0,0
357,69726,36952,0,0,0,0,0,0,0,0,TS_NONE,0,0,OB_NONE,0,0,0,0,0,TM_NONE,0,OS_NONE,0,TA_SOUTHWEST,0,0
358,69756,36982,0,0,0,0,0,0,0,0,TS_NONE,0,0,OB_NONE,0,0,0,0,0,TM_NONE,0,OS_NONE,0,TA_SOUTHWEST,0,0
359,69786,37012,0,0,0,0,0,0,0,0,TS_NONE,0,0,OB_NONE,0,0,0,0,0,TM_NONE,0,OS_NONE,0,TA_SOUTHWEST,0,0
360,69816,37042,0,0,0,0,0,0,0,0,TS_NONE,0,0,OB_NONE,0,0,0,0,0,TM_NONE,0,OS_NONE,0,TA_SOUTHWEST,0,0
361,69846,37072,0,0,0,0,0,0,0,0,TS_NONE,0,0,OB_NONE,0,0,0,0,0,TM_NONE,0,OS_NONE,0,TA_SOUTHWEST,0,0
362,69876,37102,0,0,0,0,0,0,0,0,TS_NONE,0,0,OB_NONE,0,0,0,0,0,TM_NONE,0,OS_NONE,0,TA_SOUTHWEST,0,0
363,69906,37132,0,0,0,0,0,0,0,0,TS_NONE,0,0,OB_NONE,0,0,0,0,0,TM_NONE,0,OS_NONE,0,TA_SOUTHWEST,0,0
364,69936,37162,0,0,0,0,0,0,0,0,TS_NONE,0,0,OB_NONE,0,0,0,0,0,TM_NONE,0,OS_NONE,0,TA_SOUTHWEST,0,0
365,69966,37192,0,0,0,0,0,0,0,0,TS_NONE,0,0,OB_NONE,0,0,0,0,0,TM_NONE,0,OS_NONE,0,TA_SOUTHWEST,0,0
366,69996,37222,0,0,0,0,0,0,0,0,TS_NONE,0,0,OB_NONE,0,0,0,0,0,TM_NONE,0,OS_NONE,0,TA_SOUTHWEST,0,0
367,70026,37252,0,0,0,0,0,0,0,0,TS_NONE,0,0,OB_NONE,0,0,0,0,0,TM_NONE,0,OS_NONE,0,TA_SOUTHWEST,0,0
368,70056,37282,0,0,0,0,0,0,0,0,TS_NONE,0,0,OB_NONE,0,0,0,0,0,TM_NONE,0,OS_NONE,0,TA_SOUTHWEST,0,0
369,70086,37312,0,0,0,0,0,0,0,0,TS_NONE,0,0,OB_NONE,0,0,0,0,0,TM_NONE,0,OS_NONE,0,TA_SOUTHWEST,0,0
370,70116,37342,0,0,0,0,0,0,0,0,TS_NONE,0,0,OB_NONE,0,0,0,0,0,TM_NONE,0,OS_NONE,0,TA_SOUTHWEST,0,0
371,70146,37372,0,0,0,0,0,0,0,0,TS_NONE,0,0,OB_NONE,0,0,0,0,0,TM_NONE,0,OS_NONE,0,TA_SOUTHWEST,0,0
372,70176,37402,0,0,0,0,0,0,0,0,TS_NONE,0,0,OB_NONE,0,0,0,0,0,TM_NONE,0,OS_NONE,0,TA_SOUTHWEST,0,0
373,70206,37432,0,0,0,0,0,0,0,0,TS_NONE,0,0,OB_NONE,0,0,0,0,0,TM_NONE,0,OS_NONE,0,TA_SOUTHWEST,0,0
374,70236,37462,0,0,0,0,0,0,0,0,TS_NONE,0,0,OB_NONE,0,0,0,0,0,TM_NONE,0,OS_NONE,0,TA_SOUTHWEST,0,0
375,70266,37492,0,0,0,0,0,0,0,0,TS_NONE,0,0,OB_NONE,0,0,0,0,0,TM_NONE,0,OS_NONE,0,TA_SOUTHWEST,0,0
376,70296,37522,0,0,0,0,0,0,0,0,TS_NONE,0,0,OB_NONE,0,0,0,0,0,TM_NONE,0,OS_NONE,0,TA_SOUTHWEST,0,0
377,70326,37552,0,0,0,0,0,0,0,0,TS_NONE,0,0,OB_NONE,0,0,0,0,0,TM_NONE,0,OS_NONE,0,TA_SOUTHWEST,0,0
378,70356,37582,0,0,0,0,0,0,0,0,TS_NONE,0,0,OB_NONE,0,0,0,0,0,TM_NONE,0,OS_NONE,0,TA_SOUTHWEST,0,0
379,70386,37612,0,0,0,0,0,0,0,0,TS_NONE,0,0,OB_NONE,0,0,0,0,0,TM_NONE,0,OS_NONE,0,TA_SOUTHWEST,0,0
380,70416,37642,0,0,0,0,0,0,0,0,TS_NONE,0,0,OB_NONE,0,0,0,0,0,TM_NONE,0,OS_NONE,0,TA_SOUTHWEST,0,0
381,70446,37672,0,0,0,0,0,0,0,0,TS_NONE,0,0,OB_NONE,0,0,0,0,0,TM_NONE,0,OS_NONE,0,TA_SOUTHWEST,0,0
382,70476,37702,0,0,0,0,0,0,0,0,TS_NONE,0,0,OB_NONE,0,0,0,0,0,TM_NONE,0,OS_NONE,0,TA_SOUTHWEST,0,0
383,70506,37732,0,0,0,0,0,0,0,0,TS_NONE,0,0,OB_NONE,0,0,0,0,0,TM_NONE,0,OS_NONE,0,TA_SOUTHWEST,0,0
384,70536,37762,0,0,0,0,0,0,0,0,TS_NONE,0,0,OB_NONE,0,0,0,0,0,TM_NONE,0,OS_NONE,0,TA_SOUTHWEST,0,0
385,70566,37792,0,0,0,0,0,0,0,0,TS_NONE,0,0,OB_NONE,0,0,0,0,0,TM_NONE,0,OS_NONE,0,TA_SOUTHWEST,0,0
386,70596,37822,0,0,0,0,0,0,0,0,TS_NONE,0,0,OB_NONE,0,0,0,0,0,TM_NONE,0,OS_NONE,0,TA_SOUTHWEST,0,0
387,70626,37852,0,0,0,0,0,0,0,0,TS_NONE,0,0,OB_NONE,0,0,0,0,0,TM_NONE,0,OS_NONE,0,TA_SOUTHWEST,0,0
388,70656,37882,0,0,0,0,0,0,0,0,TS_NONE,0,0,OB_NONE,0,0,0,0,0,TM_NONE,0,OS_NONE,0,TA_SOUTHWEST,0,0
389,70686,37912,0,0,0,0,0,0,0,0,TS_NONE,0,0,OB_NONE,0,0,0,0,0,TM_NONE,0,OS_NONE,0,TA_SOUTHWEST,0,0
390,70716,37942,0,0,0,0,0,0,0,0,TS_NONE,0,0,OB_NONE,0,0,0,0,0,TM_NONE,0,OS_NONE,0,TA_SOUTHWEST,0,0
391,70746,37972,0,0,0,0,0,0,0,0,TS_NONE,0,0,OB_NONE,0,0,0,0,0,TM_NONE,0,OS_NONE,0,TA_SOUTHWEST,0,0
392,70776,38002,0,0,0,0,0,0,0,0,TS_NONE,0,0,OB_NONE,0,0,0,0,0,TM_NONE,0,OS_NONE,0,TA_SOUTHWEST,0,0
393,70806,38032,0,0,0,0,0,0,0,0,TS_NONE,0,0,OB_NONE,0,0,0,0,0,TM_NONE,0,OS_NONE,0,TA_SOUTHWEST,0,0
394,70836,38062,0,0,0,0,0,0,0,0,TS_NONE,0,0,OB_NONE,0,0,0,0,0,TM_NONE,0,OS_NONE,0,TA_SOUTHWEST,0,0
395,70866,38092,0,0,0,0,0,0,0,0,TS_NONE,0,0,OB_NONE,0,0,0,0,0,TM_NONE,0,OS_NONE,0,TA_SOUTHWEST,0,0
396,70896,38122,0,0,0,0,0,0,0,0,TS_NONE,0,0,OB_NONE,0,0,0,0,0,TM_NONE,0,OS_NONE,0,TA_SOUTHWEST,0,0
397,70926,38152,0,0,0,0,0,0,0,0,TS_NONE,0,0,OB_NONE,0,0,0,0,0,TM_NONE,0,OS_NONE,0,TA_SOUTHWEST,0,0
398,70956,38182,0,0,0,0,0,0,0,0,TS_NONE,0,0,OB_NONE,0,0,0,0,0,TM_NONE,0,OS_NONE,0,TA_SOUTHWEST,0,0
399,70986,38212,0,0,0,0,0,0,0,0,TS_NONE,0,0,OB_NONE,0,0,0,0,0,TM_NONE,0,OS_NONE,0,TA_SOUTHWEST,0,0
