GloOfs,RelOfs,Next,Data,GotoX,GotoY,GotoZ,State
97128,64354,0,0,0,0,0,0
97136,64362,0,0,0,0,0,0
97144,64370,0,0,0,0,0,0
97152,64378,0,0,0,0,0,0
97160,64386,0,0,0,0,0,0
97168,64394,0,0,0,0,0,0
97176,64402,0,0,0,0,0,0
97184,64410,0,0,0,0,0,0
97192,64418,0,0,0,0,0,0
97200,64426,0,0,0,0,0,0
97208,64434,0,0,0,0,0,0
97216,64442,0,0,0,0,0,0
97224,64450,0,0,0,0,0,0
97232,64458,0,0,0,0,0,0
97240,64466,0,0,0,0,0,0
97248,64474,0,0,0,0,0,0
97256,64482,0,0,0,0,0,0
97264,64490,0,0,0,0,0,0
97272,64498,0,0,0,0,0,0
97280,64506,0,0,0,0,0,0
97288,64514,0,0,0,0,0,0
97296,64522,0,0,0,0,0,0
97304,64530,0,0,0,0,0,0
97312,64538,0,0,0,0,0,0
97320,64546,0,0,0,0,0,0
97328,64554,0,0,0,0,0,0
97336,64562,0,0,0,0,0,0
97344,64570,0,0,0,0,0,0
97352,64578,0,0,0,0,0,0
97360,64586,0,0,0,0,0,0
97368,64594,0,0,0,0,0,0
97376,64602,0,0,0,0,0,0
97384,64610,0,0,0,0,0,0
97392,64618,0,0,0,0,0,0
97400,64626,0,0,0,0,0,0
97408,64634,0,0,0,0,0,0
97416,64642,0,0,0,0,0,0
97424,64650,0,0,0,0,0,0
97432,64658,0,0,0,0,0,0
97440,64666,0,0,0,0,0,0
97448,64674,0,0,0,0,0,0
97456,64682,0,0,0,0,0,0
97464,64690,0,0,0,0,0,0
97472,64698,0,0,0,0,0,0
97480,64706,0,0,0,0,0,0
97488,64714,0,0,0,0,0,0
97496,64722,0,0,0,0,0,0
97504,64730,0,0,0,0,0,0
97512,64738,0,0,0,0,0,0
97520,64746,0,0,0,0,0,0
97528,64754,0,0,0,0,0,0
97536,64762,0,0,0,0,0,0
97544,64770,0,0,0,0,0,0
97552,64778,0,0,0,0,0,0
97560,64786,0,0,0,0,0,0
97568,64794,0,0,0,0,0,0
97576,64802,0,0,0,0,0,0
97584,64810,0,0,0,0,0,0
97592,64818,0,0,0,0,0,0
97600,64826,0,0,0,0,0,0
97608,64834,0,0,0,0,0,0
97616,64842,0,0,0,0,0,0
97624,64850,0,0,0,0,0,0
97632,64858,0,0,0,0,0,0
97640,64866,0,0,0,0,0,0
97648,64874,0,0,0,0,0,0
97656,64882,0,0,0,0,0,0
97664,64890,0,0,0,0,0,0
97672,64898,0,0,0,0,0,0
97680,64906,0,0,0,0,0,0
97688,64914,0,0,0,0,0,0
97696,64922,0,0,0,0,0,0
97704,64930,0,0,0,0,0,0
97712,64938,0,0,0,0,0,0
97720,64946,0,0,0,0,0,0
97728,64954,0,0,0,0,0,0
97736,64962,0,0,0,0,0,0
97744,64970,0,0,0,0,0,0
97752,64978,0,0,0,0,0,0
97760,64986,0,0,0,0,0,0
97768,64994,0,0,0,0,0,0
97776,65002,0,0,0,0,0,0
97784,65010,0,0,0,0,0,0
97792,65018,0,0,0,0,0,0
97800,65026,0,0,0,0,0,0
97808,65034,0,0,0,0,0,0
97816,65042,0,0,0,0,0,0
97824,65050,0,0,0,0,0,0
97832,65058,0,0,0,0,0,0
97840,65066,0,0,0,0,0,0
97848,65074,0,0,0,0,0,0
97856,65082,0,0,0,0,0,0
97864,65090,0,0,0,0,0,0
97872,65098,0,0,0,0,0,0
97880,65106,0,0,0,0,0,0
97888,65114,0,0,0,0,0,0
97896,65122,0,0,0,0,0,0
97904,65130,0,0,0,0,0,0
97912,65138,0,0,0,0,0,0
97920,65146,0,0,0,0,0,0
97928,65154,0,0,0,0,0,0
97936,65162,0,0,0,0,0,0
97944,65170,0,0,0,0,0,0
97952,65178,0,0,0,0,0,0
97960,65186,0,0,0,0,0,0
97968,65194,0,0,0,0,0,0
97976,65202,0,0,0,0,0,0
97984,65210,0,0,0,0,0,0
97992,65218,0,0,0,0,0,0
98000,65226,0,0,0,0,0,0
98008,65234,0,0,0,0,0,0
98016,65242,0,0,0,0,0,0
98024,65250,0,0,0,0,0,0
98032,65258,0,0,0,0,0,0
98040,65266,0,0,0,0,0,0
98048,65274,0,0,0,0,0,0
98056,65282,0,0,0,0,0,0
98064,65290,0,0,0,0,0,0
98072,65298,0,0,0,0,0,0
98080,65306,0,0,0,0,0,0
98088,65314,0,0,0,0,0,0
98096,65322,0,0,0,0,0,0
98104,65330,0,0,0,0,0,0
98112,65338,0,0,0,0,0,0
98120,65346,0,0,0,0,0,0
98128,65354,0,0,0,0,0,0
98136,65362,0,0,0,0,0,0
98144,65370,0,0,0,0,0,0
98152,65378,0,0,0,0,0,0
98160,65386,0,0,0,0,0,0
98168,65394,0,0,0,0,0,0
98176,65402,0,0,0,0,0,0
98184,65410,0,0,0,0,0,0
98192,65418,0,0,0,0,0,0
98200,65426,0,0,0,0,0,0
98208,65434,0,0,0,0,0,0
98216,65442,0,0,0,0,0,0
98224,65450,0,0,0,0,0,0
98232,65458,0,0,0,0,0,0
98240,65466,0,0,0,0,0,0
98248,65474,0,0,0,0,0,0
98256,65482,0,0,0,0,0,0
98264,65490,0,0,0,0,0,0
98272,65498,0,0,0,0,0,0
98280,65506,0,0,0,0,0,0
98288,65514,0,0,0,0,0,0
98296,65522,0,0,0,0,0,0
98304,65530,0,0,0,0,0,0
98312,65538,0,0,0,0,0,0
98320,65546,0,0,0,0,0,0
98328,65554,0,0,0,0,0,0
98336,65562,0,0,0,0,0,0
98344,65570,0,0,0,0,0,0
98352,65578,0,0,0,0,0,0
98360,65586,0,0,0,0,0,0
98368,65594,0,0,0,0,0,0
98376,65602,0,0,0,0,0,0
98384,65610,0,0,0,0,0,0
98392,65618,0,0,0,0,0,0
98400,65626,0,0,0,0,0,0
98408,65634,0,0,0,0,0,0
98416,65642,0,0,0,0,0,0
98424,65650,0,0,0,0,0,0
98432,65658,0,0,0,0,0,0
98440,65666,0,0,0,0,0,0
98448,65674,0,0,0,0,0,0
98456,65682,0,0,0,0,0,0
98464,65690,0,0,0,0,0,0
98472,65698,0,0,0,0,0,0
98480,65706,0,0,0,0,0,0
98488,65714,0,0,0,0,0,0
98496,65722,0,0,0,0,0,0
98504,65730,0,0,0,0,0,0
98512,65738,0,0,0,0,0,0
98520,65746,0,0,0,0,0,0
98528,65754,0,0,0,0,0,0
98536,65762,0,0,0,0,0,0
98544,65770,0,0,0,0,0,0
98552,65778,0,0,0,0,0,0
98560,65786,0,0,0,0,0,0
98568,65794,0,0,0,0,0,0
98576,65802,0,0,0,0,0,0
98584,65810,0,0,0,0,0,0
98592,65818,0,0,0,0,0,0
98600,65826,0,0,0,0,0,0
98608,65834,0,0,0,0,0,0
98616,65842,0,0,0,0,0,0
98624,65850,0,0,0,0,0,0
98632,65858,0,0,0,0,0,0
98640,65866,0,0,0,0,0,0
98648,65874,0,0,0,0,0,0
98656,65882,0,0,0,0,0,0
98664,65890,0,0,0,0,0,0
98672,65898,0,0,0,0,0,0
98680,65906,0,0,0,0,0,0
98688,65914,0,0,0,0,0,0
98696,65922,0,0,0,0,0,0
98704,65930,0,0,0,0,0,0
98712,65938,0,0,0,0,0,0
98720,65946,0,0,0,0,0,0
98728,65954,0,0,0,0,0,0
98736,65962,0,0,0,0,0,0
98744,65970,0,0,0,0,0,0
98752,65978,0,0,0,0,0,0
98760,65986,0,0,0,0,0,0
98768,65994,0,0,0,0,0,0
98776,66002,0,0,0,0,0,0
98784,66010,0,0,0,0,0,0
98792,66018,0,0,0,0,0,0
98800,66026,0,0,0,0,0,0
98808,66034,0,0,0,0,0,0
98816,66042,0,0,0,0,0,0
98824,66050,0,0,0,0,0,0
98832,66058,0,0,0,0,0,0
98840,66066,0,0,0,0,0,0
98848,66074,0,0,0,0,0,0
98856,66082,0,0,0,0,0,0
98864,66090,0,0,0,0,0,0
98872,66098,0,0,0,0,0,0
98880,66106,0,0,0,0,0,0
98888,66114,0,0,0,0,0,0
98896,66122,0,0,0,0,0,0
98904,66130,0,0,0,0,0,0
98912,66138,0,0,0,0,0,0
98920,66146,0,0,0,0,0,0
98928,66154,0,0,0,0,0,0
98936,66162,0,0,0,0,0,0
98944,66170,0,0,0,0,0,0
98952,66178,0,0,0,0,0,0
98960,66186,0,0,0,0,0,0
98968,66194,0,0,0,0,0,0
98976,66202,0,0,0,0,0,0
98984,66210,0,0,0,0,0,0
98992,66218,0,0,0,0,0,0
99000,66226,0,0,0,0,0,0
99008,66234,0,0,0,0,0,0
99016,66242,0,0,0,0,0,0
99024,66250,0,0,0,0,0,0
99032,66258,0,0,0,0,0,0
99040,66266,0,0,0,0,0,0
99048,66274,0,0,0,0,0,0
99056,66282,0,0,0,0,0,0
99064,66290,0,0,0,0,0,0
99072,66298,0,0,0,0,0,0
99080,66306,0,0,0,0,0,0
99088,66314,0,0,0,0,0,0
99096,66322,0,0,0,0,0,0
99104,66330,0,0,0,0,0,0
99112,66338,0,0,0,0,0,0
99120,66346,0,0,0,0,0,0
99128,66354,0,0,0,0,0,0
99136,66362,0,0,0,0,0,0
99144,66370,0,0,0,0,0,0
99152,66378,0,0,0,0,0,0
99160,66386,0,0,0,0,0,0
99168,66394,0,0,0,0,0,0
99176,66402,0,0,0,0,0,0
99184,66410,0,0,0,0,0,0
99192,66418,0,0,0,0,0,0
99200,66426,0,0,0,0,0,0
99208,66434,0,0,0,0,0,0
99216,66442,0,0,0,0,0,0
99224,66450,0,0,0,0,0,0
99232,66458,0,0,0,0,0,0
99240,66466,0,0,0,0,0,0
99248,66474,0,0,0,0,0,0
99256,66482,0,0,0,0,0,0
99264,66490,0,0,0,0,0,0
99272,66498,0,0,0,0,0,0
99280,66506,0,0,0,0,0,0
99288,66514,0,0,0,0,0,0
99296,66522,0,0,0,0,0,0
99304,66530,0,0,0,0,0,0
99312,66538,0,0,0,0,0,0
99320,66546,0,0,0,0,0,0
99328,66554,0,0,0,0,0,0
99336,66562,0,0,0,0,0,0
99344,66570,0,0,0,0,0,0
99352,66578,0,0,0,0,0,0
99360,66586,0,0,0,0,0,0
99368,66594,0,0,0,0,0,0
99376,66602,0,0,0,0,0,0
99384,66610,0,0,0,0,0,0
99392,66618,0,0,0,0,0,0
99400,66626,0,0,0,0,0,0
99408,66634,0,0,0,0,0,0
99416,66642,0,0,0,0,0,0
99424,66650,0,0,0,0,0,0
99432,66658,0,0,0,0,0,0
99440,66666,0,0,0,0,0,0
99448,66674,0,0,0,0,0,0
99456,66682,0,0,0,0,0,0
99464,66690,0,0,0,0,0,0
99472,66698,0,0,0,0,0,0
99480,66706,0,0,0,0,0,0
99488,66714,0,0,0,0,0,0
99496,66722,0,0,0,0,0,0
99504,66730,0,0,0,0,0,0
99512,66738,0,0,0,0,0,0
99520,66746,0,0,0,0,0,0
99528,66754,0,0,0,0,0,0
99536,66762,0,0,0,0,0,0
99544,66770,0,0,0,0,0,0
99552,66778,0,0,0,0,0,0
99560,66786,0,0,0,0,0,0
99568,66794,0,0,0,0,0,0
99576,66802,0,0,0,0,0,0
99584,66810,0,0,0,0,0,0
99592,66818,0,0,0,0,0,0
99600,66826,0,0,0,0,0,0
99608,66834,0,0,0,0,0,0
99616,66842,0,0,0,0,0,0
99624,66850,0,0,0,0,0,0
99632,66858,0,0,0,0,0,0
99640,66866,0,0,0,0,0,0
99648,66874,0,0,0,0,0,0
99656,66882,0,0,0,0,0,0
99664,66890,0,0,0,0,0,0
99672,66898,0,0,0,0,0,0
99680,66906,0,0,0,0,0,0
99688,66914,0,0,0,0,0,0
99696,66922,0,0,0,0,0,0
99704,66930,0,0,0,0,0,0
99712,66938,0,0,0,0,0,0
99720,66946,0,0,0,0,0,0
99728,66954,0,0,0,0,0,0
99736,66962,0,0,0,0,0,0
99744,66970,0,0,0,0,0,0
99752,66978,0,0,0,0,0,0
99760,66986,0,0,0,0,0,0
99768,66994,0,0,0,0,0,0
99776,67002,0,0,0,0,0,0
99784,67010,0,0,0,0,0,0
99792,67018,0,0,0,0,0,0
99800,67026,0,0,0,0,0,0
99808,67034,0,0,0,0,0,0
99816,67042,0,0,0,0,0,0
99824,67050,0,0,0,0,0,0
99832,67058,0,0,0,0,0,0
99840,67066,0,0,0,0,0,0
99848,67074,0,0,0,0,0,0
99856,67082,0,0,0,0,0,0
99864,67090,0,0,0,0,0,0
99872,67098,0,0,0,0,0,0
99880,67106,0,0,0,0,0,0
99888,67114,0,0,0,0,0,0
99896,67122,0,0,0,0,0,0
99904,67130,0,0,0,0,0,0
99912,67138,0,0,0,0,0,0
99920,67146,0,0,0,0,0,0
99928,67154,0,0,0,0,0,0
99936,67162,0,0,0,0,0,0
99944,67170,0,0,0,0,0,0
99952,67178,0,0,0,0,0,0
99960,67186,0,0,0,0,0,0
99968,67194,0,0,0,0,0,0
99976,67202,0,0,0,0,0,0
99984,67210,0,0,0,0,0,0
99992,67218,0,0,0,0,0,0
100000,67226,0,0,0,0,0,0
100008,67234,0,0,0,0,0,0
100016,67242,0,0,0,0,0,0
100024,67250,0,0,0,0,0,0
100032,67258,0,0,0,0,0,0
100040,67266,0,0,0,0,0,0
100048,67274,0,0,0,0,0,0
100056,67282,0,0,0,0,0,0
100064,67290,0,0,0,0,0,0
100072,67298,0,0,0,0,0,0
100080,67306,0,0,0,0,0,0
100088,67314,0,0,0,0,0,0
100096,67322,0,0,0,0,0,0
100104,67330,0,0,0,0,0,0
100112,67338,0,0,0,0,0,0
100120,67346,0,0,0,0,0,0
100128,67354,0,0,0,0,0,0
100136,67362,0,0,0,0,0,0
100144,67370,0,0,0,0,0,0
100152,67378,0,0,0,0,0,0
100160,67386,0,0,0,0,0,0
100168,67394,0,0,0,0,0,0
100176,67402,0,0,0,0,0,0
100184,67410,0,0,0,0,0,0
100192,67418,0,0,0,0,0,0
100200,67426,0,0,0,0,0,0
100208,67434,0,0,0,0,0,0
100216,67442,0,0,0,0,0,0
100224,67450,0,0,0,0,0,0
100232,67458,0,0,0,0,0,0
100240,67466,0,0,0,0,0,0
100248,67474,0,0,0,0,0,0
100256,67482,0,0,0,0,0,0
100264,67490,0,0,0,0,0,0
100272,67498,0,0,0,0,0,0
100280,67506,0,0,0,0,0,0
100288,67514,0,0,0,0,0,0
100296,67522,0,0,0,0,0,0
100304,67530,0,0,0,0,0,0
100312,67538,0,0,0,0,0,0
100320,67546,0,0,0,0,0,0
100328,67554,0,0,0,0,0,0
100336,67562,0,0,0,0,0,0
100344,67570,0,0,0,0,0,0
100352,67578,0,0,0,0,0,0
100360,67586,0,0,0,0,0,0
100368,67594,0,0,0,0,0,0
100376,67602,0,0,0,0,0,0
100384,67610,0,0,0,0,0,0
100392,67618,0,0,0,0,0,0
100400,67626,0,0,0,0,0,0
100408,67634,0,0,0,0,0,0
100416,67642,0,0,0,0,0,0
100424,67650,0,0,0,0,0,0
100432,67658,0,0,0,0,0,0
100440,67666,0,0,0,0,0,0
100448,67674,0,0,0,0,0,0
100456,67682,0,0,0,0,0,0
100464,67690,0,0,0,0,0,0
100472,67698,0,0,0,0,0,0
100480,67706,0,0,0,0,0,0
100488,67714,0,0,0,0,0,0
100496,67722,0,0,0,0,0,0
100504,67730,0,0,0,0,0,0
100512,67738,0,0,0,0,0,0
100520,67746,0,0,0,0,0,0
100528,67754,0,0,0,0,0,0
100536,67762,0,0,0,0,0,0
100544,67770,0,0,0,0,0,0
100552,67778,0,0,0,0,0,0
100560,67786,0,0,0,0,0,0
100568,67794,0,0,0,0,0,0
100576,67802,0,0,0,0,0,0
100584,67810,0,0,0,0,0,0
100592,67818,0,0,0,0,0,0
100600,67826,0,0,0,0,0,0
100608,67834,0,0,0,0,0,0
100616,67842,0,0,0,0,0,0
100624,67850,0,0,0,0,0,0
100632,67858,0,0,0,0,0,0
100640,67866,0,0,0,0,0,0
100648,67874,0,0,0,0,0,0
100656,67882,0,0,0,0,0,0
100664,67890,0,0,0,0,0,0
100672,67898,0,0,0,0,0,0
100680,67906,0,0,0,0,0,0
100688,67914,0,0,0,0,0,0
100696,67922,0,0,0,0,0,0
100704,67930,0,0,0,0,0,0
100712,67938,0,0,0,0,0,0
100720,67946,0,0,0,0,0,0
100728,67954,0,0,0,0,0,0
100736,67962,0,0,0,0,0,0
100744,67970,0,0,0,0,0,0
100752,67978,0,0,0,0,0,0
100760,67986,0,0,0,0,0,0
100768,67994,0,0,0,0,0,0
100776,68002,0,0,0,0,0,0
100784,68010,0,0,0,0,0,0
100792,68018,0,0,0,0,0,0
100800,68026,0,0,0,0,0,0
100808,68034,0,0,0,0,0,0
100816,68042,0,0,0,0,0,0
100824,68050,0,0,0,0,0,0
100832,68058,0,0,0,0,0,0
100840,68066,0,0,0,0,0,0
100848,68074,0,0,0,0,0,0
100856,68082,0,0,0,0,0,0
100864,68090,0,0,0,0,0,0
100872,68098,0,0,0,0,0,0
100880,68106,0,0,0,0,0,0
100888,68114,0,0,0,0,0,0
100896,68122,0,0,0,0,0,0
100904,68130,0,0,0,0,0,0
100912,68138,0,0,0,0,0,0
100920,68146,0,0,0,0,0,0
100928,68154,0,0,0,0,0,0
100936,68162,0,0,0,0,0,0
100944,68170,0,0,0,0,0,0
100952,68178,0,0,0,0,0,0
100960,68186,0,0,0,0,0,0
100968,68194,0,0,0,0,0,0
100976,68202,0,0,0,0,0,0
100984,68210,0,0,0,0,0,0
100992,68218,0,0,0,0,0,0
101000,68226,0,0,0,0,0,0
101008,68234,0,0,0,0,0,0
101016,68242,0,0,0,0,0,0
101024,68250,0,0,0,0,0,0
101032,68258,0,0,0,0,0,0
101040,68266,0,0,0,0,0,0
101048,68274,0,0,0,0,0,0
101056,68282,0,0,0,0,0,0
101064,68290,0,0,0,0,0,0
101072,68298,0,0,0,0,0,0
101080,68306,0,0,0,0,0,0
101088,68314,0,0,0,0,0,0
101096,68322,0,0,0,0,0,0
101104,68330,0,0,0,0,0,0
101112,68338,0,0,0,0,0,0
101120,68346,0,0,0,0,0,0
101128,68354,0,0,0,0,0,0
101136,68362,0,0,0,0,0,0
101144,68370,0,0,0,0,0,0
101152,68378,0,0,0,0,0,0
101160,68386,0,0,0,0,0,0
101168,68394,0,0,0,0,0,0
101176,68402,0,0,0,0,0,0
101184,68410,0,0,0,0,0,0
101192,68418,0,0,0,0,0,0
101200,68426,0,0,0,0,0,0
101208,68434,0,0,0,0,0,0
101216,68442,0,0,0,0,0,0
101224,68450,0,0,0,0,0,0
101232,68458,0,0,0,0,0,0
101240,68466,0,0,0,0,0,0
101248,68474,0,0,0,0,0,0
101256,68482,0,0,0,0,0,0
101264,68490,0,0,0,0,0,0
101272,68498,0,0,0,0,0,0
101280,68506,0,0,0,0,0,0
101288,68514,0,0,0,0,0,0
101296,68522,0,0,0,0,0,0
101304,68530,0,0,0,0,0,0
101312,68538,0,0,0,0,0,0
101320,68546,0,0,0,0,0,0
101328,68554,0,0,0,0,0,0
101336,68562,0,0,0,0,0,0
101344,68570,0,0,0,0,0,0
101352,68578,0,0,0,0,0,0
101360,68586,0,0,0,0,0,0
101368,68594,0,0,0,0,0,0
101376,68602,0,0,0,0,0,0
101384,68610,0,0,0,0,0,0
101392,68618,0,0,0,0,0,0
101400,68626,0,0,0,0,0,0
101408,68634,0,0,0,0,0,0
101416,68642,0,0,0,0,0,0
101424,68650,0,0,0,0,0,0
101432,68658,0,0,0,0,0,0
101440,68666,0,0,0,0,0,0
101448,68674,0,0,0,0,0,0
101456,68682,0,0,0,0,0,0
101464,68690,0,0,0,0,0,0
101472,68698,0,0,0,0,0,0
101480,68706,0,0,0,0,0,0
101488,68714,0,0,0,0,0,0
101496,68722,0,0,0,0,0,0
101504,68730,0,0,0,0,0,0
101512,68738,0,0,0,0,0,0
101520,68746,0,0,0,0,0,0
101528,68754,0,0,0,0,0,0
101536,68762,0,0,0,0,0,0
101544,68770,0,0,0,0,0,0
101552,68778,0,0,0,0,0,0
101560,68786,0,0,0,0,0,0
101568,68794,0,0,0,0,0,0
101576,68802,0,0,0,0,0,0
101584,68810,0,0,0,0,0,0
101592,68818,0,0,0,0,0,0
101600,68826,0,0,0,0,0,0
101608,68834,0,0,0,0,0,0
101616,68842,0,0,0,0,0,0
101624,68850,0,0,0,0,0,0
101632,68858,0,0,0,0,0,0
101640,68866,0,0,0,0,0,0
101648,68874,0,0,0,0,0,0
101656,68882,0,0,0,0,0,0
101664,68890,0,0,0,0,0,0
101672,68898,0,0,0,0,0,0
101680,68906,0,0,0,0,0,0
101688,68914,0,0,0,0,0,0
101696,68922,0,0,0,0,0,0
101704,68930,0,0,0,0,0,0
101712,68938,0,0,0,0,0,0
101720,68946,0,0,0,0,0,0
101728,68954,0,0,0,0,0,0
101736,68962,0,0,0,0,0,0
101744,68970,0,0,0,0,0,0
101752,68978,0,0,0,0,0,0
101760,68986,0,0,0,0,0,0
101768,68994,0,0,0,0,0,0
101776,69002,0,0,0,0,0,0
101784,69010,0,0,0,0,0,0
101792,69018,0,0,0,0,0,0
101800,69026,0,0,0,0,0,0
101808,69034,0,0,0,0,0,0
101816,69042,0,0,0,0,0,0
101824,69050,0,0,0,0,0,0
101832,69058,0,0,0,0,0,0
101840,69066,0,0,0,0,0,0
101848,69074,0,0,0,0,0,0
101856,69082,0,0,0,0,0,0
101864,69090,0,0,0,0,0,0
101872,69098,0,0,0,0,0,0
101880,69106,0,0,0,0,0,0
101888,69114,0,0,0,0,0,0
101896,69122,0,0,0,0,0,0
101904,69130,0,0,0,0,0,0
101912,69138,0,0,0,0,0,0
101920,69146,0,0,0,0,0,0
101928,69154,0,0,0,0,0,0
101936,69162,0,0,0,0,0,0
101944,69170,0,0,0,0,0,0
101952,69178,0,0,0,0,0,0
101960,69186,0,0,0,0,0,0
101968,69194,0,0,0,0,0,0
101976,69202,0,0,0,0,0,0
101984,69210,0,0,0,0,0,0
101992,69218,0,0,0,0,0,0
102000,69226,0,0,0,0,0,0
102008,69234,0,0,0,0,0,0
102016,69242,0,0,0,0,0,0
102024,69250,0,0,0,0,0,0
102032,69258,0,0,0,0,0,0
102040,69266,0,0,0,0,0,0
102048,69274,0,0,0,0,0,0
102056,69282,0,0,0,0,0,0
102064,69290,0,0,0,0,0,0
102072,69298,0,0,0,0,0,0
102080,69306,0,0,0,0,0,0
102088,69314,0,0,0,0,0,0
102096,69322,0,0,0,0,0,0
102104,69330,0,0,0,0,0,0
102112,69338,0,0,0,0,0,0
102120,69346,0,0,0,0,0,0
102128,69354,0,0,0,0,0,0
102136,69362,0,0,0,0,0,0
102144,69370,0,0,0,0,0,0
102152,69378,0,0,0,0,0,0
102160,69386,0,0,0,0,0,0
102168,69394,0,0,0,0,0,0
102176,69402,0,0,0,0,0,0
102184,69410,0,0,0,0,0,0
102192,69418,0,0,0,0,0,0
102200,69426,0,0,0,0,0,0
102208,69434,0,0,0,0,0,0
102216,69442,0,0,0,0,0,0
102224,69450,0,0,0,0,0,0
102232,69458,0,0,0,0,0,0
102240,69466,0,0,0,0,0,0
102248,69474,0,0,0,0,0,0
102256,69482,0,0,0,0,0,0
102264,69490,0,0,0,0,0,0
102272,69498,0,0,0,0,0,0
102280,69506,0,0,0,0,0,0
102288,69514,0,0,0,0,0,0
102296,69522,0,0,0,0,0,0
102304,69530,0,0,0,0,0,0
102312,69538,0,0,0,0,0,0
102320,69546,0,0,0,0,0,0
102328,69554,0,0,0,0,0,0
102336,69562,0,0,0,0,0,0
102344,69570,0,0,0,0,0,0
102352,69578,0,0,0,0,0,0
102360,69586,0,0,0,0,0,0
102368,69594,0,0,0,0,0,0
102376,69602,0,0,0,0,0,0
102384,69610,0,0,0,0,0,0
102392,69618,0,0,0,0,0,0
102400,69626,0,0,0,0,0,0
102408,69634,0,0,0,0,0,0
102416,69642,0,0,0,0,0,0
102424,69650,0,0,0,0,0,0
102432,69658,0,0,0,0,0,0
102440,69666,0,0,0,0,0,0
102448,69674,0,0,0,0,0,0
102456,69682,0,0,0,0,0,0
102464,69690,0,0,0,0,0,0
102472,69698,0,0,0,0,0,0
102480,69706,0,0,0,0,0,0
102488,69714,0,0,0,0,0,0
102496,69722,0,0,0,0,0,0
102504,69730,0,0,0,0,0,0
102512,69738,0,0,0,0,0,0
102520,69746,0,0,0,0,0,0
102528,69754,0,0,0,0,0,0
102536,69762,0,0,0,0,0,0
102544,69770,0,0,0,0,0,0
102552,69778,0,0,0,0,0,0
102560,69786,0,0,0,0,0,0
102568,69794,0,0,0,0,0,0
102576,69802,0,0,0,0,0,0
102584,69810,0,0,0,0,0,0
102592,69818,0,0,0,0,0,0
102600,69826,0,0,0,0,0,0
102608,69834,0,0,0,0,0,0
102616,69842,0,0,0,0,0,0
102624,69850,0,0,0,0,0,0
102632,69858,0,0,0,0,0,0
102640,69866,0,0,0,0,0,0
102648,69874,0,0,0,0,0,0
102656,69882,0,0,0,0,0,0
102664,69890,0,0,0,0,0,0
102672,69898,0,0,0,0,0,0
102680,69906,0,0,0,0,0,0
102688,69914,0,0,0,0,0,0
102696,69922,0,0,0,0,0,0
102704,69930,0,0,0,0,0,0
102712,69938,0,0,0,0,0,0
102720,69946,0,0,0,0,0,0
102728,69954,0,0,0,0,0,0
102736,69962,0,0,0,0,0,0
102744,69970,0,0,0,0,0,0
102752,69978,0,0,0,0,0,0
102760,69986,0,0,0,0,0,0
102768,69994,0,0,0,0,0,0
102776,70002,0,0,0,0,0,0
102784,70010,0,0,0,0,0,0
102792,70018,0,0,0,0,0,0
102800,70026,0,0,0,0,0,0
102808,70034,0,0,0,0,0,0
102816,70042,0,0,0,0,0,0
102824,70050,0,0,0,0,0,0
102832,70058,0,0,0,0,0,0
102840,70066,0,0,0,0,0,0
102848,70074,0,0,0,0,0,0
102856,70082,0,0,0,0,0,0
102864,70090,0,0,0,0,0,0
102872,70098,0,0,0,0,0,0
102880,70106,0,0,0,0,0,0
102888,70114,0,0,0,0,0,0
102896,70122,0,0,0,0,0,0
102904,70130,0,0,0,0,0,0
102912,70138,0,0,0,0,0,0
102920,70146,0,0,0,0,0,0
102928,70154,0,0,0,0,0,0
102936,70162,0,0,0,0,0,0
102944,70170,0,0,0,0,0,0
102952,70178,0,0,0,0,0,0
102960,70186,0,0,0,0,0,0
102968,70194,0,0,0,0,0,0
102976,70202,0,0,0,0,0,0
102984,70210,0,0,0,0,0,0
102992,70218,0,0,0,0,0,0
103000,70226,0,0,0,0,0,0
103008,70234,0,0,0,0,0,0
103016,70242,0,0,0,0,0,0
103024,70250,0,0,0,0,0,0
103032,70258,0,0,0,0,0,0
103040,70266,0,0,0,0,0,0
103048,70274,0,0,0,0,0,0
103056,70282,0,0,0,0,0,0
103064,70290,0,0,0,0,0,0
103072,70298,0,0,0,0,0,0
103080,70306,0,0,0,0,0,0
103088,70314,0,0,0,0,0,0
103096,70322,0,0,0,0,0,0
103104,70330,0,0,0,0,0,0
103112,70338,0,0,0,0,0,0
103120,70346,0,0,0,0,0,0
103128,70354,0,0,0,0,0,0
103136,70362,0,0,0,0,0,0
103144,70370,0,0,0,0,0,0
103152,70378,0,0,0,0,0,0
103160,70386,0,0,0,0,0,0
103168,70394,0,0,0,0,0,0
103176,70402,0,0,0,0,0,0
103184,70410,0,0,0,0,0,0
103192,70418,0,0,0,0,0,0
103200,70426,0,0,0,0,0,0
103208,70434,0,0,0,0,0,0
103216,70442,0,0,0,0,0,0
103224,70450,0,0,0,0,0,0
103232,70458,0,0,0,0,0,0
103240,70466,0,0,0,0,0,0
103248,70474,0,0,0,0,0,0
103256,70482,0,0,0,0,0,0
103264,70490,0,0,0,0,0,0
103272,70498,0,0,0,0,0,0
103280,70506,0,0,0,0,0,0
103288,70514,0,0,0,0,0,0
103296,70522,0,0,0,0,0,0
103304,70530,0,0,0,0,0,0
103312,70538,0,0,0,0,0,0
103320,70546,0,0,0,0,0,0
103328,70554,0,0,0,0,0,0
103336,70562,0,0,0,0,0,0
103344,70570,0,0,0,0,0,0
103352,70578,0,0,0,0,0,0
103360,70586,0,0,0,0,0,0
103368,70594,0,0,0,0,0,0
103376,70602,0,0,0,0,0,0
103384,70610,0,0,0,0,0,0
103392,70618,0,0,0,0,0,0
103400,70626,0,0,0,0,0,0
103408,70634,0,0,0,0,0,0
103416,70642,0,0,0,0,0,0
103424,70650,0,0,0,0,0,0
103432,70658,0,0,0,0,0,0
103440,70666,0,0,0,0,0,0
103448,70674,0,0,0,0,0,0
103456,70682,0,0,0,0,0,0
103464,70690,0,0,0,0,0,0
103472,70698,0,0,0,0,0,0
103480,70706,0,0,0,0,0,0
103488,70714,0,0,0,0,0,0
103496,70722,0,0,0,0,0,0
103504,70730,0,0,0,0,0,0
103512,70738,0,0,0,0,0,0
103520,70746,0,0,0,0,0,0
103528,70754,0,0,0,0,0,0
103536,70762,0,0,0,0,0,0
103544,70770,0,0,0,0,0,0
103552,70778,0,0,0,0,0,0
103560,70786,0,0,0,0,0,0
103568,70794,0,0,0,0,0,0
103576,70802,0,0,0,0,0,0
103584,70810,0,0,0,0,0,0
103592,70818,0,0,0,0,0,0
103600,70826,0,0,0,0,0,0
103608,70834,0,0,0,0,0,0
103616,70842,0,0,0,0,0,0
103624,70850,0,0,0,0,0,0
103632,70858,0,0,0,0,0,0
103640,70866,0,0,0,0,0,0
103648,70874,0,0,0,0,0,0
103656,70882,0,0,0,0,0,0
103664,70890,0,0,0,0,0,0
103672,70898,0,0,0,0,0,0
103680,70906,0,0,0,0,0,0
103688,70914,0,0,0,0,0,0
103696,70922,0,0,0,0,0,0
103704,70930,0,0,0,0,0,0
103712,70938,0,0,0,0,0,0
103720,70946,0,0,0,0,0,0
103728,70954,0,0,0,0,0,0
103736,70962,0,0,0,0,0,0
103744,70970,0,0,0,0,0,0
103752,70978,0,0,0,0,0,0
103760,70986,0,0,0,0,0,0
103768,70994,0,0,0,0,0,0
103776,71002,0,0,0,0,0,0
103784,71010,0,0,0,0,0,0
103792,71018,0,0,0,0,0,0
103800,71026,0,0,0,0,0,0
103808,71034,0,0,0,0,0,0
103816,71042,0,0,0,0,0,0
103824,71050,0,0,0,0,0,0
103832,71058,0,0,0,0,0,0
103840,71066,0,0,0,0,0,0
103848,71074,0,0,0,0,0,0
103856,71082,0,0,0,0,0,0
103864,71090,0,0,0,0,0,0
103872,71098,0,0,0,0,0,0
103880,71106,0,0,0,0,0,0
103888,71114,0,0,0,0,0,0
103896,71122,0,0,0,0,0,0
103904,71130,0,0,0,0,0,0
103912,71138,0,0,0,0,0,0
103920,71146,0,0,0,0,0,0
103928,71154,0,0,0,0,0,0
103936,71162,0,0,0,0,0,0
103944,71170,0,0,0,0,0,0
103952,71178,0,0,0,0,0,0
103960,71186,0,0,0,0,0,0
103968,71194,0,0,0,0,0,0
103976,71202,0,0,0,0,0,0
103984,71210,0,0,0,0,0,0
103992,71218,0,0,0,0,0,0
104000,71226,0,0,0,0,0,0
104008,71234,0,0,0,0,0,0
104016,71242,0,0,0,0,0,0
104024,71250,0,0,0,0,0,0
104032,71258,0,0,0,0,0,0
104040,71266,0,0,0,0,0,0
104048,71274,0,0,0,0,0,0
104056,71282,0,0,0,0,0,0
104064,71290,0,0,0,0,0,0
104072,71298,0,0,0,0,0,0
104080,71306,0,0,0,0,0,0
104088,71314,0,0,0,0,0,0
104096,71322,0,0,0,0,0,0
104104,71330,0,0,0,0,0,0
104112,71338,0,0,0,0,0,0
104120,71346,0,0,0,0,0,0
104128,71354,0,0,0,0,0,0
104136,71362,0,0,0,0,0,0
104144,71370,0,0,0,0,0,0
104152,71378,0,0,0,0,0,0
104160,71386,0,0,0,0,0,0
104168,71394,0,0,0,0,0,0
104176,71402,0,0,0,0,0,0
104184,71410,0,0,0,0,0,0
104192,71418,0,0,0,0,0,0
104200,71426,0,0,0,0,0,0
104208,71434,0,0,0,0,0,0
104216,71442,0,0,0,0,0,0
104224,71450,0,0,0,0,0,0
104232,71458,0,0,0,0,0,0
104240,71466,0,0,0,0,0,0
104248,71474,0,0,0,0,0,0
104256,71482,0,0,0,0,0,0
104264,71490,0,0,0,0,0,0
104272,71498,0,0,0,0,0,0
104280,71506,0,0,0,0,0,0
104288,71514,0,0,0,0,0,0
104296,71522,0,0,0,0,0,0
104304,71530,0,0,0,0,0,0
104312,71538,0,0,0,0,0,0
104320,71546,0,0,0,0,0,0
104328,71554,0,0,0,0,0,0
104336,71562,0,0,0,0,0,0
104344,71570,0,0,0,0,0,0
104352,71578,0,0,0,0,0,0
104360,71586,0,0,0,0,0,0
104368,71594,0,0,0,0,0,0
104376,71602,0,0,0,0,0,0
104384,71610,0,0,0,0,0,0
104392,71618,0,0,0,0,0,0
104400,71626,0,0,0,0,0,0
104408,71634,0,0,0,0,0,0
104416,71642,0,0,0,0,0,0
104424,71650,0,0,0,0,0,0
104432,71658,0,0,0,0,0,0
104440,71666,0,0,0,0,0,0
104448,71674,0,0,0,0,0,0
104456,71682,0,0,0,0,0,0
104464,71690,0,0,0,0,0,0
104472,71698,0,0,0,0,0,0
104480,71706,0,0,0,0,0,0
104488,71714,0,0,0,0,0,0
104496,71722,0,0,0,0,0,0
104504,71730,0,0,0,0,0,0
104512,71738,0,0,0,0,0,0
104520,71746,0,0,0,0,0,0
104528,71754,0,0,0,0,0,0
104536,71762,0,0,0,0,0,0
104544,71770,0,0,0,0,0,0
104552,71778,0,0,0,0,0,0
104560,71786,0,0,0,0,0,0
104568,71794,0,0,0,0,0,0
104576,71802,0,0,0,0,0,0
104584,71810,0,0,0,0,0,0
104592,71818,0,0,0,0,0,0
104600,71826,0,0,0,0,0,0
104608,71834,0,0,0,0,0,0
104616,71842,0,0,0,0,0,0
104624,71850,0,0,0,0,0,0
104632,71858,0,0,0,0,0,0
104640,71866,0,0,0,0,0,0
104648,71874,0,0,0,0,0,0
104656,71882,0,0,0,0,0,0
104664,71890,0,0,0,0,0,0
104672,71898,0,0,0,0,0,0
104680,71906,0,0,0,0,0,0
104688,71914,0,0,0,0,0,0
104696,71922,0,0,0,0,0,0
104704,71930,0,0,0,0,0,0
104712,71938,0,0,0,0,0,0
104720,71946,0,0,0,0,0,0
104728,71954,0,0,0,0,0,0
104736,71962,0,0,0,0,0,0
104744,71970,0,0,0,0,0,0
104752,71978,0,0,0,0,0,0
104760,71986,0,0,0,0,0,0
104768,71994,0,0,0,0,0,0
104776,72002,0,0,0,0,0,0
104784,72010,0,0,0,0,0,0
104792,72018,0,0,0,0,0,0
104800,72026,0,0,0,0,0,0
104808,72034,0,0,0,0,0,0
104816,72042,0,0,0,0,0,0
104824,72050,0,0,0,0,0,0
104832,72058,0,0,0,0,0,0
104840,72066,0,0,0,0,0,0
104848,72074,0,0,0,0,0,0
104856,72082,0,0,0,0,0,0
104864,72090,0,0,0,0,0,0
104872,72098,0,0,0,0,0,0
104880,72106,0,0,0,0,0,0
104888,72114,0,0,0,0,0,0
104896,72122,0,0,0,0,0,0
104904,72130,0,0,0,0,0,0
104912,72138,0,0,0,0,0,0
104920,72146,0,0,0,0,0,0
104928,72154,0,0,0,0,0,0
104936,72162,0,0,0,0,0,0
104944,72170,0,0,0,0,0,0
104952,72178,0,0,0,0,0,0
104960,72186,0,0,0,0,0,0
104968,72194,0,0,0,0,0,0
104976,72202,0,0,0,0,0,0
104984,72210,0,0,0,0,0,0
104992,72218,0,0,0,0,0,0
105000,72226,0,0,0,0,0,0
105008,72234,0,0,0,0,0,0
105016,72242,0,0,0,0,0,0
105024,72250,0,0,0,0,0,0
105032,72258,0,0,0,0,0,0
105040,72266,0,0,0,0,0,0
105048,72274,0,0,0,0,0,0
105056,72282,0,0,0,0,0,0
105064,72290,0,0,0,0,0,0
105072,72298,0,0,0,0,0,0
105080,72306,0,0,0,0,0,0
105088,72314,0,0,0,0,0,0
105096,72322,0,0,0,0,0,0
105104,72330,0,0,0,0,0,0
105112,72338,0,0,0,0,0,0
105120,72346,0,0,0,0,0,0
105128,72354,0,0,0,0,0,0
105136,72362,0,0,0,0,0,0
105144,72370,0,0,0,0,0,0
105152,72378,0,0,0,0,0,0
105160,72386,0,0,0,0,0,0
105168,72394,0,0,0,0,0,0
105176,72402,0,0,0,0,0,0
105184,72410,0,0,0,0,0,0
105192,72418,0,0,0,0,0,0
105200,72426,0,0,0,0,0,0
105208,72434,0,0,0,0,0,0
105216,72442,0,0,0,0,0,0
105224,72450,0,0,0,0,0,0
105232,72458,0,0,0,0,0,0
105240,72466,0,0,0,0,0,0
105248,72474,0,0,0,0,0,0
105256,72482,0,0,0,0,0,0
105264,72490,0,0,0,0,0,0
105272,72498,0,0,0,0,0,0
105280,72506,0,0,0,0,0,0
105288,72514,0,0,0,0,0,0
105296,72522,0,0,0,0,0,0
105304,72530,0,0,0,0,0,0
105312,72538,0,0,0,0,0,0
105320,72546,0,0,0,0,0,0
105328,72554,0,0,0,0,0,0
105336,72562,0,0,0,0,0,0
105344,72570,0,0,0,0,0,0
105352,72578,0,0,0,0,0,0
105360,72586,0,0,0,0,0,0
105368,72594,0,0,0,0,0,0
105376,72602,0,0,0,0,0,0
105384,72610,0,0,0,0,0,0
105392,72618,0,0,0,0,0,0
105400,72626,0,0,0,0,0,0
105408,72634,0,0,0,0,0,0
105416,72642,0,0,0,0,0,0
105424,72650,0,0,0,0,0,0
105432,72658,0,0,0,0,0,0
105440,72666,0,0,0,0,0,0
105448,72674,0,0,0,0,0,0
105456,72682,0,0,0,0,0,0
105464,72690,0,0,0,0,0,0
105472,72698,0,0,0,0,0,0
105480,72706,0,0,0,0,0,0
105488,72714,0,0,0,0,0,0
105496,72722,0,0,0,0,0,0
105504,72730,0,0,0,0,0,0
105512,72738,0,0,0,0,0,0
105520,72746,0,0,0,0,0,0
105528,72754,0,0,0,0,0,0
105536,72762,0,0,0,0,0,0
105544,72770,0,0,0,0,0,0
105552,72778,0,0,0,0,0,0
105560,72786,0,0,0,0,0,0
105568,72794,0,0,0,0,0,0
105576,72802,0,0,0,0,0,0
105584,72810,0,0,0,0,0,0
105592,72818,0,0,0,0,0,0
105600,72826,0,0,0,0,0,0
105608,72834,0,0,0,0,0,0
105616,72842,0,0,0,0,0,0
105624,72850,0,0,0,0,0,0
105632,72858,0,0,0,0,0,0
105640,72866,0,0,0,0,0,0
105648,72874,0,0,0,0,0,0
105656,72882,0,0,0,0,0,0
105664,72890,0,0,0,0,0,0
105672,72898,0,0,0,0,0,0
105680,72906,0,0,0,0,0,0
105688,72914,0,0,0,0,0,0
105696,72922,0,0,0,0,0,0
105704,72930,0,0,0,0,0,0
105712,72938,0,0,0,0,0,0
105720,72946,0,0,0,0,0,0
105728,72954,0,0,0,0,0,0
105736,72962,0,0,0,0,0,0
105744,72970,0,0,0,0,0,0
105752,72978,0,0,0,0,0,0
105760,72986,0,0,0,0,0,0
105768,72994,0,0,0,0,0,0
105776,73002,0,0,0,0,0,0
105784,73010,0,0,0,0,0,0
105792,73018,0,0,0,0,0,0
105800,73026,0,0,0,0,0,0
105808,73034,0,0,0,0,0,0
105816,73042,0,0,0,0,0,0
105824,73050,0,0,0,0,0,0
105832,73058,0,0,0,0,0,0
105840,73066,0,0,0,0,0,0
105848,73074,0,0,0,0,0,0
105856,73082,0,0,0,0,0,0
105864,73090,0,0,0,0,0,0
105872,73098,0,0,0,0,0,0
105880,73106,0,0,0,0,0,0
105888,73114,0,0,0,0,0,0
105896,73122,0,0,0,0,0,0
105904,73130,0,0,0,0,0,0
105912,73138,0,0,0,0,0,0
105920,73146,0,0,0,0,0,0
105928,73154,0,0,0,0,0,0
105936,73162,0,0,0,0,0,0
105944,73170,0,0,0,0,0,0
105952,73178,0,0,0,0,0,0
105960,73186,0,0,0,0,0,0
105968,73194,0,0,0,0,0,0
105976,73202,0,0,0,0,0,0
105984,73210,0,0,0,0,0,0
105992,73218,0,0,0,0,0,0
106000,73226,0,0,0,0,0,0
106008,73234,0,0,0,0,0,0
106016,73242,0,0,0,0,0,0
106024,73250,0,0,0,0,0,0
106032,73258,0,0,0,0,0,0
106040,73266,0,0,0,0,0,0
106048,73274,0,0,0,0,0,0
106056,73282,0,0,0,0,0,0
106064,73290,0,0,0,0,0,0
106072,73298,0,0,0,0,0,0
106080,73306,0,0,0,0,0,0
106088,73314,0,0,0,0,0,0
106096,73322,0,0,0,0,0,0
106104,73330,0,0,0,0,0,0
106112,73338,0,0,0,0,0,0
106120,73346,0,0,0,0,0,0
106128,73354,0,0,0,0,0,0
106136,73362,0,0,0,0,0,0
106144,73370,0,0,0,0,0,0
106152,73378,0,0,0,0,0,0
106160,73386,0,0,0,0,0,0
106168,73394,0,0,0,0,0,0
106176,73402,0,0,0,0,0,0
106184,73410,0,0,0,0,0,0
106192,73418,0,0,0,0,0,0
106200,73426,0,0,0,0,0,0
106208,73434,0,0,0,0,0,0
106216,73442,0,0,0,0,0,0
106224,73450,0,0,0,0,0,0
106232,73458,0,0,0,0,0,0
106240,73466,0,0,0,0,0,0
106248,73474,0,0,0,0,0,0
106256,73482,0,0,0,0,0,0
106264,73490,0,0,0,0,0,0
106272,73498,0,0,0,0,0,0
106280,73506,0,0,0,0,0,0
106288,73514,0,0,0,0,0,0
106296,73522,0,0,0,0,0,0
106304,73530,0,0,0,0,0,0
106312,73538,0,0,0,0,0,0
106320,73546,0,0,0,0,0,0
106328,73554,0,0,0,0,0,0
106336,73562,0,0,0,0,0,0
106344,73570,0,0,0,0,0,0
106352,73578,0,0,0,0,0,0
106360,73586,0,0,0,0,0,0
106368,73594,0,0,0,0,0,0
106376,73602,0,0,0,0,0,0
106384,73610,0,0,0,0,0,0
106392,73618,0,0,0,0,0,0
106400,73626,0,0,0,0,0,0
106408,73634,0,0,0,0,0,0
106416,73642,0,0,0,0,0,0
106424,73650,0,0,0,0,0,0
106432,73658,0,0,0,0,0,0
106440,73666,0,0,0,0,0,0
106448,73674,0,0,0,0,0,0
106456,73682,0,0,0,0,0,0
106464,73690,0,0,0,0,0,0
106472,73698,0,0,0,0,0,0
106480,73706,0,0,0,0,0,0
106488,73714,0,0,0,0,0,0
106496,73722,0,0,0,0,0,0
106504,73730,0,0,0,0,0,0
106512,73738,0,0,0,0,0,0
106520,73746,0,0,0,0,0,0
106528,73754,0,0,0,0,0,0
106536,73762,0,0,0,0,0,0
106544,73770,0,0,0,0,0,0
106552,73778,0,0,0,0,0,0
106560,73786,0,0,0,0,0,0
106568,73794,0,0,0,0,0,0
106576,73802,0,0,0,0,0,0
106584,73810,0,0,0,0,0,0
106592,73818,0,0,0,0,0,0
106600,73826,0,0,0,0,0,0
106608,73834,0,0,0,0,0,0
106616,73842,0,0,0,0,0,0
106624,73850,0,0,0,0,0,0
106632,73858,0,0,0,0,0,0
106640,73866,0,0,0,0,0,0
106648,73874,0,0,0,0,0,0
106656,73882,0,0,0,0,0,0
106664,73890,0,0,0,0,0,0
106672,73898,0,0,0,0,0,0
106680,73906,0,0,0,0,0,0
106688,73914,0,0,0,0,0,0
106696,73922,0,0,0,0,0,0
106704,73930,0,0,0,0,0,0
106712,73938,0,0,0,0,0,0
106720,73946,0,0,0,0,0,0
106728,73954,0,0,0,0,0,0
106736,73962,0,0,0,0,0,0
106744,73970,0,0,0,0,0,0
106752,73978,0,0,0,0,0,0
106760,73986,0,0,0,0,0,0
106768,73994,0,0,0,0,0,0
106776,74002,0,0,0,0,0,0
106784,74010,0,0,0,0,0,0
106792,74018,0,0,0,0,0,0
106800,74026,0,0,0,0,0,0
106808,74034,0,0,0,0,0,0
106816,74042,0,0,0,0,0,0
106824,74050,0,0,0,0,0,0
106832,74058,0,0,0,0,0,0
106840,74066,0,0,0,0,0,0
106848,74074,0,0,0,0,0,0
106856,74082,0,0,0,0,0,0
106864,74090,0,0,0,0,0,0
106872,74098,0,0,0,0,0,0
106880,74106,0,0,0,0,0,0
106888,74114,0,0,0,0,0,0
106896,74122,0,0,0,0,0,0
106904,74130,0,0,0,0,0,0
106912,74138,0,0,0,0,0,0
106920,74146,0,0,0,0,0,0
106928,74154,0,0,0,0,0,0
106936,74162,0,0,0,0,0,0
106944,74170,0,0,0,0,0,0
106952,74178,0,0,0,0,0,0
106960,74186,0,0,0,0,0,0
106968,74194,0,0,0,0,0,0
106976,74202,0,0,0,0,0,0
106984,74210,0,0,0,0,0,0
106992,74218,0,0,0,0,0,0
107000,74226,0,0,0,0,0,0
107008,74234,0,0,0,0,0,0
107016,74242,0,0,0,0,0,0
107024,74250,0,0,0,0,0,0
107032,74258,0,0,0,0,0,0
107040,74266,0,0,0,0,0,0
107048,74274,0,0,0,0,0,0
107056,74282,0,0,0,0,0,0
107064,74290,0,0,0,0,0,0
107072,74298,0,0,0,0,0,0
107080,74306,0,0,0,0,0,0
107088,74314,0,0,0,0,0,0
107096,74322,0,0,0,0,0,0
107104,74330,0,0,0,0,0,0
107112,74338,0,0,0,0,0,0
107120,74346,0,0,0,0,0,0
107128,74354,0,0,0,0,0,0
107136,74362,0,0,0,0,0,0
107144,74370,0,0,0,0,0,0
107152,74378,0,0,0,0,0,0
107160,74386,0,0,0,0,0,0
107168,74394,0,0,0,0,0,0
107176,74402,0,0,0,0,0,0
107184,74410,0,0,0,0,0,0
107192,74418,0,0,0,0,0,0
107200,74426,0,0,0,0,0,0
107208,74434,0,0,0,0,0,0
107216,74442,0,0,0,0,0,0
107224,74450,0,0,0,0,0,0
107232,74458,0,0,0,0,0,0
107240,74466,0,0,0,0,0,0
107248,74474,0,0,0,0,0,0
107256,74482,0,0,0,0,0,0
107264,74490,0,0,0,0,0,0
107272,74498,0,0,0,0,0,0
107280,74506,0,0,0,0,0,0
107288,74514,0,0,0,0,0,0
107296,74522,0,0,0,0,0,0
107304,74530,0,0,0,0,0,0
107312,74538,0,0,0,0,0,0
107320,74546,0,0,0,0,0,0
107328,74554,0,0,0,0,0,0
107336,74562,0,0,0,0,0,0
107344,74570,0,0,0,0,0,0
107352,74578,0,0,0,0,0,0
107360,74586,0,0,0,0,0,0
107368,74594,0,0,0,0,0,0
107376,74602,0,0,0,0,0,0
107384,74610,0,0,0,0,0,0
107392,74618,0,0,0,0,0,0
107400,74626,0,0,0,0,0,0
107408,74634,0,0,0,0,0,0
107416,74642,0,0,0,0,0,0
107424,74650,0,0,0,0,0,0
107432,74658,0,0,0,0,0,0
107440,74666,0,0,0,0,0,0
107448,74674,0,0,0,0,0,0
107456,74682,0,0,0,0,0,0
107464,74690,0,0,0,0,0,0
107472,74698,0,0,0,0,0,0
107480,74706,0,0,0,0,0,0
107488,74714,0,0,0,0,0,0
107496,74722,0,0,0,0,0,0
107504,74730,0,0,0,0,0,0
107512,74738,0,0,0,0,0,0
107520,74746,0,0,0,0,0,0
107528,74754,0,0,0,0,0,0
107536,74762,0,0,0,0,0,0
107544,74770,0,0,0,0,0,0
107552,74778,0,0,0,0,0,0
107560,74786,0,0,0,0,0,0
107568,74794,0,0,0,0,0,0
107576,74802,0,0,0,0,0,0
107584,74810,0,0,0,0,0,0
107592,74818,0,0,0,0,0,0
107600,74826,0,0,0,0,0,0
107608,74834,0,0,0,0,0,0
107616,74842,0,0,0,0,0,0
107624,74850,0,0,0,0,0,0
107632,74858,0,0,0,0,0,0
107640,74866,0,0,0,0,0,0
107648,74874,0,0,0,0,0,0
107656,74882,0,0,0,0,0,0
107664,74890,0,0,0,0,0,0
107672,74898,0,0,0,0,0,0
107680,74906,0,0,0,0,0,0
107688,74914,0,0,0,0,0,0
107696,74922,0,0,0,0,0,0
107704,74930,0,0,0,0,0,0
107712,74938,0,0,0,0,0,0
107720,74946,0,0,0,0,0,0
107728,74954,0,0,0,0,0,0
107736,74962,0,0,0,0,0,0
107744,74970,0,0,0,0,0,0
107752,74978,0,0,0,0,0,0
107760,74986,0,0,0,0,0,0
107768,74994,0,0,0,0,0,0
107776,75002,0,0,0,0,0,0
107784,75010,0,0,0,0,0,0
107792,75018,0,0,0,0,0,0
107800,75026,0,0,0,0,0,0
107808,75034,0,0,0,0,0,0
107816,75042,0,0,0,0,0,0
107824,75050,0,0,0,0,0,0
107832,75058,0,0,0,0,0,0
107840,75066,0,0,0,0,0,0
107848,75074,0,0,0,0,0,0
107856,75082,0,0,0,0,0,0
107864,75090,0,0,0,0,0,0
107872,75098,0,0,0,0,0,0
107880,75106,0,0,0,0,0,0
107888,75114,0,0,0,0,0,0
107896,75122,0,0,0,0,0,0
107904,75130,0,0,0,0,0,0
107912,75138,0,0,0,0,0,0
107920,75146,0,0,0,0,0,0
107928,75154,0,0,0,0,0,0
107936,75162,0,0,0,0,0,0
107944,75170,0,0,0,0,0,0
107952,75178,0,0,0,0,0,0
107960,75186,0,0,0,0,0,0
107968,75194,0,0,0,0,0,0
107976,75202,0,0,0,0,0,0
107984,75210,0,0,0,0,0,0
107992,75218,0,0,0,0,0,0
108000,75226,0,0,0,0,0,0
108008,75234,0,0,0,0,0,0
108016,75242,0,0,0,0,0,0
108024,75250,0,0,0,0,0,0
108032,75258,0,0,0,0,0,0
108040,75266,0,0,0,0,0,0
108048,75274,0,0,0,0,0,0
108056,75282,0,0,0,0,0,0
108064,75290,0,0,0,0,0,0
108072,75298,0,0,0,0,0,0
108080,75306,0,0,0,0,0,0
108088,75314,0,0,0,0,0,0
108096,75322,0,0,0,0,0,0
108104,75330,0,0,0,0,0,0
108112,75338,0,0,0,0,0,0
108120,75346,0,0,0,0,0,0
108128,75354,0,0,0,0,0,0
108136,75362,0,0,0,0,0,0
108144,75370,0,0,0,0,0,0
108152,75378,0,0,0,0,0,0
108160,75386,0,0,0,0,0,0
108168,75394,0,0,0,0,0,0
108176,75402,0,0,0,0,0,0
108184,75410,0,0,0,0,0,0
108192,75418,0,0,0,0,0,0
108200,75426,0,0,0,0,0,0
108208,75434,0,0,0,0,0,0
108216,75442,0,0,0,0,0,0
108224,75450,0,0,0,0,0,0
108232,75458,0,0,0,0,0,0
108240,75466,0,0,0,0,0,0
108248,75474,0,0,0,0,0,0
108256,75482,0,0,0,0,0,0
108264,75490,0,0,0,0,0,0
108272,75498,0,0,0,0,0,0
108280,75506,0,0,0,0,0,0
108288,75514,0,0,0,0,0,0
108296,75522,0,0,0,0,0,0
108304,75530,0,0,0,0,0,0
108312,75538,0,0,0,0,0,0
108320,75546,0,0,0,0,0,0
108328,75554,0,0,0,0,0,0
108336,75562,0,0,0,0,0,0
108344,75570,0,0,0,0,0,0
108352,75578,0,0,0,0,0,0
108360,75586,0,0,0,0,0,0
108368,75594,0,0,0,0,0,0
108376,75602,0,0,0,0,0,0
108384,75610,0,0,0,0,0,0
108392,75618,0,0,0,0,0,0
108400,75626,0,0,0,0,0,0
108408,75634,0,0,0,0,0,0
108416,75642,0,0,0,0,0,0
108424,75650,0,0,0,0,0,0
108432,75658,0,0,0,0,0,0
108440,75666,0,0,0,0,0,0
108448,75674,0,0,0,0,0,0
108456,75682,0,0,0,0,0,0
108464,75690,0,0,0,0,0,0
108472,75698,0,0,0,0,0,0
108480,75706,0,0,0,0,0,0
108488,75714,0,0,0,0,0,0
108496,75722,0,0,0,0,0,0
108504,75730,0,0,0,0,0,0
108512,75738,0,0,0,0,0,0
108520,75746,0,0,0,0,0,0
108528,75754,0,0,0,0,0,0
108536,75762,0,0,0,0,0,0
108544,75770,0,0,0,0,0,0
108552,75778,0,0,0,0,0,0
108560,75786,0,0,0,0,0,0
108568,75794,0,0,0,0,0,0
108576,75802,0,0,0,0,0,0
108584,75810,0,0,0,0,0,0
108592,75818,0,0,0,0,0,0
108600,75826,0,0,0,0,0,0
108608,75834,0,0,0,0,0,0
108616,75842,0,0,0,0,0,0
108624,75850,0,0,0,0,0,0
108632,75858,0,0,0,0,0,0
108640,75866,0,0,0,0,0,0
108648,75874,0,0,0,0,0,0
108656,75882,0,0,0,0,0,0
108664,75890,0,0,0,0,0,0
108672,75898,0,0,0,0,0,0
108680,75906,0,0,0,0,0,0
108688,75914,0,0,0,0,0,0
108696,75922,0,0,0,0,0,0
108704,75930,0,0,0,0,0,0
108712,75938,0,0,0,0,0,0
108720,75946,0,0,0,0,0,0
108728,75954,0,0,0,0,0,0
108736,75962,0,0,0,0,0,0
108744,75970,0,0,0,0,0,0
108752,75978,0,0,0,0,0,0
108760,75986,0,0,0,0,0,0
108768,75994,0,0,0,0,0,0
108776,76002,0,0,0,0,0,0
108784,76010,0,0,0,0,0,0
108792,76018,0,0,0,0,0,0
108800,76026,0,0,0,0,0,0
108808,76034,0,0,0,0,0,0
108816,76042,0,0,0,0,0,0
108824,76050,0,0,0,0,0,0
108832,76058,0,0,0,0,0,0
108840,76066,0,0,0,0,0,0
108848,76074,0,0,0,0,0,0
108856,76082,0,0,0,0,0,0
108864,76090,0,0,0,0,0,0
108872,76098,0,0,0,0,0,0
108880,76106,0,0,0,0,0,0
108888,76114,0,0,0,0,0,0
108896,76122,0,0,0,0,0,0
108904,76130,0,0,0,0,0,0
108912,76138,0,0,0,0,0,0
108920,76146,0,0,0,0,0,0
108928,76154,0,0,0,0,0,0
108936,76162,0,0,0,0,0,0
108944,76170,0,0,0,0,0,0
108952,76178,0,0,0,0,0,0
108960,76186,0,0,0,0,0,0
108968,76194,0,0,0,0,0,0
108976,76202,0,0,0,0,0,0
108984,76210,0,0,0,0,0,0
108992,76218,0,0,0,0,0,0
109000,76226,0,0,0,0,0,0
109008,76234,0,0,0,0,0,0
109016,76242,0,0,0,0,0,0
109024,76250,0,0,0,0,0,0
109032,76258,0,0,0,0,0,0
109040,76266,0,0,0,0,0,0
109048,76274,0,0,0,0,0,0
109056,76282,0,0,0,0,0,0
109064,76290,0,0,0,0,0,0
109072,76298,0,0,0,0,0,0
109080,76306,0,0,0,0,0,0
109088,76314,0,0,0,0,0,0
109096,76322,0,0,0,0,0,0
109104,76330,0,0,0,0,0,0
109112,76338,0,0,0,0,0,0
109120,76346,0,0,0,0,0,0
109128,76354,0,0,0,0,0,0
109136,76362,0,0,0,0,0,0
109144,76370,0,0,0,0,0,0
109152,76378,0,0,0,0,0,0
109160,76386,0,0,0,0,0,0
109168,76394,0,0,0,0,0,0
109176,76402,0,0,0,0,0,0
109184,76410,0,0,0,0,0,0
109192,76418,0,0,0,0,0,0
109200,76426,0,0,0,0,0,0
109208,76434,0,0,0,0,0,0
109216,76442,0,0,0,0,0,0
109224,76450,0,0,0,0,0,0
109232,76458,0,0,0,0,0,0
109240,76466,0,0,0,0,0,0
109248,76474,0,0,0,0,0,0
109256,76482,0,0,0,0,0,0
109264,76490,0,0,0,0,0,0
109272,76498,0,0,0,0,0,0
109280,76506,0,0,0,0,0,0
109288,76514,0,0,0,0,0,0
109296,76522,0,0,0,0,0,0
109304,76530,0,0,0,0,0,0
109312,76538,0,0,0,0,0,0
109320,76546,0,0,0,0,0,0
109328,76554,0,0,0,0,0,0
109336,76562,0,0,0,0,0,0
109344,76570,0,0,0,0,0,0
109352,76578,0,0,0,0,0,0
109360,76586,0,0,0,0,0,0
109368,76594,0,0,0,0,0,0
109376,76602,0,0,0,0,0,0
109384,76610,0,0,0,0,0,0
109392,76618,0,0,0,0,0,0
109400,76626,0,0,0,0,0,0
109408,76634,0,0,0,0,0,0
109416,76642,0,0,0,0,0,0
109424,76650,0,0,0,0,0,0
109432,76658,0,0,0,0,0,0
109440,76666,0,0,0,0,0,0
109448,76674,0,0,0,0,0,0
109456,76682,0,0,0,0,0,0
109464,76690,0,0,0,0,0,0
109472,76698,0,0,0,0,0,0
109480,76706,0,0,0,0,0,0
109488,76714,0,0,0,0,0,0
109496,76722,0,0,0,0,0,0
109504,76730,0,0,0,0,0,0
109512,76738,0,0,0,0,0,0
109520,76746,0,0,0,0,0,0
109528,76754,0,0,0,0,0,0
109536,76762,0,0,0,0,0,0
109544,76770,0,0,0,0,0,0
109552,76778,0,0,0,0,0,0
109560,76786,0,0,0,0,0,0
109568,76794,0,0,0,0,0,0
109576,76802,0,0,0,0,0,0
109584,76810,0,0,0,0,0,0
109592,76818,0,0,0,0,0,0
109600,76826,0,0,0,0,0,0
109608,76834,0,0,0,0,0,0
109616,76842,0,0,0,0,0,0
109624,76850,0,0,0,0,0,0
109632,76858,0,0,0,0,0,0
109640,76866,0,0,0,0,0,0
109648,76874,0,0,0,0,0,0
109656,76882,0,0,0,0,0,0
109664,76890,0,0,0,0,0,0
109672,76898,0,0,0,0,0,0
109680,76906,0,0,0,0,0,0
109688,76914,0,0,0,0,0,0
109696,76922,0,0,0,0,0,0
109704,76930,0,0,0,0,0,0
109712,76938,0,0,0,0,0,0
109720,76946,0,0,0,0,0,0
109728,76954,0,0,0,0,0,0
109736,76962,0,0,0,0,0,0
109744,76970,0,0,0,0,0,0
109752,76978,0,0,0,0,0,0
109760,76986,0,0,0,0,0,0
109768,76994,0,0,0,0,0,0
109776,77002,0,0,0,0,0,0
109784,77010,0,0,0,0,0,0
109792,77018,0,0,0,0,0,0
109800,77026,0,0,0,0,0,0
109808,77034,0,0,0,0,0,0
109816,77042,0,0,0,0,0,0
109824,77050,0,0,0,0,0,0
109832,77058,0,0,0,0,0,0
109840,77066,0,0,0,0,0,0
109848,77074,0,0,0,0,0,0
109856,77082,0,0,0,0,0,0
109864,77090,0,0,0,0,0,0
109872,77098,0,0,0,0,0,0
109880,77106,0,0,0,0,0,0
109888,77114,0,0,0,0,0,0
109896,77122,0,0,0,0,0,0
109904,77130,0,0,0,0,0,0
109912,77138,0,0,0,0,0,0
109920,77146,0,0,0,0,0,0
109928,77154,0,0,0,0,0,0
109936,77162,0,0,0,0,0,0
109944,77170,0,0,0,0,0,0
109952,77178,0,0,0,0,0,0
109960,77186,0,0,0,0,0,0
109968,77194,0,0,0,0,0,0
109976,77202,0,0,0,0,0,0
109984,77210,0,0,0,0,0,0
109992,77218,0,0,0,0,0,0
110000,77226,0,0,0,0,0,0
110008,77234,0,0,0,0,0,0
110016,77242,0,0,0,0,0,0
110024,77250,0,0,0,0,0,0
110032,77258,0,0,0,0,0,0
110040,77266,0,0,0,0,0,0
110048,77274,0,0,0,0,0,0
110056,77282,0,0,0,0,0,0
110064,77290,0,0,0,0,0,0
110072,77298,0,0,0,0,0,0
110080,77306,0,0,0,0,0,0
110088,77314,0,0,0,0,0,0
110096,77322,0,0,0,0,0,0
110104,77330,0,0,0,0,0,0
110112,77338,0,0,0,0,0,0
110120,77346,0,0,0,0,0,0
110128,77354,0,0,0,0,0,0
110136,77362,0,0,0,0,0,0
110144,77370,0,0,0,0,0,0
110152,77378,0,0,0,0,0,0
110160,77386,0,0,0,0,0,0
110168,77394,0,0,0,0,0,0
110176,77402,0,0,0,0,0,0
110184,77410,0,0,0,0,0,0
110192,77418,0,0,0,0,0,0
110200,77426,0,0,0,0,0,0
110208,77434,0,0,0,0,0,0
110216,77442,0,0,0,0,0,0
110224,77450,0,0,0,0,0,0
110232,77458,0,0,0,0,0,0
110240,77466,0,0,0,0,0,0
110248,77474,0,0,0,0,0,0
110256,77482,0,0,0,0,0,0
110264,77490,0,0,0,0,0,0
110272,77498,0,0,0,0,0,0
110280,77506,0,0,0,0,0,0
110288,77514,0,0,0,0,0,0
110296,77522,0,0,0,0,0,0
110304,77530,0,0,0,0,0,0
110312,77538,0,0,0,0,0,0
110320,77546,0,0,0,0,0,0
110328,77554,0,0,0,0,0,0
110336,77562,0,0,0,0,0,0
110344,77570,0,0,0,0,0,0
110352,77578,0,0,0,0,0,0
110360,77586,0,0,0,0,0,0
110368,77594,0,0,0,0,0,0
110376,77602,0,0,0,0,0,0
110384,77610,0,0,0,0,0,0
110392,77618,0,0,0,0,0,0
110400,77626,0,0,0,0,0,0
110408,77634,0,0,0,0,0,0
110416,77642,0,0,0,0,0,0
110424,77650,0,0,0,0,0,0
110432,77658,0,0,0,0,0,0
110440,77666,0,0,0,0,0,0
110448,77674,0,0,0,0,0,0
110456,77682,0,0,0,0,0,0
110464,77690,0,0,0,0,0,0
110472,77698,0,0,0,0,0,0
110480,77706,0,0,0,0,0,0
110488,77714,0,0,0,0,0,0
110496,77722,0,0,0,0,0,0
110504,77730,0,0,0,0,0,0
110512,77738,0,0,0,0,0,0
110520,77746,0,0,0,0,0,0
110528,77754,0,0,0,0,0,0
110536,77762,0,0,0,0,0,0
110544,77770,0,0,0,0,0,0
110552,77778,0,0,0,0,0,0
110560,77786,0,0,0,0,0,0
110568,77794,0,0,0,0,0,0
110576,77802,0,0,0,0,0,0
110584,77810,0,0,0,0,0,0
110592,77818,0,0,0,0,0,0
110600,77826,0,0,0,0,0,0
110608,77834,0,0,0,0,0,0
110616,77842,0,0,0,0,0,0
110624,77850,0,0,0,0,0,0
110632,77858,0,0,0,0,0,0
110640,77866,0,0,0,0,0,0
110648,77874,0,0,0,0,0,0
110656,77882,0,0,0,0,0,0
110664,77890,0,0,0,0,0,0
110672,77898,0,0,0,0,0,0
110680,77906,0,0,0,0,0,0
110688,77914,0,0,0,0,0,0
110696,77922,0,0,0,0,0,0
110704,77930,0,0,0,0,0,0
110712,77938,0,0,0,0,0,0
110720,77946,0,0,0,0,0,0
110728,77954,0,0,0,0,0,0
110736,77962,0,0,0,0,0,0
110744,77970,0,0,0,0,0,0
110752,77978,0,0,0,0,0,0
110760,77986,0,0,0,0,0,0
110768,77994,0,0,0,0,0,0
110776,78002,0,0,0,0,0,0
110784,78010,0,0,0,0,0,0
110792,78018,0,0,0,0,0,0
110800,78026,0,0,0,0,0,0
110808,78034,0,0,0,0,0,0
110816,78042,0,0,0,0,0,0
110824,78050,0,0,0,0,0,0
110832,78058,0,0,0,0,0,0
110840,78066,0,0,0,0,0,0
110848,78074,0,0,0,0,0,0
110856,78082,0,0,0,0,0,0
110864,78090,0,0,0,0,0,0
110872,78098,0,0,0,0,0,0
110880,78106,0,0,0,0,0,0
110888,78114,0,0,0,0,0,0
110896,78122,0,0,0,0,0,0
110904,78130,0,0,0,0,0,0
110912,78138,0,0,0,0,0,0
110920,78146,0,0,0,0,0,0
110928,78154,0,0,0,0,0,0
110936,78162,0,0,0,0,0,0
110944,78170,0,0,0,0,0,0
110952,78178,0,0,0,0,0,0
110960,78186,0,0,0,0,0,0
110968,78194,0,0,0,0,0,0
110976,78202,0,0,0,0,0,0
110984,78210,0,0,0,0,0,0
110992,78218,0,0,0,0,0,0
111000,78226,0,0,0,0,0,0
111008,78234,0,0,0,0,0,0
111016,78242,0,0,0,0,0,0
111024,78250,0,0,0,0,0,0
111032,78258,0,0,0,0,0,0
111040,78266,0,0,0,0,0,0
111048,78274,0,0,0,0,0,0
111056,78282,0,0,0,0,0,0
111064,78290,0,0,0,0,0,0
111072,78298,0,0,0,0,0,0
111080,78306,0,0,0,0,0,0
111088,78314,0,0,0,0,0,0
111096,78322,0,0,0,0,0,0
111104,78330,0,0,0,0,0,0
111112,78338,0,0,0,0,0,0
111120,78346,0,0,0,0,0,0
111128,78354,0,0,0,0,0,0
111136,78362,0,0,0,0,0,0
111144,78370,0,0,0,0,0,0
111152,78378,0,0,0,0,0,0
111160,78386,0,0,0,0,0,0
111168,78394,0,0,0,0,0,0
111176,78402,0,0,0,0,0,0
111184,78410,0,0,0,0,0,0
111192,78418,0,0,0,0,0,0
111200,78426,0,0,0,0,0,0
111208,78434,0,0,0,0,0,0
111216,78442,0,0,0,0,0,0
111224,78450,0,0,0,0,0,0
111232,78458,0,0,0,0,0,0
111240,78466,0,0,0,0,0,0
111248,78474,0,0,0,0,0,0
111256,78482,0,0,0,0,0,0
111264,78490,0,0,0,0,0,0
111272,78498,0,0,0,0,0,0
111280,78506,0,0,0,0,0,0
111288,78514,0,0,0,0,0,0
111296,78522,0,0,0,0,0,0
111304,78530,0,0,0,0,0,0
111312,78538,0,0,0,0,0,0
111320,78546,0,0,0,0,0,0
111328,78554,0,0,0,0,0,0
111336,78562,0,0,0,0,0,0
111344,78570,0,0,0,0,0,0
111352,78578,0,0,0,0,0,0
111360,78586,0,0,0,0,0,0
111368,78594,0,0,0,0,0,0
111376,78602,0,0,0,0,0,0
111384,78610,0,0,0,0,0,0
111392,78618,0,0,0,0,0,0
111400,78626,0,0,0,0,0,0
111408,78634,0,0,0,0,0,0
111416,78642,0,0,0,0,0,0
111424,78650,0,0,0,0,0,0
111432,78658,0,0,0,0,0,0
111440,78666,0,0,0,0,0,0
111448,78674,0,0,0,0,0,0
111456,78682,0,0,0,0,0,0
111464,78690,0,0,0,0,0,0
111472,78698,0,0,0,0,0,0
111480,78706,0,0,0,0,0,0
111488,78714,0,0,0,0,0,0
111496,78722,0,0,0,0,0,0
111504,78730,0,0,0,0,0,0
111512,78738,0,0,0,0,0,0
111520,78746,0,0,0,0,0,0
111528,78754,0,0,0,0,0,0
111536,78762,0,0,0,0,0,0
111544,78770,0,0,0,0,0,0
111552,78778,0,0,0,0,0,0
111560,78786,0,0,0,0,0,0
111568,78794,0,0,0,0,0,0
111576,78802,0,0,0,0,0,0
111584,78810,0,0,0,0,0,0
111592,78818,0,0,0,0,0,0
111600,78826,0,0,0,0,0,0
111608,78834,0,0,0,0,0,0
111616,78842,0,0,0,0,0,0
111624,78850,0,0,0,0,0,0
111632,78858,0,0,0,0,0,0
111640,78866,0,0,0,0,0,0
111648,78874,0,0,0,0,0,0
111656,78882,0,0,0,0,0,0
111664,78890,0,0,0,0,0,0
111672,78898,0,0,0,0,0,0
111680,78906,0,0,0,0,0,0
111688,78914,0,0,0,0,0,0
111696,78922,0,0,0,0,0,0
111704,78930,0,0,0,0,0,0
111712,78938,0,0,0,0,0,0
111720,78946,0,0,0,0,0,0
111728,78954,0,0,0,0,0,0
111736,78962,0,0,0,0,0,0
111744,78970,0,0,0,0,0,0
111752,78978,0,0,0,0,0,0
111760,78986,0,0,0,0,0,0
111768,78994,0,0,0,0,0,0
111776,79002,0,0,0,0,0,0
111784,79010,0,0,0,0,0,0
111792,79018,0,0,0,0,0,0
111800,79026,0,0,0,0,0,0
111808,79034,0,0,0,0,0,0
111816,79042,0,0,0,0,0,0
111824,79050,0,0,0,0,0,0
111832,79058,0,0,0,0,0,0
111840,79066,0,0,0,0,0,0
111848,79074,0,0,0,0,0,0
111856,79082,0,0,0,0,0,0
111864,79090,0,0,0,0,0,0
111872,79098,0,0,0,0,0,0
111880,79106,0,0,0,0,0,0
111888,79114,0,0,0,0,0,0
111896,79122,0,0,0,0,0,0
111904,79130,0,0,0,0,0,0
111912,79138,0,0,0,0,0,0
111920,79146,0,0,0,0,0,0
111928,79154,0,0,0,0,0,0
111936,79162,0,0,0,0,0,0
111944,79170,0,0,0,0,0,0
111952,79178,0,0,0,0,0,0
111960,79186,0,0,0,0,0,0
111968,79194,0,0,0,0,0,0
111976,79202,0,0,0,0,0,0
111984,79210,0,0,0,0,0,0
111992,79218,0,0,0,0,0,0
112000,79226,0,0,0,0,0,0
112008,79234,0,0,0,0,0,0
112016,79242,0,0,0,0,0,0
112024,79250,0,0,0,0,0,0
112032,79258,0,0,0,0,0,0
112040,79266,0,0,0,0,0,0
112048,79274,0,0,0,0,0,0
112056,79282,0,0,0,0,0,0
112064,79290,0,0,0,0,0,0
112072,79298,0,0,0,0,0,0
112080,79306,0,0,0,0,0,0
112088,79314,0,0,0,0,0,0
112096,79322,0,0,0,0,0,0
112104,79330,0,0,0,0,0,0
112112,79338,0,0,0,0,0,0
112120,79346,0,0,0,0,0,0
112128,79354,0,0,0,0,0,0
112136,79362,0,0,0,0,0,0
112144,79370,0,0,0,0,0,0
112152,79378,0,0,0,0,0,0
112160,79386,0,0,0,0,0,0
112168,79394,0,0,0,0,0,0
112176,79402,0,0,0,0,0,0
112184,79410,0,0,0,0,0,0
112192,79418,0,0,0,0,0,0
112200,79426,0,0,0,0,0,0
112208,79434,0,0,0,0,0,0
112216,79442,0,0,0,0,0,0
112224,79450,0,0,0,0,0,0
112232,79458,0,0,0,0,0,0
112240,79466,0,0,0,0,0,0
112248,79474,0,0,0,0,0,0
112256,79482,0,0,0,0,0,0
112264,79490,0,0,0,0,0,0
112272,79498,0,0,0,0,0,0
112280,79506,0,0,0,0,0,0
112288,79514,0,0,0,0,0,0
112296,79522,0,0,0,0,0,0
112304,79530,0,0,0,0,0,0
112312,79538,0,0,0,0,0,0
112320,79546,0,0,0,0,0,0
112328,79554,0,0,0,0,0,0
112336,79562,0,0,0,0,0,0
112344,79570,0,0,0,0,0,0
112352,79578,0,0,0,0,0,0
112360,79586,0,0,0,0,0,0
112368,79594,0,0,0,0,0,0
112376,79602,0,0,0,0,0,0
112384,79610,0,0,0,0,0,0
112392,79618,0,0,0,0,0,0
112400,79626,0,0,0,0,0,0
112408,79634,0,0,0,0,0,0
112416,79642,0,0,0,0,0,0
112424,79650,0,0,0,0,0,0
112432,79658,0,0,0,0,0,0
112440,79666,0,0,0,0,0,0
112448,79674,0,0,0,0,0,0
112456,79682,0,0,0,0,0,0
112464,79690,0,0,0,0,0,0
112472,79698,0,0,0,0,0,0
112480,79706,0,0,0,0,0,0
112488,79714,0,0,0,0,0,0
112496,79722,0,0,0,0,0,0
112504,79730,0,0,0,0,0,0
112512,79738,0,0,0,0,0,0
112520,79746,0,0,0,0,0,0
112528,79754,0,0,0,0,0,0
112536,79762,0,0,0,0,0,0
112544,79770,0,0,0,0,0,0
112552,79778,0,0,0,0,0,0
112560,79786,0,0,0,0,0,0
112568,79794,0,0,0,0,0,0
112576,79802,0,0,0,0,0,0
112584,79810,0,0,0,0,0,0
112592,79818,0,0,0,0,0,0
112600,79826,0,0,0,0,0,0
112608,79834,0,0,0,0,0,0
112616,79842,0,0,0,0,0,0
112624,79850,0,0,0,0,0,0
112632,79858,0,0,0,0,0,0
112640,79866,0,0,0,0,0,0
112648,79874,0,0,0,0,0,0
112656,79882,0,0,0,0,0,0
112664,79890,0,0,0,0,0,0
112672,79898,0,0,0,0,0,0
112680,79906,0,0,0,0,0,0
112688,79914,0,0,0,0,0,0
112696,79922,0,0,0,0,0,0
112704,79930,0,0,0,0,0,0
112712,79938,0,0,0,0,0,0
112720,79946,0,0,0,0,0,0
112728,79954,0,0,0,0,0,0
112736,79962,0,0,0,0,0,0
112744,79970,0,0,0,0,0,0
112752,79978,0,0,0,0,0,0
112760,79986,0,0,0,0,0,0
112768,79994,0,0,0,0,0,0
112776,80002,0,0,0,0,0,0
112784,80010,0,0,0,0,0,0
112792,80018,0,0,0,0,0,0
112800,80026,0,0,0,0,0,0
112808,80034,0,0,0,0,0,0
112816,80042,0,0,0,0,0,0
112824,80050,0,0,0,0,0,0
112832,80058,0,0,0,0,0,0
112840,80066,0,0,0,0,0,0
112848,80074,0,0,0,0,0,0
112856,80082,0,0,0,0,0,0
112864,80090,0,0,0,0,0,0
112872,80098,0,0,0,0,0,0
112880,80106,0,0,0,0,0,0
112888,80114,0,0,0,0,0,0
112896,80122,0,0,0,0,0,0
112904,80130,0,0,0,0,0,0
112912,80138,0,0,0,0,0,0
112920,80146,0,0,0,0,0,0
112928,80154,0,0,0,0,0,0
112936,80162,0,0,0,0,0,0
112944,80170,0,0,0,0,0,0
112952,80178,0,0,0,0,0,0
112960,80186,0,0,0,0,0,0
112968,80194,0,0,0,0,0,0
112976,80202,0,0,0,0,0,0
112984,80210,0,0,0,0,0,0
112992,80218,0,0,0,0,0,0
113000,80226,0,0,0,0,0,0
113008,80234,0,0,0,0,0,0
113016,80242,0,0,0,0,0,0
113024,80250,0,0,0,0,0,0
113032,80258,0,0,0,0,0,0
113040,80266,0,0,0,0,0,0
113048,80274,0,0,0,0,0,0
113056,80282,0,0,0,0,0,0
113064,80290,0,0,0,0,0,0
113072,80298,0,0,0,0,0,0
113080,80306,0,0,0,0,0,0
113088,80314,0,0,0,0,0,0
113096,80322,0,0,0,0,0,0
113104,80330,0,0,0,0,0,0
113112,80338,0,0,0,0,0,0
113120,80346,0,0,0,0,0,0
113128,80354,0,0,0,0,0,0
113136,80362,0,0,0,0,0,0
113144,80370,0,0,0,0,0,0
113152,80378,0,0,0,0,0,0
113160,80386,0,0,0,0,0,0
113168,80394,0,0,0,0,0,0
113176,80402,0,0,0,0,0,0
113184,80410,0,0,0,0,0,0
113192,80418,0,0,0,0,0,0
113200,80426,0,0,0,0,0,0
113208,80434,0,0,0,0,0,0
113216,80442,0,0,0,0,0,0
113224,80450,0,0,0,0,0,0
113232,80458,0,0,0,0,0,0
113240,80466,0,0,0,0,0,0
113248,80474,0,0,0,0,0,0
113256,80482,0,0,0,0,0,0
113264,80490,0,0,0,0,0,0
113272,80498,0,0,0,0,0,0
113280,80506,0,0,0,0,0,0
113288,80514,0,0,0,0,0,0
113296,80522,0,0,0,0,0,0
113304,80530,0,0,0,0,0,0
113312,80538,0,0,0,0,0,0
113320,80546,0,0,0,0,0,0
113328,80554,0,0,0,0,0,0
113336,80562,0,0,0,0,0,0
113344,80570,0,0,0,0,0,0
113352,80578,0,0,0,0,0,0
113360,80586,0,0,0,0,0,0
113368,80594,0,0,0,0,0,0
113376,80602,0,0,0,0,0,0
113384,80610,0,0,0,0,0,0
113392,80618,0,0,0,0,0,0
113400,80626,0,0,0,0,0,0
113408,80634,0,0,0,0,0,0
113416,80642,0,0,0,0,0,0
113424,80650,0,0,0,0,0,0
113432,80658,0,0,0,0,0,0
113440,80666,0,0,0,0,0,0
113448,80674,0,0,0,0,0,0
113456,80682,0,0,0,0,0,0
113464,80690,0,0,0,0,0,0
113472,80698,0,0,0,0,0,0
113480,80706,0,0,0,0,0,0
113488,80714,0,0,0,0,0,0
113496,80722,0,0,0,0,0,0
113504,80730,0,0,0,0,0,0
