Index,GloOfs,RelOfs,Child,Parent,Xpos,Ypos,Zpos,Xtile,Ytile,Status,Status_S,Affect,BaseFrame,Frame,OldFrame,Life,WhoShotMe,Model,Model_S,State,Angle,Angle_S,ZAngle,WhoShot,WhoShotType
0,89448,56674,11226,56704,12956,17844,256,50,69,1,TS_NODRAW,0,0,0,65535,0,0,0,TM_NONE,51,0,TA_SOUTHWEST,0,2,TT_PERSON
1,89478,56704,11226,56734,12956,17844,256,50,69,1,TS_NODRAW,0,0,0,65535,0,0,0,TM_NONE,51,0,TA_SOUTHWEST,0,94,TT_PERSON
2,89508,56734,11226,56764,12956,17844,256,50,69,1,TS_NODRAW,0,0,0,65535,0,0,0,TM_NONE,51,0,TA_SOUTHWEST,0,186,TT_PERSON
3,89538,56764,11226,56794,12956,17844,256,50,69,1,TS_NODRAW,0,0,0,65535,0,0,0,TM_NONE,51,0,TA_SOUTHWEST,0,278,TT_PERSON
4,89568,56794,11226,56824,12956,17844,256,50,69,5,TS_NODRAW | TS_MAPWHO,0,0,0,65535,0,0,3,TM_EFFECT,51,0,TA_SOUTHWEST,0,2,TT_PERSON
5,89598,56824,56794,56854,12956,17844,256,50,69,5,TS_NODRAW | TS_MAPWHO,0,0,0,65535,0,0,3,TM_EFFECT,51,0,TA_SOUTHWEST,0,94,TT_PERSON
6,89628,56854,56824,56884,12956,17844,256,50,69,5,TS_NODRAW | TS_MAPWHO,0,0,0,65535,0,0,3,TM_EFFECT,51,0,TA_SOUTHWEST,0,186,TT_PERSON
7,89658,56884,56854,0,12956,17844,256,50,69,5,TS_NODRAW | TS_MAPWHO,0,0,0,65535,0,0,3,TM_EFFECT,51,0,TA_SOUTHWEST,0,278,TT_PERSON
8,89688,56914,0,56974,14352,18546,384,56,72,0,TS_NONE,0,0,1724,382,22,0,0,TM_NONE,31,227,TA_WEST,0,94,TT_PERSON
9,89718,56944,0,0,14322,18580,384,55,72,0,TS_NONE,0,0,1724,382,22,0,0,TM_NONE,31,227,TA_WEST,0,94,TT_PERSON
10,89748,56974,0,0,14356,18550,384,56,72,0,TS_NONE,0,0,1724,382,22,0,0,TM_NONE,31,227,TA_WEST,0,94,TT_PERSON
11,89778,57004,0,57034,15125,17360,384,59,67,0,TS_NONE,0,0,1724,382,22,0,0,TM_NONE,31,0,TA_SOUTHWEST,0,186,TT_PERSON
12,89808,57034,0,57064,15159,17330,384,59,67,0,TS_NONE,0,0,1724,382,22,0,0,TM_NONE,31,0,TA_SOUTHWEST,0,186,TT_PERSON
13,89838,57064,0,57094,15129,17364,384,59,67,0,TS_NONE,0,0,1724,382,22,0,0,TM_NONE,31,0,TA_SOUTHWEST,0,186,TT_PERSON
14,89868,57094,0,57124,15163,17334,384,59,67,0,TS_NONE,0,0,1724,382,22,0,0,TM_NONE,31,0,TA_SOUTHWEST,0,186,TT_PERSON
15,89898,57124,0,0,15133,17368,384,59,67,0,TS_NONE,0,0,1724,382,22,0,0,TM_NONE,31,0,TA_SOUTHWEST,0,186,TT_PERSON
16,89928,57154,0,57184,15061,17340,384,58,67,0,TS_NONE,0,0,1724,382,22,0,0,TM_NONE,31,0,TA_SOUTHWEST,0,278,TT_PERSON
17,89958,57184,0,57214,15031,17374,384,58,67,0,TS_NONE,0,0,1724,382,22,0,0,TM_NONE,31,0,TA_SOUTHWEST,0,278,TT_PERSON
18,89988,57214,0,57244,15065,17344,384,58,67,0,TS_NONE,0,0,1724,382,22,0,0,TM_NONE,31,0,TA_SOUTHWEST,0,278,TT_PERSON
19,90018,57244,0,57274,15035,17378,384,58,67,0,TS_NONE,0,0,1724,382,22,0,0,TM_NONE,31,0,TA_SOUTHWEST,0,278,TT_PERSON
20,90048,57274,0,0,15069,17348,384,58,67,0,TS_NONE,0,0,1724,382,22,0,0,TM_NONE,31,0,TA_SOUTHWEST,0,278,TT_PERSON
21,90078,57304,39754,57334,21583,10286,384,84,40,0,TS_NONE,0,0,1724,382,22,0,0,TM_NONE,31,128,TA_NORTHEAST,0,2,TT_PERSON
22,90108,57334,39754,57364,21553,10320,384,84,40,0,TS_NONE,0,0,1724,382,22,0,0,TM_NONE,31,128,TA_NORTHEAST,0,2,TT_PERSON
23,90138,57364,39754,57394,21587,10290,384,84,40,0,TS_NONE,0,0,1724,382,22,0,0,TM_NONE,31,128,TA_NORTHEAST,0,2,TT_PERSON
24,90168,57394,39754,57424,21557,10324,384,84,40,0,TS_NONE,0,0,1724,382,22,0,0,TM_NONE,31,128,TA_NORTHEAST,0,2,TT_PERSON
25,90198,57424,39754,57454,21591,10294,384,84,40,0,TS_NONE,0,0,1724,382,22,0,0,TM_NONE,31,128,TA_NORTHEAST,0,94,TT_PERSON
26,90228,57454,39754,57484,21561,10328,384,84,40,0,TS_NONE,0,0,1724,382,22,0,0,TM_NONE,31,128,TA_NORTHEAST,0,94,TT_PERSON
27,90258,57484,39754,57514,21595,10298,384,84,40,0,TS_NONE,0,0,1724,382,22,0,0,TM_NONE,31,128,TA_NORTHEAST,0,94,TT_PERSON
28,90288,57514,39754,57544,21565,10332,384,84,40,0,TS_NONE,0,0,1724,382,22,0,0,TM_NONE,31,128,TA_NORTHEAST,0,94,TT_PERSON
29,90318,57544,39754,57574,21599,10302,384,84,40,0,TS_NONE,0,0,1724,382,22,0,0,TM_NONE,31,128,TA_NORTHEAST,0,94,TT_PERSON
30,90348,57574,39754,57604,21587,10360,384,84,40,0,TS_NONE,0,0,1724,382,22,0,0,TM_NONE,31,146,TA_NORTH,0,186,TT_PERSON
31,90378,57604,39754,57634,21557,10330,384,84,40,0,TS_NONE,0,0,1724,382,22,0,0,TM_NONE,31,146,TA_NORTH,0,186,TT_PERSON
32,90408,57634,39754,57664,21591,10300,384,84,40,0,TS_NONE,0,0,1724,382,22,0,0,TM_NONE,31,146,TA_NORTH,0,186,TT_PERSON
33,90438,57664,39754,57694,21561,10334,384,84,40,0,TS_NONE,0,0,1724,382,22,0,0,TM_NONE,31,146,TA_NORTH,0,186,TT_PERSON
34,90468,57694,39754,57724,21595,10304,384,84,40,0,TS_NONE,0,0,1724,382,22,0,0,TM_NONE,31,146,TA_NORTH,0,186,TT_PERSON
35,90498,57724,39754,57754,21564,10332,384,84,40,0,TS_NONE,0,0,1724,382,22,0,0,TM_NONE,31,140,TA_NORTHEAST,0,278,TT_PERSON
36,90528,57754,39754,57784,21598,10302,384,84,40,0,TS_NONE,0,0,1724,382,22,0,0,TM_NONE,31,140,TA_NORTHEAST,0,278,TT_PERSON
37,90558,57784,39754,57814,21568,10336,384,84,40,0,TS_NONE,0,0,1724,382,22,0,0,TM_NONE,31,140,TA_NORTHEAST,0,278,TT_PERSON
38,90588,57814,39754,57844,21602,10306,384,84,40,0,TS_NONE,0,0,1724,382,22,0,0,TM_NONE,31,140,TA_NORTHEAST,0,278,TT_PERSON
39,90618,57844,39754,0,21572,10340,384,84,40,0,TS_NONE,0,0,1724,382,22,0,0,TM_NONE,31,140,TA_NORTHEAST,0,278,TT_PERSON
40,90648,57874,0,0,21778,10894,384,85,42,0,TS_NONE,0,0,1724,382,14,0,0,TM_NONE,31,12,TA_SOUTHWEST,0,1658,TT_PERSON
41,90678,57904,0,57934,22414,11811,1088,87,46,0,TS_NONE,0,0,1724,382,22,0,0,TM_NONE,31,228,TA_WEST,31,2,TT_PERSON
42,90708,57934,0,57964,22448,11781,1088,87,46,0,TS_NONE,0,0,1724,382,22,0,0,TM_NONE,31,228,TA_WEST,31,2,TT_PERSON
43,90738,57964,0,57994,22418,11815,1088,87,46,0,TS_NONE,0,0,1724,382,22,0,0,TM_NONE,31,228,TA_WEST,31,2,TT_PERSON
44,90768,57994,0,58624,22452,11785,1088,87,46,0,TS_NONE,0,0,1724,382,22,0,0,TM_NONE,31,228,TA_WEST,31,2,TT_PERSON
45,90798,58024,0,58084,22512,11691,948,87,45,0,TS_NONE,0,0,1724,382,22,0,0,TM_NONE,31,223,TA_WEST,34,94,TT_PERSON
46,90828,58054,0,58204,22546,11661,948,88,45,0,TS_NONE,0,0,1724,382,22,0,0,TM_NONE,31,223,TA_WEST,34,94,TT_PERSON
47,90858,58084,0,58114,22516,11695,948,87,45,0,TS_NONE,0,0,1724,382,22,0,0,TM_NONE,31,223,TA_WEST,34,94,TT_PERSON
48,90888,58114,0,58144,22486,11665,948,87,45,0,TS_NONE,0,0,1724,382,22,0,0,TM_NONE,31,223,TA_WEST,34,94,TT_PERSON
49,90918,58144,0,58174,22520,11635,948,87,45,0,TS_NONE,0,0,1724,382,22,0,0,TM_NONE,31,223,TA_WEST,34,94,TT_PERSON
50,90948,58174,0,58714,22525,11629,965,87,45,0,TS_NONE,0,0,1724,382,22,0,0,TM_NONE,31,223,TA_WEST,29,186,TT_PERSON
51,90978,58204,0,58234,22559,11599,965,88,45,0,TS_NONE,0,0,1724,382,22,0,0,TM_NONE,31,223,TA_WEST,29,186,TT_PERSON
52,91008,58234,0,58264,22529,11633,965,88,45,0,TS_NONE,0,0,1724,382,22,0,0,TM_NONE,31,223,TA_WEST,29,186,TT_PERSON
53,91038,58264,0,58294,22563,11603,965,88,45,0,TS_NONE,0,0,1724,382,22,0,0,TM_NONE,31,223,TA_WEST,29,186,TT_PERSON
54,91068,58294,0,58834,22533,11637,965,88,45,0,TS_NONE,0,0,1724,382,22,0,0,TM_NONE,31,223,TA_WEST,29,186,TT_PERSON
55,91098,58324,0,58354,20979,13332,2760,81,52,0,TS_NONE,0,0,1724,382,22,0,0,TM_NONE,31,226,TA_WEST,41,8926,TT_PERSON
56,91128,58354,0,58384,20949,13366,2760,81,52,0,TS_NONE,0,0,1724,382,22,0,0,TM_NONE,31,226,TA_WEST,41,8926,TT_PERSON
57,91158,58384,0,58414,20983,13336,2760,81,52,0,TS_NONE,0,0,1724,382,22,0,0,TM_NONE,31,226,TA_WEST,41,8926,TT_PERSON
58,91188,58414,0,58444,20953,13370,2760,81,52,0,TS_NONE,0,0,1724,382,22,0,0,TM_NONE,31,226,TA_WEST,41,8926,TT_PERSON
59,91218,58444,0,59104,20987,13340,2760,81,52,0,TS_NONE,0,0,1724,382,22,0,0,TM_NONE,31,226,TA_WEST,41,8926,TT_PERSON
60,91248,58474,0,58534,22166,14082,2914,86,55,0,TS_NONE,0,0,1724,382,22,0,0,TM_NONE,31,251,TA_SOUTHWEST,46,4970,TT_PERSON
61,91278,58504,0,58564,22200,14052,2914,86,54,0,TS_NONE,0,0,1724,382,22,0,0,TM_NONE,31,251,TA_SOUTHWEST,46,4970,TT_PERSON
62,91308,58534,0,58594,22170,14086,2914,86,55,0,TS_NONE,0,0,1724,382,22,0,0,TM_NONE,31,251,TA_SOUTHWEST,46,4970,TT_PERSON
63,91338,58564,0,59224,22204,14056,2914,86,54,0,TS_NONE,0,0,1724,382,22,0,0,TM_NONE,31,251,TA_SOUTHWEST,46,4970,TT_PERSON
64,91368,58594,0,0,22174,14090,2914,86,55,0,TS_NONE,0,0,1724,382,22,0,0,TM_NONE,31,251,TA_SOUTHWEST,46,4970,TT_PERSON
65,91398,58624,0,58654,22456,11789,1088,87,46,0,TS_NONE,0,0,1724,382,22,0,0,TM_NONE,31,228,TA_WEST,31,2,TT_PERSON
66,91428,58654,0,58684,22426,11823,1088,87,46,0,TS_NONE,0,0,1724,382,22,0,0,TM_NONE,31,228,TA_WEST,31,2,TT_PERSON
67,91458,58684,0,58744,22396,11793,1088,87,46,0,TS_NONE,0,0,1724,382,22,0,0,TM_NONE,31,228,TA_WEST,31,2,TT_PERSON
68,91488,58714,0,58774,22430,11763,1088,87,45,0,TS_NONE,0,0,1724,382,22,0,0,TM_NONE,31,228,TA_WEST,31,2,TT_PERSON
69,91518,58744,0,1474,22400,11797,1088,87,46,0,TS_NONE,0,0,1724,382,22,0,0,TM_NONE,31,228,TA_WEST,31,2,TT_PERSON
70,91548,58774,0,58804,22524,11639,948,87,45,0,TS_NONE,0,0,1724,382,22,0,0,TM_NONE,31,223,TA_WEST,34,94,TT_PERSON
71,91578,58804,0,58864,22494,11673,948,87,45,0,TS_NONE,0,0,1724,382,22,0,0,TM_NONE,31,223,TA_WEST,34,94,TT_PERSON
72,91608,58834,0,58894,22528,11643,948,88,45,0,TS_NONE,0,0,1724,382,22,0,0,TM_NONE,31,223,TA_WEST,34,94,TT_PERSON
73,91638,58864,0,59554,22498,11677,948,87,45,0,TS_NONE,0,0,1724,382,22,0,0,TM_NONE,31,223,TA_WEST,34,94,TT_PERSON
74,91668,58894,0,58924,22532,11647,948,88,45,0,TS_NONE,0,0,1724,382,22,0,0,TM_NONE,31,223,TA_WEST,34,94,TT_PERSON
75,91698,58924,0,58954,22537,11641,965,88,45,0,TS_NONE,0,0,1724,382,22,0,0,TM_NONE,31,223,TA_WEST,29,186,TT_PERSON
76,91728,58954,0,58984,22571,11611,965,88,45,0,TS_NONE,0,0,1724,382,22,0,0,TM_NONE,31,223,TA_WEST,29,186,TT_PERSON
77,91758,58984,0,59014,22541,11645,965,88,45,0,TS_NONE,0,0,1724,382,22,0,0,TM_NONE,31,223,TA_WEST,29,186,TT_PERSON
78,91788,59014,0,59044,22575,11615,965,88,45,0,TS_NONE,0,0,1724,382,22,0,0,TM_NONE,31,223,TA_WEST,29,186,TT_PERSON
79,91818,59044,0,59524,22545,11649,965,88,45,0,TS_NONE,0,0,1724,382,22,0,0,TM_NONE,31,223,TA_WEST,29,186,TT_PERSON
80,91848,59074,0,59134,20995,13348,2760,82,52,0,TS_NONE,0,0,1724,382,22,0,0,TM_NONE,31,226,TA_WEST,41,8926,TT_PERSON
81,91878,59104,0,59164,20965,13382,2760,81,52,0,TS_NONE,0,0,1724,382,22,0,0,TM_NONE,31,226,TA_WEST,41,8926,TT_PERSON
82,91908,59134,0,0,20999,13352,2760,82,52,0,TS_NONE,0,0,1724,382,22,0,0,TM_NONE,31,226,TA_WEST,41,8926,TT_PERSON
83,91938,59164,0,59194,20969,13386,2760,81,52,0,TS_NONE,0,0,1724,382,22,0,0,TM_NONE,31,226,TA_WEST,41,8926,TT_PERSON
84,91968,59194,0,0,20939,13356,2760,81,52,0,TS_NONE,0,0,1724,382,22,0,0,TM_NONE,31,226,TA_WEST,41,8926,TT_PERSON
85,91998,59224,0,59254,22182,14034,2914,86,54,0,TS_NONE,0,0,1724,382,22,0,0,TM_NONE,31,251,TA_SOUTHWEST,46,4970,TT_PERSON
86,92028,59254,0,59284,22152,14068,2914,86,54,0,TS_NONE,0,0,1724,382,22,0,0,TM_NONE,31,251,TA_SOUTHWEST,46,4970,TT_PERSON
87,92058,59284,0,59314,22186,14038,2914,86,54,0,TS_NONE,0,0,1724,382,22,0,0,TM_NONE,31,251,TA_SOUTHWEST,46,4970,TT_PERSON
88,92088,59314,0,59344,22156,14072,2914,86,54,0,TS_NONE,0,0,1724,382,22,0,0,TM_NONE,31,251,TA_SOUTHWEST,46,4970,TT_PERSON
89,92118,59344,0,0,22190,14042,2914,86,54,0,TS_NONE,0,0,1724,382,22,0,0,TM_NONE,31,251,TA_SOUTHWEST,46,4970,TT_PERSON
90,92148,59374,0,59404,21274,13177,2320,83,51,0,TS_NONE,0,0,1724,382,22,0,0,TM_NONE,31,228,TA_WEST,31,2,TT_PERSON
91,92178,59404,0,59434,21308,13147,2320,83,51,0,TS_NONE,0,0,1724,382,22,0,0,TM_NONE,31,228,TA_WEST,31,2,TT_PERSON
92,92208,59434,0,59464,21278,13181,2320,83,51,0,TS_NONE,0,0,1724,382,22,0,0,TM_NONE,31,228,TA_WEST,31,2,TT_PERSON
93,92238,59464,0,59494,21312,13151,2320,83,51,0,TS_NONE,0,0,1724,382,22,0,0,TM_NONE,31,228,TA_WEST,31,2,TT_PERSON
94,92268,59494,0,0,21282,13185,2320,83,51,0,TS_NONE,0,0,1724,382,22,0,0,TM_NONE,31,228,TA_WEST,31,2,TT_PERSON
95,92298,59524,0,59584,22540,11655,948,88,45,0,TS_NONE,0,0,1724,382,22,0,0,TM_NONE,31,223,TA_WEST,34,94,TT_PERSON
96,92328,59554,0,59614,22510,11689,948,87,45,0,TS_NONE,0,0,1724,382,22,0,0,TM_NONE,31,223,TA_WEST,34,94,TT_PERSON
97,92358,59584,0,59644,22544,11659,948,88,45,0,TS_NONE,0,0,1724,382,22,0,0,TM_NONE,31,223,TA_WEST,34,94,TT_PERSON
98,92388,59614,0,59704,22514,11693,948,87,45,0,TS_NONE,0,0,1724,382,22,0,0,TM_NONE,31,223,TA_WEST,34,94,TT_PERSON
99,92418,59644,0,59674,22548,11663,948,88,45,0,TS_NONE,0,0,1724,382,22,0,0,TM_NONE,31,223,TA_WEST,34,94,TT_PERSON
100,92448,59674,0,59734,22553,11657,965,88,45,0,TS_NONE,0,0,1724,382,22,0,0,TM_NONE,31,223,TA_WEST,29,186,TT_PERSON
101,92478,59704,0,59764,22523,11627,965,87,45,0,TS_NONE,0,0,1724,382,22,0,0,TM_NONE,31,223,TA_WEST,29,186,TT_PERSON
102,92508,59734,0,59794,22557,11597,965,88,45,0,TS_NONE,0,0,1724,382,22,0,0,TM_NONE,31,223,TA_WEST,29,186,TT_PERSON
103,92538,59764,0,0,22527,11631,965,87,45,0,TS_NONE,0,0,1724,382,22,0,0,TM_NONE,31,223,TA_WEST,29,186,TT_PERSON
104,92568,59794,0,0,22561,11601,965,88,45,0,TS_NONE,0,0,1724,382,22,0,0,TM_NONE,31,223,TA_WEST,29,186,TT_PERSON
105,92598,59824,0,59854,21164,13698,3002,82,53,0,TS_NONE,0,0,1724,382,22,0,0,TM_NONE,31,235,TA_WEST,49,4970,TT_PERSON
106,92628,59854,0,59884,21134,13732,3002,82,53,0,TS_NONE,0,0,1724,382,22,0,0,TM_NONE,31,235,TA_WEST,49,4970,TT_PERSON
107,92658,59884,0,59914,21168,13702,3002,82,53,0,TS_NONE,0,0,1724,382,22,0,0,TM_NONE,31,235,TA_WEST,49,4970,TT_PERSON
108,92688,59914,0,59944,21138,13736,3002,82,53,0,TS_NONE,0,0,1724,382,22,0,0,TM_NONE,31,235,TA_WEST,49,4970,TT_PERSON
109,92718,59944,0,0,21172,13706,3002,82,53,0,TS_NONE,0,0,1724,382,22,0,0,TM_NONE,31,235,TA_WEST,49,4970,TT_PERSON
110,92748,59974,40114,60004,20806,12709,2210,81,49,0,TS_NONE,0,0,1724,382,22,0,0,TM_NONE,31,218,TA_WEST,29,2,TT_PERSON
111,92778,60004,40114,60034,20840,12679,2210,81,49,0,TS_NONE,0,0,1724,382,22,0,0,TM_NONE,31,218,TA_WEST,29,2,TT_PERSON
112,92808,60034,40114,60064,20810,12713,2210,81,49,0,TS_NONE,0,0,1724,382,22,0,0,TM_NONE,31,218,TA_WEST,29,2,TT_PERSON
113,92838,60064,40114,60094,20780,12683,2210,81,49,0,TS_NONE,0,0,1724,382,22,0,0,TM_NONE,31,218,TA_WEST,29,2,TT_PERSON
114,92868,60094,40114,0,20814,12653,2210,81,49,0,TS_NONE,0,0,1724,382,22,0,0,TM_NONE,31,218,TA_WEST,29,2,TT_PERSON
115,92898,60124,0,60154,20608,12529,2254,80,48,0,TS_NONE,0,0,1724,382,22,0,0,TM_NONE,31,213,TA_WEST,30,94,TT_PERSON
116,92928,60154,0,60184,20642,12499,2254,80,48,0,TS_NONE,0,0,1724,382,22,0,0,TM_NONE,31,213,TA_WEST,30,94,TT_PERSON
117,92958,60184,0,60214,20612,12533,2254,80,48,0,TS_NONE,0,0,1724,382,22,0,0,TM_NONE,31,213,TA_WEST,30,94,TT_PERSON
118,92988,60214,0,60244,20646,12503,2254,80,48,0,TS_NONE,0,0,1724,382,22,0,0,TM_NONE,31,213,TA_WEST,30,94,TT_PERSON
119,93018,60244,0,0,20616,12537,2254,80,48,0,TS_NONE,0,0,1724,382,22,0,0,TM_NONE,31,213,TA_WEST,30,94,TT_PERSON
120,93048,60274,40078,60304,20844,12489,2056,81,48,0,TS_NONE,0,0,1724,382,22,0,0,TM_NONE,31,215,TA_WEST,26,186,TT_PERSON
121,93078,60304,40078,60334,20814,12523,2056,81,48,0,TS_NONE,0,0,1724,382,22,0,0,TM_NONE,31,215,TA_WEST,26,186,TT_PERSON
122,93108,60334,40078,60364,20848,12493,2056,81,48,0,TS_NONE,0,0,1724,382,22,0,0,TM_NONE,31,215,TA_WEST,26,186,TT_PERSON
123,93138,60364,40078,60394,20818,12527,2056,81,48,0,TS_NONE,0,0,1724,382,22,0,0,TM_NONE,31,215,TA_WEST,26,186,TT_PERSON
124,93168,60394,40078,0,20852,12497,2056,81,48,0,TS_NONE,0,0,1724,382,22,0,0,TM_NONE,31,215,TA_WEST,26,186,TT_PERSON
125,93198,60424,39898,60454,23261,12980,384,90,50,0,TS_NONE,0,0,1724,382,22,0,0,TM_NONE,31,252,TA_SOUTHWEST,0,94,TT_PERSON
126,93228,60454,39898,60484,23231,13014,384,90,50,0,TS_NONE,0,0,1724,382,22,0,0,TM_NONE,31,252,TA_SOUTHWEST,0,94,TT_PERSON
127,93258,60484,39898,60514,23201,12984,384,90,50,0,TS_NONE,0,0,1724,382,22,0,0,TM_NONE,31,252,TA_SOUTHWEST,0,94,TT_PERSON
128,93288,60514,39898,60544,23235,12954,384,90,50,0,TS_NONE,0,0,1724,382,22,0,0,TM_NONE,31,252,TA_SOUTHWEST,0,94,TT_PERSON
129,93318,60544,39898,60574,23205,12988,384,90,50,0,TS_NONE,0,0,1724,382,22,0,0,TM_NONE,31,252,TA_SOUTHWEST,0,94,TT_PERSON
130,93348,60574,39898,60604,23247,12938,384,90,50,0,TS_NONE,0,0,1724,382,22,0,0,TM_NONE,31,248,TA_SOUTHWEST,0,278,TT_PERSON
131,93378,60604,39898,60634,23217,12972,384,90,50,0,TS_NONE,0,0,1724,382,22,0,0,TM_NONE,31,248,TA_SOUTHWEST,0,278,TT_PERSON
132,93408,60634,39898,60664,23251,12942,384,90,50,0,TS_NONE,0,0,1724,382,22,0,0,TM_NONE,31,248,TA_SOUTHWEST,0,278,TT_PERSON
133,93438,60664,39898,60694,23221,12976,384,90,50,0,TS_NONE,0,0,1724,382,22,0,0,TM_NONE,31,248,TA_SOUTHWEST,0,278,TT_PERSON
134,93468,60694,39898,0,23255,12946,384,90,50,0,TS_NONE,0,0,1724,382,22,0,0,TM_NONE,31,248,TA_SOUTHWEST,0,278,TT_PERSON
135,93498,60724,0,60754,23980,11740,272,93,45,0,TS_NONE,0,0,1724,382,22,0,0,TM_NONE,31,63,TA_SOUTHEAST,227,1474,TT_PERSON
136,93528,60754,0,60814,23995,11739,272,93,45,0,TS_NONE,0,0,1724,382,22,0,0,TM_NONE,31,64,TA_SOUTHEAST,227,1474,TT_PERSON
137,93558,60784,0,0,24018,11778,272,93,46,0,TS_NONE,0,0,1724,382,22,0,0,TM_NONE,31,63,TA_SOUTHEAST,227,1474,TT_PERSON
138,93588,60814,0,60844,24033,11713,272,93,45,0,TS_NONE,0,0,1724,382,22,0,0,TM_NONE,31,64,TA_SOUTHEAST,227,1474,TT_PERSON
139,93618,60844,0,0,23992,11752,272,93,45,0,TS_NONE,0,0,1724,382,22,0,0,TM_NONE,31,63,TA_SOUTHEAST,227,1474,TT_PERSON
140,93648,60874,0,0,23559,11257,384,92,43,0,TS_NONE,0,0,1724,382,14,0,0,TM_NONE,31,120,TA_NORTHEAST,0,2026,TT_PERSON
141,93678,60904,0,60934,15167,10971,256,59,42,0,TS_NONE,0,0,1749,390,0,0,0,TM_NONE,18,0,TA_SOUTHWEST,0,0,TT_NONE
142,93708,60934,0,0,15330,10971,256,59,42,0,TS_NONE,0,0,1749,390,0,0,0,TM_NONE,18,0,TA_SOUTHWEST,0,0,TT_NONE
143,93738,60964,0,61414,15451,10857,256,60,42,0,TS_NONE,0,0,1749,390,0,0,0,TM_NONE,18,0,TA_SOUTHWEST,0,0,TT_NONE
144,93768,60994,0,61024,15568,10738,256,60,41,0,TS_NONE,0,0,1749,390,0,0,0,TM_NONE,18,0,TA_SOUTHWEST,0,0,TT_NONE
145,93798,61024,0,0,15573,10574,256,60,41,0,TS_NONE,0,0,1749,390,0,0,0,TM_NONE,18,0,TA_SOUTHWEST,0,0,TT_NONE
146,93828,61054,0,61084,15572,10407,256,60,40,0,TS_NONE,0,0,1749,390,0,0,0,TM_NONE,18,0,TA_SOUTHWEST,0,0,TT_NONE
147,93858,61084,0,0,15456,10284,256,60,40,0,TS_NONE,0,0,1749,390,0,0,0,TM_NONE,18,0,TA_SOUTHWEST,0,0,TT_NONE
148,93888,61114,0,61144,15310,10224,256,59,39,0,TS_NONE,0,0,1749,390,0,0,0,TM_NONE,18,0,TA_SOUTHWEST,0,0,TT_NONE
149,93918,61144,0,61444,15167,10161,256,59,39,0,TS_NONE,0,0,1749,390,0,0,0,TM_NONE,18,0,TA_SOUTHWEST,0,0,TT_NONE
150,93948,61174,0,0,15021,10220,256,58,39,0,TS_NONE,0,0,1749,390,0,0,0,TM_NONE,18,0,TA_SOUTHWEST,0,0,TT_NONE
151,93978,61204,0,0,14871,10279,256,58,40,0,TS_NONE,0,0,1749,390,0,0,0,TM_NONE,18,0,TA_SOUTHWEST,0,0,TT_NONE
152,94008,61234,0,0,14809,10427,256,57,40,0,TS_NONE,0,0,1749,390,0,0,0,TM_NONE,18,0,TA_SOUTHWEST,0,0,TT_NONE
153,94038,61264,0,61294,14745,10574,256,57,41,0,TS_NONE,0,0,1749,390,0,0,0,TM_NONE,18,0,TA_SOUTHWEST,0,0,TT_NONE
154,94068,61294,0,61384,14805,10722,256,57,41,0,TS_NONE,0,0,1749,390,0,0,0,TM_NONE,18,0,TA_SOUTHWEST,0,0,TT_NONE
155,94098,61324,0,61354,14865,10874,256,58,42,0,TS_NONE,0,0,1749,390,0,0,0,TM_NONE,18,0,TA_SOUTHWEST,0,0,TT_NONE
156,94128,61354,0,0,15016,10938,256,58,42,0,TS_NONE,0,0,1749,390,0,0,0,TM_NONE,18,0,TA_SOUTHWEST,0,0,TT_NONE
157,94158,61384,0,61504,14630,10574,256,57,41,0,TS_NONE,0,0,1749,390,0,0,0,TM_NONE,18,0,TA_SOUTHWEST,0,0,TT_NONE
158,94188,61414,0,0,15555,10962,256,60,42,0,TS_NONE,0,0,1749,390,0,0,0,TM_NONE,18,0,TA_SOUTHWEST,0,0,TT_NONE
159,94218,61444,0,0,15167,10020,256,59,39,0,TS_NONE,0,0,1749,390,0,0,0,TM_NONE,18,0,TA_SOUTHWEST,0,0,TT_NONE
160,94248,61474,0,0,14772,10180,256,57,39,0,TS_NONE,0,0,1749,390,0,0,0,TM_NONE,18,0,TA_SOUTHWEST,0,0,TT_NONE
161,94278,61504,0,0,14606,10574,256,57,41,0,TS_NONE,0,0,1749,390,0,0,0,TM_NONE,18,0,TA_SOUTHWEST,0,0,TT_NONE
162,94308,61534,0,62074,17159,10415,256,67,40,0,TS_NONE,0,0,1749,390,0,0,0,TM_NONE,18,0,TA_SOUTHWEST,0,0,TT_NONE
163,94338,61564,0,0,17555,10284,256,68,40,0,TS_NONE,0,0,1749,390,0,0,0,TM_NONE,18,0,TA_SOUTHWEST,0,0,TT_NONE
164,94368,61594,0,61624,17558,9444,256,68,36,0,TS_NONE,0,0,1749,390,0,0,0,TM_NONE,18,0,TA_SOUTHWEST,0,0,TT_NONE
165,94398,61624,0,3406,17548,9454,256,68,36,0,TS_NONE,0,0,1749,390,0,0,0,TM_NONE,18,0,TA_SOUTHWEST,0,0,TT_NONE
166,94428,61654,0,0,16603,9866,256,64,38,0,TS_NONE,0,0,1749,390,0,0,0,TM_NONE,18,0,TA_SOUTHWEST,0,0,TT_NONE
167,94458,61684,0,61804,17065,10039,256,66,39,0,TS_NONE,0,0,1749,390,0,0,0,TM_NONE,15,0,TA_SOUTHWEST,0,0,TT_NONE
168,94488,61714,0,61864,17193,9911,256,67,38,0,TS_NONE,0,0,1749,390,0,0,0,TM_NONE,15,0,TA_SOUTHWEST,0,0,TT_NONE
169,94518,61744,38602,61774,17065,9783,256,66,38,0,TS_NONE,0,0,1749,390,0,0,0,TM_NONE,15,0,TA_SOUTHWEST,0,0,TT_NONE
170,94548,61774,38602,0,16937,9911,256,66,38,0,TS_NONE,0,0,1749,390,0,0,0,TM_NONE,15,0,TA_SOUTHWEST,0,0,TT_NONE
171,94578,61804,0,0,17065,10167,256,66,39,0,TS_NONE,0,0,1749,390,0,0,0,TM_NONE,18,0,TA_SOUTHWEST,0,0,TT_NONE
172,94608,61834,0,62104,17248,10070,256,67,39,0,TS_NONE,0,0,1749,390,0,0,0,TM_NONE,18,0,TA_SOUTHWEST,0,0,TT_NONE
173,94638,61864,0,61894,17294,9911,256,67,38,0,TS_NONE,0,0,1749,390,0,0,0,TM_NONE,18,0,TA_SOUTHWEST,0,0,TT_NONE
174,94668,61894,0,1106,17250,9748,256,67,38,0,TS_NONE,0,0,1749,390,0,0,0,TM_NONE,18,0,TA_SOUTHWEST,0,0,TT_NONE
175,94698,61924,0,62284,17065,9647,256,66,37,0,TS_NONE,0,0,1749,390,0,0,0,TM_NONE,18,0,TA_SOUTHWEST,0,0,TT_NONE
176,94728,61954,0,61984,16876,9745,256,65,38,0,TS_NONE,0,0,1749,390,0,0,0,TM_NONE,18,0,TA_SOUTHWEST,0,0,TT_NONE
177,94758,61984,0,62374,16828,9911,256,65,38,0,TS_NONE,0,0,1749,390,0,0,0,TM_NONE,18,0,TA_SOUTHWEST,0,0,TT_NONE
178,94788,62014,0,62434,16873,10079,256,65,39,0,TS_NONE,0,0,1749,390,0,0,0,TM_NONE,18,0,TA_SOUTHWEST,0,0,TT_NONE
179,94818,62044,0,62494,17065,10339,256,66,40,0,TS_NONE,0,0,1749,390,0,0,0,TM_NONE,18,0,TA_SOUTHWEST,0,0,TT_NONE
180,94848,62074,0,0,17228,10277,256,67,40,0,TS_NONE,0,0,1749,390,0,0,0,TM_NONE,18,0,TA_SOUTHWEST,0,0,TT_NONE
181,94878,62104,0,56704,17348,10216,256,67,39,0,TS_NONE,0,0,1749,390,0,0,0,TM_NONE,18,0,TA_SOUTHWEST,0,0,TT_NONE
182,94908,62134,0,0,17466,10063,256,68,39,0,TS_NONE,0,0,1749,390,0,0,0,TM_NONE,18,0,TA_SOUTHWEST,0,0,TT_NONE
183,94938,62164,0,62194,17470,9911,256,68,38,0,TS_NONE,0,0,1749,390,0,0,0,TM_NONE,18,0,TA_SOUTHWEST,0,0,TT_NONE
184,94968,62194,0,0,17469,9757,256,68,38,0,TS_NONE,0,0,1749,390,0,0,0,TM_NONE,18,0,TA_SOUTHWEST,0,0,TT_NONE
185,94998,62224,0,62254,17354,9599,256,67,37,0,TS_NONE,0,0,1749,390,0,0,0,TM_NONE,18,0,TA_SOUTHWEST,0,0,TT_NONE
186,95028,62254,0,0,17208,9533,256,67,37,0,TS_NONE,0,0,1749,390,0,0,0,TM_NONE,18,0,TA_SOUTHWEST,0,0,TT_NONE
187,95058,62284,0,62314,17065,9531,256,66,37,0,TS_NONE,0,0,1749,390,0,0,0,TM_NONE,18,0,TA_SOUTHWEST,0,0,TT_NONE
188,95088,62314,0,0,16919,9529,256,66,37,0,TS_NONE,0,0,1749,390,0,0,0,TM_NONE,18,0,TA_SOUTHWEST,0,0,TT_NONE
189,95118,62344,0,0,16770,9639,256,65,37,0,TS_NONE,0,0,1749,390,0,0,0,TM_NONE,18,0,TA_SOUTHWEST,0,0,TT_NONE
190,95148,62374,0,62404,16708,9752,256,65,38,0,TS_NONE,0,0,1749,390,0,0,0,TM_NONE,18,0,TA_SOUTHWEST,0,0,TT_NONE
191,95178,62404,0,0,16644,9911,256,65,38,0,TS_NONE,0,0,1749,390,0,0,0,TM_NONE,18,0,TA_SOUTHWEST,0,0,TT_NONE
192,95208,62434,0,62464,16704,10070,256,65,39,0,TS_NONE,0,0,1749,390,0,0,0,TM_NONE,18,0,TA_SOUTHWEST,0,0,TT_NONE
193,95238,62464,0,0,16764,10188,256,65,39,0,TS_NONE,0,0,1749,390,0,0,0,TM_NONE,18,0,TA_SOUTHWEST,0,0,TT_NONE
194,95268,62494,0,0,16915,10303,256,66,40,0,TS_NONE,0,0,1749,390,0,0,0,TM_NONE,18,0,TA_SOUTHWEST,0,0,TT_NONE
195,95298,62524,0,0,0,0,0,0,0,0,TS_NONE,0,0,0,0,0,0,0,TM_NONE,0,0,TA_SOUTHWEST,0,0,TT_NONE
196,95328,62554,0,0,0,0,0,0,0,0,TS_NONE,0,0,0,0,0,0,0,TM_NONE,0,0,TA_SOUTHWEST,0,0,TT_NONE
197,95358,62584,0,0,0,0,0,0,0,0,TS_NONE,0,0,0,0,0,0,0,TM_NONE,0,0,TA_SOUTHWEST,0,0,TT_NONE
198,95388,62614,0,0,0,0,0,0,0,0,TS_NONE,0,0,0,0,0,0,0,TM_NONE,0,0,TA_SOUTHWEST,0,0,TT_NONE
199,95418,62644,0,0,0,0,0,0,0,0,TS_NONE,0,0,0,0,0,0,0,TM_NONE,0,0,TA_SOUTHWEST,0,0,TT_NONE
200,95448,62674,0,0,0,0,0,0,0,0,TS_NONE,0,0,0,0,0,0,0,TM_NONE,0,0,TA_SOUTHWEST,0,0,TT_NONE
201,95478,62704,0,0,0,0,0,0,0,0,TS_NONE,0,0,0,0,0,0,0,TM_NONE,0,0,TA_SOUTHWEST,0,0,TT_NONE
202,95508,62734,0,0,0,0,0,0,0,0,TS_NONE,0,0,0,0,0,0,0,TM_NONE,0,0,TA_SOUTHWEST,0,0,TT_NONE
203,95538,62764,0,0,0,0,0,0,0,0,TS_NONE,0,0,0,0,0,0,0,TM_NONE,0,0,TA_SOUTHWEST,0,0,TT_NONE
204,95568,62794,0,0,0,0,0,0,0,0,TS_NONE,0,0,0,0,0,0,0,TM_NONE,0,0,TA_SOUTHWEST,0,0,TT_NONE
205,95598,62824,0,0,0,0,0,0,0,0,TS_NONE,0,0,0,0,0,0,0,TM_NONE,0,0,TA_SOUTHWEST,0,0,TT_NONE
206,95628,62854,0,0,0,0,0,0,0,0,TS_NONE,0,0,0,0,0,0,0,TM_NONE,0,0,TA_SOUTHWEST,0,0,TT_NONE
207,95658,62884,0,0,0,0,0,0,0,0,TS_NONE,0,0,0,0,0,0,0,TM_NONE,0,0,TA_SOUTHWEST,0,0,TT_NONE
208,95688,62914,0,0,0,0,0,0,0,0,TS_NONE,0,0,0,0,0,0,0,TM_NONE,0,0,TA_SOUTHWEST,0,0,TT_NONE
209,95718,62944,0,0,0,0,0,0,0,0,TS_NONE,0,0,0,0,0,0,0,TM_NONE,0,0,TA_SOUTHWEST,0,0,TT_NONE
210,95748,62974,0,0,0,0,0,0,0,0,TS_NONE,0,0,0,0,0,0,0,TM_NONE,0,0,TA_SOUTHWEST,0,0,TT_NONE
211,95778,63004,0,0,0,0,0,0,0,0,TS_NONE,0,0,0,0,0,0,0,TM_NONE,0,0,TA_SOUTHWEST,0,0,TT_NONE
212,95808,63034,0,0,0,0,0,0,0,0,TS_NONE,0,0,0,0,0,0,0,TM_NONE,0,0,TA_SOUTHWEST,0,0,TT_NONE
213,95838,63064,0,0,0,0,0,0,0,0,TS_NONE,0,0,0,0,0,0,0,TM_NONE,0,0,TA_SOUTHWEST,0,0,TT_NONE
214,95868,63094,0,0,0,0,0,0,0,0,TS_NONE,0,0,0,0,0,0,0,TM_NONE,0,0,TA_SOUTHWEST,0,0,TT_NONE
215,95898,63124,0,0,0,0,0,0,0,0,TS_NONE,0,0,0,0,0,0,0,TM_NONE,0,0,TA_SOUTHWEST,0,0,TT_NONE
216,95928,63154,0,0,0,0,0,0,0,0,TS_NONE,0,0,0,0,0,0,0,TM_NONE,0,0,TA_SOUTHWEST,0,0,TT_NONE
217,95958,63184,0,0,0,0,0,0,0,0,TS_NONE,0,0,0,0,0,0,0,TM_NONE,0,0,TA_SOUTHWEST,0,0,TT_NONE
218,95988,63214,0,0,0,0,0,0,0,0,TS_NONE,0,0,0,0,0,0,0,TM_NONE,0,0,TA_SOUTHWEST,0,0,TT_NONE
219,96018,63244,0,0,0,0,0,0,0,0,TS_NONE,0,0,0,0,0,0,0,TM_NONE,0,0,TA_SOUTHWEST,0,0,TT_NONE
220,96048,63274,0,0,0,0,0,0,0,0,TS_NONE,0,0,0,0,0,0,0,TM_NONE,0,0,TA_SOUTHWEST,0,0,TT_NONE
221,96078,63304,0,0,0,0,0,0,0,0,TS_NONE,0,0,0,0,0,0,0,TM_NONE,0,0,TA_SOUTHWEST,0,0,TT_NONE
222,96108,63334,0,0,0,0,0,0,0,0,TS_NONE,0,0,0,0,0,0,0,TM_NONE,0,0,TA_SOUTHWEST,0,0,TT_NONE
223,96138,63364,0,0,0,0,0,0,0,0,TS_NONE,0,0,0,0,0,0,0,TM_NONE,0,0,TA_SOUTHWEST,0,0,TT_NONE
224,96168,63394,0,0,0,0,0,0,0,0,TS_NONE,0,0,0,0,0,0,0,TM_NONE,0,0,TA_SOUTHWEST,0,0,TT_NONE
225,96198,63424,0,0,0,0,0,0,0,0,TS_NONE,0,0,0,0,0,0,0,TM_NONE,0,0,TA_SOUTHWEST,0,0,TT_NONE
226,96228,63454,0,0,0,0,0,0,0,0,TS_NONE,0,0,0,0,0,0,0,TM_NONE,0,0,TA_SOUTHWEST,0,0,TT_NONE
227,96258,63484,0,0,0,0,0,0,0,0,TS_NONE,0,0,0,0,0,0,0,TM_NONE,0,0,TA_SOUTHWEST,0,0,TT_NONE
228,96288,63514,0,0,0,0,0,0,0,0,TS_NONE,0,0,0,0,0,0,0,TM_NONE,0,0,TA_SOUTHWEST,0,0,TT_NONE
229,96318,63544,0,0,0,0,0,0,0,0,TS_NONE,0,0,0,0,0,0,0,TM_NONE,0,0,TA_SOUTHWEST,0,0,TT_NONE
230,96348,63574,0,0,0,0,0,0,0,0,TS_NONE,0,0,0,0,0,0,0,TM_NONE,0,0,TA_SOUTHWEST,0,0,TT_NONE
231,96378,63604,0,0,0,0,0,0,0,0,TS_NONE,0,0,0,0,0,0,0,TM_NONE,0,0,TA_SOUTHWEST,0,0,TT_NONE
232,96408,63634,0,0,0,0,0,0,0,0,TS_NONE,0,0,0,0,0,0,0,TM_NONE,0,0,TA_SOUTHWEST,0,0,TT_NONE
233,96438,63664,0,0,0,0,0,0,0,0,TS_NONE,0,0,0,0,0,0,0,TM_NONE,0,0,TA_SOUTHWEST,0,0,TT_NONE
234,96468,63694,0,0,0,0,0,0,0,0,TS_NONE,0,0,0,0,0,0,0,TM_NONE,0,0,TA_SOUTHWEST,0,0,TT_NONE
235,96498,63724,0,0,0,0,0,0,0,0,TS_NONE,0,0,0,0,0,0,0,TM_NONE,0,0,TA_SOUTHWEST,0,0,TT_NONE
236,96528,63754,0,0,0,0,0,0,0,0,TS_NONE,0,0,0,0,0,0,0,TM_NONE,0,0,TA_SOUTHWEST,0,0,TT_NONE
237,96558,63784,0,0,0,0,0,0,0,0,TS_NONE,0,0,0,0,0,0,0,TM_NONE,0,0,TA_SOUTHWEST,0,0,TT_NONE
238,96588,63814,0,0,0,0,0,0,0,0,TS_NONE,0,0,0,0,0,0,0,TM_NONE,0,0,TA_SOUTHWEST,0,0,TT_NONE
239,96618,63844,0,0,0,0,0,0,0,0,TS_NONE,0,0,0,0,0,0,0,TM_NONE,0,0,TA_SOUTHWEST,0,0,TT_NONE
240,96648,63874,0,0,0,0,0,0,0,0,TS_NONE,0,0,0,0,0,0,0,TM_NONE,0,0,TA_SOUTHWEST,0,0,TT_NONE
241,96678,63904,0,0,0,0,0,0,0,0,TS_NONE,0,0,0,0,0,0,0,TM_NONE,0,0,TA_SOUTHWEST,0,0,TT_NONE
242,96708,63934,0,0,0,0,0,0,0,0,TS_NONE,0,0,0,0,0,0,0,TM_NONE,0,0,TA_SOUTHWEST,0,0,TT_NONE
243,96738,63964,0,0,0,0,0,0,0,0,TS_NONE,0,0,0,0,0,0,0,TM_NONE,0,0,TA_SOUTHWEST,0,0,TT_NONE
244,96768,63994,0,0,0,0,0,0,0,0,TS_NONE,0,0,0,0,0,0,0,TM_NONE,0,0,TA_SOUTHWEST,0,0,TT_NONE
245,96798,64024,0,0,0,0,0,0,0,0,TS_NONE,0,0,0,0,0,0,0,TM_NONE,0,0,TA_SOUTHWEST,0,0,TT_NONE
246,96828,64054,0,0,0,0,0,0,0,0,TS_NONE,0,0,0,0,0,0,0,TM_NONE,0,0,TA_SOUTHWEST,0,0,TT_NONE
247,96858,64084,0,0,0,0,0,0,0,0,TS_NONE,0,0,0,0,0,0,0,TM_NONE,0,0,TA_SOUTHWEST,0,0,TT_NONE
248,96888,64114,0,0,0,0,0,0,0,0,TS_NONE,0,0,0,0,0,0,0,TM_NONE,0,0,TA_SOUTHWEST,0,0,TT_NONE
249,96918,64144,0,0,0,0,0,0,0,0,TS_NONE,0,0,0,0,0,0,0,TM_NONE,0,0,TA_SOUTHWEST,0,0,TT_NONE
250,96948,64174,0,0,0,0,0,0,0,0,TS_NONE,0,0,0,0,0,0,0,TM_NONE,0,0,TA_SOUTHWEST,0,0,TT_NONE
251,96978,64204,0,0,0,0,0,0,0,0,TS_NONE,0,0,0,0,0,0,0,TM_NONE,0,0,TA_SOUTHWEST,0,0,TT_NONE
252,97008,64234,0,0,0,0,0,0,0,0,TS_NONE,0,0,0,0,0,0,0,TM_NONE,0,0,TA_SOUTHWEST,0,0,TT_NONE
253,97038,64264,0,0,0,0,0,0,0,0,TS_NONE,0,0,0,0,0,0,0,TM_NONE,0,0,TA_SOUTHWEST,0,0,TT_NONE
254,97068,64294,0,0,0,0,0,0,0,0,TS_NONE,0,0,0,0,0,0,0,TM_NONE,0,0,TA_SOUTHWEST,0,0,TT_NONE
255,97098,64324,0,0,0,0,0,0,0,0,TS_NONE,0,0,0,0,0,0,0,TM_NONE,0,0,TA_SOUTHWEST,0,0,TT_NONE
