Index,GloOfs,RelOfs,Child,Parent,Xpos,Ypos,Zpos,Xtile,Ytile,Status,Status_S,Affect,Affect_S,BaseFrame,BaseFrame_S,Frame,OldFrame,Life,WhoShotMe,Model,Model_S,State,State_S,Angle,Angle_S,ZAngle,Unique,Unique_S,HugDistance,Persuaded,ChildHeld,ParentHeld,Command,StartCommand,Target,Data,GotoX,GotoY,GotoZ,LastXpos,LastYpos,HugGotoZ,ChildWeapon,Equipment,ParentRank,RankPosition,Count,WeaponHolding,WeaponInUse,Level1Base,Level1Balance,Level1True,Level1Fixed,Level2Base,Level2Balance,Level2True,Level2Fixed,Level3Base,Level3Balance,Level3True,Level3Fixed,LevelRecovery,Speed,MaxSpeed,BaseSpeed,OldState,OldState_S,NewState,NewState_S,HugChangeDir,HugStartAngle,HitAngle
0,32776,2,0,0,14972,11428,256,58,44,4,TS_MAPWHO,0,PA_NONE,1,PB_AGENT,379,3,16,0,1,TM_PERSON,0,PS_NONE,64,TA_SOUTHEAST,0,2,PU_AGENT,0,0,0,0,0,0,0,0,0,0,0,0,0,0,0,0,0,0,0,0,0,128,128,128,0,128,128,128,0,128,128,128,0,200,0,32,32,0,PS_NONE,0,PS_NONE,0,0,0
1,32868,94,0,186,14964,11548,256,58,45,4,TS_MAPWHO,0,PA_NONE,1,PB_AGENT,379,3,16,0,1,TM_PERSON,0,PS_NONE,64,TA_SOUTHEAST,0,2,PU_AGENT,0,0,0,0,0,0,0,0,0,0,0,0,0,0,0,0,0,0,0,0,0,128,128,128,0,128,128,128,0,128,128,128,0,190,0,32,32,0,PS_NONE,0,PS_NONE,0,0,0
2,32960,186,94,0,14948,11660,256,58,45,4,TS_MAPWHO,0,PA_NONE,1,PB_AGENT,379,3,16,0,1,TM_PERSON,0,PS_NONE,64,TA_SOUTHEAST,0,2,PU_AGENT,0,0,0,0,0,0,0,0,0,0,0,0,0,0,0,0,0,0,0,0,0,128,128,128,0,128,128,128,0,128,128,128,0,182,0,32,32,0,PS_NONE,0,PS_NONE,0,0,0
3,33052,278,0,0,14964,11804,256,58,46,4,TS_MAPWHO,0,PA_NONE,1,PB_AGENT,379,3,16,0,1,TM_PERSON,0,PS_NONE,64,TA_SOUTHEAST,0,2,PU_AGENT,0,0,0,0,0,0,0,0,0,0,0,0,0,0,0,0,0,0,0,0,0,128,128,128,0,128,128,128,0,128,128,128,0,171,0,32,32,0,PS_NONE,0,PS_NONE,0,0,0
4,33144,370,0,462,14884,12204,256,58,47,4,TS_MAPWHO,0,PA_NONE,1,PB_AGENT,379,3,16,0,1,TM_PERSON,0,PS_NONE,64,TA_SOUTHEAST,0,2,PU_AGENT,0,0,0,0,0,0,0,0,0,0,0,0,0,0,0,0,0,0,0,0,0,128,128,128,0,128,128,128,0,128,128,128,0,153,0,32,32,0,PS_NONE,0,PS_NONE,0,0,0
5,33236,462,370,554,14884,12204,256,58,47,4,TS_MAPWHO,0,PA_NONE,1,PB_AGENT,379,3,16,0,1,TM_PERSON,0,PS_NONE,64,TA_SOUTHEAST,0,2,PU_AGENT,0,0,0,0,0,0,0,0,0,0,0,0,0,0,0,0,0,0,0,0,0,128,128,128,0,128,128,128,0,128,128,128,0,149,0,32,32,0,PS_NONE,0,PS_NONE,0,0,0
6,33328,554,462,646,14884,12204,256,58,47,4,TS_MAPWHO,0,PA_NONE,1,PB_AGENT,379,3,16,0,1,TM_PERSON,0,PS_NONE,64,TA_SOUTHEAST,0,2,PU_AGENT,0,0,0,0,0,0,0,0,0,0,0,0,0,0,0,0,0,0,0,0,0,128,128,128,0,128,128,128,0,128,128,128,0,144,0,32,32,0,PS_NONE,0,PS_NONE,0,0,0
7,33420,646,554,0,14884,12204,256,58,47,4,TS_MAPWHO,0,PA_NONE,1,PB_AGENT,379,3,16,0,1,TM_PERSON,0,PS_NONE,64,TA_SOUTHEAST,0,2,PU_AGENT,0,0,0,0,0,0,0,0,0,0,0,0,0,0,0,0,0,0,0,0,0,128,128,128,0,128,128,128,0,128,128,128,0,139,0,32,32,0,PS_NONE,0,PS_NONE,0,0,0
8,33512,738,0,38530,21228,22276,256,82,87,4,TS_MAPWHO,0,PA_NONE,1,PB_AGENT,377,1,16,0,1,TM_PERSON,0,PS_NONE,0,TA_SOUTHWEST,0,2,PU_AGENT,0,0,0,0,0,0,0,0,0,0,0,0,0,0,38530,0,0,0,0,0,0,128,128,128,0,128,128,128,0,128,128,128,0,206,0,32,32,0,PS_NONE,0,PS_NONE,0,0,0
9,33604,830,0,922,21360,22256,256,83,86,4,TS_MAPWHO,0,PA_NONE,1,PB_AGENT,377,1,16,0,1,TM_PERSON,0,PS_NONE,0,TA_SOUTHWEST,0,2,PU_AGENT,0,0,0,0,0,0,0,0,0,0,0,0,0,0,38818,0,0,0,0,0,0,128,128,128,0,115,115,115,0,128,128,128,0,198,0,32,32,0,PS_NONE,0,PS_NONE,0,0,0
10,33696,922,830,38818,21488,22256,256,83,86,4,TS_MAPWHO,0,PA_NONE,1,PB_AGENT,377,1,16,0,1,TM_PERSON,0,PS_NONE,0,TA_SOUTHWEST,0,2,PU_AGENT,0,0,0,0,0,0,0,0,0,0,0,0,0,0,38890,0,0,0,0,0,0,128,128,128,0,128,128,128,0,128,128,128,0,187,0,32,32,0,PS_NONE,0,PS_NONE,0,0,0
11,33788,1014,0,38926,21648,22224,256,84,86,4,TS_MAPWHO,0,PA_NONE,1,PB_AGENT,377,1,16,0,1,TM_PERSON,0,PS_NONE,0,TA_SOUTHWEST,0,2,PU_AGENT,0,0,0,0,0,0,0,0,0,0,0,0,0,0,38926,0,0,0,0,0,0,128,128,128,0,128,128,128,0,128,128,128,0,177,0,32,32,0,PS_NONE,0,PS_NONE,0,0,0
12,33880,1106,0,1198,21820,22244,256,85,86,4,TS_MAPWHO,0,PA_NONE,1,PB_AGENT,377,1,16,0,1,TM_PERSON,0,PS_NONE,0,TA_SOUTHWEST,0,2,PU_AGENT,0,0,0,0,0,0,0,0,0,0,0,0,0,0,38962,0,0,0,0,0,0,128,128,128,0,128,128,128,0,128,128,128,0,168,0,32,32,0,PS_NONE,0,PS_NONE,0,0,0
13,33972,1198,1106,38962,21968,22256,256,85,86,4,TS_MAPWHO,0,PA_NONE,1,PB_AGENT,377,1,16,0,1,TM_PERSON,0,PS_NONE,0,TA_SOUTHWEST,0,2,PU_AGENT,0,0,0,0,0,0,0,0,0,0,0,0,0,0,38998,0,0,0,0,0,0,128,128,128,0,128,128,128,0,128,128,128,0,159,0,32,32,0,PS_NONE,0,PS_NONE,0,0,0
14,34064,1290,0,1382,22104,22264,256,86,86,4,TS_MAPWHO,0,PA_NONE,1,PB_AGENT,377,1,16,0,1,TM_PERSON,0,PS_NONE,0,TA_SOUTHWEST,0,2,PU_AGENT,0,0,0,0,0,0,0,0,0,0,0,0,0,0,39034,0,0,0,0,0,0,128,128,128,0,128,128,128,0,128,128,128,0,149,0,32,32,0,PS_NONE,0,PS_NONE,0,0,0
15,34156,1382,1290,11686,22268,22244,256,86,86,4,TS_MAPWHO,0,PA_NONE,1,PB_AGENT,377,1,16,0,1,TM_PERSON,0,PS_NONE,0,TA_SOUTHWEST,0,2,PU_AGENT,0,0,0,0,0,0,0,0,0,0,0,0,0,0,39070,0,0,0,0,0,0,128,128,128,0,128,128,128,0,128,128,128,0,132,0,32,32,0,PS_NONE,0,PS_NONE,0,0,0
16,34248,1474,0,39682,22384,16064,1152,87,62,4,TS_MAPWHO,0,PA_NONE,1537,PB_SOLDIER,248,1541,16,0,1,TM_PERSON,0,PS_NONE,128,TA_NORTHEAST,0,8,PU_GUARD,0,0,0,0,0,0,0,0,0,0,0,0,0,0,39682,0,0,0,0,0,0,128,110,238,110,128,50,178,50,128,110,238,110,47,0,32,32,0,PS_NONE,0,PS_NONE,0,0,0
17,34340,1566,0,39718,21440,14272,256,83,55,4,TS_MAPWHO,0,PA_NONE,1744,PB_MAN_JACKET,7715,1744,16,0,1,TM_PERSON,40,PS_WAIT_FOR_TRIGGER,106,TA_EAST,0,8,PU_GUARD,0,0,0,0,176,176,0,0,80,56,256,0,0,0,39718,0,0,0,2,0,0,128,110,238,110,128,50,178,50,128,110,238,110,237,28,32,32,40,PS_WAIT_FOR_TRIGGER,0,PS_NONE,0,0,0
18,34432,1658,0,39754,21952,14144,256,85,55,4,TS_MAPWHO,0,PA_NONE,1744,PB_MAN_JACKET,7715,1744,16,0,1,TM_PERSON,40,PS_WAIT_FOR_TRIGGER,95,TA_EAST,0,8,PU_GUARD,456,0,0,0,200,200,0,0,82,57,256,0,0,0,39754,0,0,0,4,0,0,128,110,238,110,128,50,178,50,128,110,238,110,237,28,32,32,40,PS_WAIT_FOR_TRIGGER,0,PS_NONE,4,64,0
19,34524,1750,0,39790,21952,14016,256,85,54,4,TS_MAPWHO,0,PA_NONE,1744,PB_MAN_JACKET,7715,1744,16,0,1,TM_PERSON,40,PS_WAIT_FOR_TRIGGER,137,TA_NORTHEAST,0,8,PU_GUARD,460,0,0,0,248,248,0,0,82,58,256,0,0,0,39790,0,0,0,6,0,0,128,110,238,110,128,50,178,50,128,110,238,110,237,28,32,32,40,PS_WAIT_FOR_TRIGGER,0,PS_NONE,4,64,0
20,34616,1842,0,39826,21440,14016,256,83,54,4,TS_MAPWHO,0,PA_NONE,1744,PB_MAN_JACKET,7715,1744,16,0,1,TM_PERSON,40,PS_WAIT_FOR_TRIGGER,72,TA_SOUTHEAST,0,8,PU_GUARD,599,0,0,0,240,224,0,0,82,57,256,0,0,0,39826,0,0,0,6,0,0,128,110,238,110,128,50,178,50,128,110,238,110,237,28,32,32,40,PS_WAIT_FOR_TRIGGER,0,PS_NONE,4,128,0
21,34708,1934,0,39862,22848,13888,256,89,54,4,TS_MAPWHO,0,PA_NONE,1744,PB_MAN_JACKET,7715,1744,16,0,1,TM_PERSON,40,PS_WAIT_FOR_TRIGGER,159,TA_NORTH,0,8,PU_GUARD,0,0,0,0,320,320,0,0,87,58,256,0,0,0,39862,0,0,0,5,0,0,128,110,238,110,128,50,178,50,128,110,238,110,237,28,32,32,40,PS_WAIT_FOR_TRIGGER,0,PS_NONE,0,0,0
22,34800,2026,0,3130,23360,17216,256,91,67,4,TS_MAPWHO,0,PA_NONE,1744,PB_MAN_JACKET,7715,1744,16,0,1,TM_PERSON,40,PS_WAIT_FOR_TRIGGER,15,TA_SOUTHWEST,0,8,PU_GUARD,0,0,0,0,344,344,0,0,85,59,256,0,0,0,39898,0,0,0,4,0,0,128,110,238,110,128,50,178,50,128,110,238,110,237,28,32,32,40,PS_WAIT_FOR_TRIGGER,0,PS_NONE,0,0,0
23,34892,2118,0,2210,19904,13248,256,77,51,4,TS_MAPWHO,0,PA_NONE,1744,PB_MAN_JACKET,7715,1744,16,0,1,TM_PERSON,40,PS_WAIT_FOR_TRIGGER,151,TA_NORTH,0,8,PU_GUARD,320,0,0,0,296,296,0,0,79,55,256,0,0,0,39934,0,0,0,4,0,0,128,110,238,110,128,50,178,50,128,110,238,110,237,28,32,32,40,PS_WAIT_FOR_TRIGGER,0,PS_NONE,4,192,0
24,34984,2210,2118,39934,19904,13248,256,77,51,4,TS_MAPWHO,0,PA_NONE,1744,PB_MAN_JACKET,7715,1744,16,0,1,TM_PERSON,40,PS_WAIT_FOR_TRIGGER,158,TA_NORTH,0,8,PU_GUARD,336,0,0,0,272,272,0,0,76,55,256,0,0,0,39970,0,0,0,2,0,0,128,110,238,110,128,50,178,50,128,110,238,110,237,28,32,32,40,PS_WAIT_FOR_TRIGGER,0,PS_NONE,4,192,0
25,35076,2302,0,8926,23360,14475,256,91,56,4,TS_MAPWHO,0,PA_NONE,1744,PB_MAN_JACKET,281,1756,8,0,1,TM_PERSON,3,PS_GOTO_POINT3,128,TA_NORTHEAST,0,8,PU_GUARD,591,0,0,0,440,432,0,0,23360,11712,256,0,0,0,40078,0,0,0,482,0,0,128,80,208,80,128,50,178,50,128,110,238,110,152,23,32,32,3,PS_GOTO_POINT3,0,PS_NONE,4,128,0
26,35168,2394,0,40006,20648,13032,256,80,50,4,TS_MAPWHO,0,PA_NONE,1744,PB_MAN_JACKET,266,1752,8,0,1,TM_PERSON,3,PS_GOTO_POINT3,255,TA_SOUTHWEST,0,8,PU_GUARD,2376,0,0,0,424,400,0,0,20544,16832,256,0,0,0,40006,0,0,0,448,0,0,128,80,208,80,128,50,178,50,128,110,238,110,152,23,32,32,3,PS_GOTO_POINT3,0,PS_NONE,4,64,0
27,35260,2486,0,40042,20602,13647,256,80,53,4,TS_MAPWHO,0,PA_NONE,1744,PB_MAN_JACKET,281,1756,8,0,1,TM_PERSON,3,PS_GOTO_POINT3,124,TA_NORTHEAST,0,8,PU_GUARD,1238,0,0,0,496,496,0,0,20800,11712,256,0,0,0,40042,0,0,0,480,0,0,128,80,208,80,128,50,178,50,128,110,238,110,152,23,32,32,3,PS_GOTO_POINT3,0,PS_NONE,4,0,0
28,35352,2578,0,40114,22284,16350,256,87,63,4,TS_MAPWHO,0,PA_NONE,1744,PB_MAN_JACKET,271,1754,8,0,1,TM_PERSON,3,PS_GOTO_POINT3,64,TA_SOUTHEAST,0,8,PU_GUARD,2376,0,0,0,368,368,0,0,23360,16320,256,0,0,0,40114,0,0,0,448,0,0,128,80,208,80,128,50,178,50,128,110,238,110,152,23,32,32,3,PS_GOTO_POINT3,0,PS_NONE,4,64,0
29,35444,2670,0,0,10160,16198,256,39,63,4100,TS_MAPWHO | TS_WANDER_AFTER_HIT,0,PA_NONE,626,PB_WOMAN_BLONDE,470,634,0,0,1,TM_PERSON,29,PS_WANDER,1,TA_SOUTHWEST,0,1,PU_CIVILIAN,12887,0,0,0,0,0,0,0,0,0,0,0,0,0,0,0,0,0,0,0,0,128,50,178,50,128,110,238,110,128,110,238,110,248,19,32,32,29,PS_WANDER,0,PS_NONE,4,192,0
30,35536,2762,0,40186,13352,18840,256,52,73,4,TS_MAPWHO,0,PA_NONE,833,PB_POLICE,3604,835,0,0,1,TM_PERSON,0,PS_NONE,64,TA_SOUTHEAST,0,4,PU_POLICE,0,0,0,0,0,0,0,0,0,0,0,0,0,0,40186,0,0,0,0,0,0,128,50,178,50,128,80,208,80,128,110,238,110,241,0,32,32,0,PS_NONE,0,PS_NONE,0,0,0
31,35628,2854,0,6258,18220,22937,256,71,89,4100,TS_MAPWHO | TS_WANDER_AFTER_HIT,0,PA_NONE,833,PB_POLICE,3611,841,0,0,1,TM_PERSON,29,PS_WANDER,4,TA_SOUTHWEST,0,4,PU_POLICE,20534,0,0,0,0,0,0,0,0,0,0,0,0,0,40258,0,0,0,0,0,0,128,50,178,50,128,80,208,80,128,110,238,110,45,19,32,32,29,PS_WANDER,0,PS_NONE,4,64,0
32,35720,2946,0,6166,18983,23297,256,74,91,4100,TS_MAPWHO | TS_WANDER_AFTER_HIT,0,PA_NONE,833,PB_POLICE,3618,843,0,0,1,TM_PERSON,15,PS_HUG_LEFT,63,TA_SOUTHEAST,0,4,PU_POLICE,23297,0,0,0,0,0,0,0,0,0,0,0,0,0,40222,0,0,0,9,0,0,128,50,178,50,128,80,208,80,128,110,238,110,45,19,32,32,29,PS_WANDER,0,PS_NONE,4,128,0
33,35812,3038,0,40294,13524,12215,256,52,47,4100,TS_MAPWHO | TS_WANDER_AFTER_HIT,0,PA_NONE,833,PB_POLICE,3627,845,0,0,1,TM_PERSON,29,PS_WANDER,130,TA_NORTHEAST,0,4,PU_POLICE,14590,0,0,0,0,0,0,0,0,0,0,0,0,0,40294,0,0,0,0,0,0,128,50,178,50,128,80,208,80,128,110,238,110,45,19,32,32,29,PS_WANDER,0,PS_NONE,4,192,0
34,35904,3130,2026,39898,23506,17403,256,91,67,4100,TS_MAPWHO | TS_WANDER_AFTER_HIT,0,PA_NONE,833,PB_POLICE,3636,847,0,0,1,TM_PERSON,15,PS_HUG_LEFT,192,TA_NORTHWEST,0,4,PU_POLICE,23544,0,0,0,0,0,0,0,0,0,0,0,0,0,40330,0,0,0,8,0,0,128,50,178,50,128,80,208,80,128,110,238,110,45,19,32,32,29,PS_WANDER,0,PS_NONE,4,0,0
35,35996,3222,0,40366,16369,14778,256,63,57,4100,TS_MAPWHO | TS_WANDER_AFTER_HIT,0,PA_NONE,833,PB_POLICE,3627,845,0,0,1,TM_PERSON,29,PS_WANDER,127,TA_NORTHEAST,0,4,PU_POLICE,16379,0,0,0,0,0,0,0,0,0,0,0,0,0,40366,0,0,0,0,0,0,128,50,178,50,128,80,208,80,128,110,238,110,45,19,32,32,29,PS_WANDER,0,PS_NONE,4,64,0
36,36088,3314,0,40402,23258,13281,256,90,51,4100,TS_MAPWHO | TS_WANDER_AFTER_HIT,0,PA_NONE,833,PB_POLICE,3629,845,0,0,1,TM_PERSON,29,PS_WANDER,133,TA_NORTHEAST,0,4,PU_POLICE,23543,0,0,0,0,0,0,0,0,0,0,0,0,0,40402,0,0,0,0,0,0,128,50,178,50,128,80,208,80,128,110,238,110,45,19,32,32,29,PS_WANDER,0,PS_NONE,4,64,0
37,36180,3406,0,40438,20961,15532,256,81,60,4100,TS_MAPWHO | TS_WANDER_AFTER_HIT,0,PA_NONE,833,PB_POLICE,3611,841,0,0,1,TM_PERSON,29,PS_WANDER,254,TA_SOUTHWEST,0,4,PU_POLICE,20990,0,0,0,0,0,0,0,0,0,0,0,0,0,40438,0,0,0,0,0,0,128,50,178,50,128,80,208,80,128,110,238,110,45,19,32,32,29,PS_WANDER,0,PS_NONE,4,64,0
38,36272,3498,0,40474,11518,22515,256,44,87,4100,TS_MAPWHO | TS_WANDER_AFTER_HIT,0,PA_NONE,833,PB_POLICE,3628,845,0,0,1,TM_PERSON,14,PS_HUG_RIGHT,128,TA_NORTHEAST,0,4,PU_POLICE,22553,0,0,0,0,0,0,0,0,0,0,0,0,0,40474,0,0,0,8,0,0,128,50,178,50,128,80,208,80,128,110,238,110,45,19,32,32,29,PS_WANDER,0,PS_NONE,4,64,0
39,36364,3590,0,40510,22505,21922,256,87,85,4100,TS_MAPWHO | TS_WANDER_AFTER_HIT,0,PA_NONE,833,PB_POLICE,3626,845,0,0,1,TM_PERSON,29,PS_WANDER,129,TA_NORTHEAST,0,4,PU_POLICE,22513,0,0,0,0,0,0,0,0,0,0,0,0,0,40510,0,0,0,5,0,0,128,50,178,50,128,80,208,80,128,110,238,110,45,19,32,32,29,PS_WANDER,0,PS_NONE,4,64,0
40,36456,3682,0,40546,23476,23544,256,91,91,4100,TS_MAPWHO | TS_WANDER_AFTER_HIT,0,PA_NONE,833,PB_POLICE,3620,843,0,0,1,TM_PERSON,29,PS_WANDER,63,TA_SOUTHEAST,0,4,PU_POLICE,23544,0,0,0,0,0,0,0,0,0,0,0,0,0,40546,0,0,0,0,0,0,128,50,178,50,128,80,208,80,128,110,238,110,45,19,32,32,29,PS_WANDER,0,PS_NONE,4,0,0
41,36548,3774,0,40582,20392,22012,256,79,85,4100,TS_MAPWHO | TS_WANDER_AFTER_HIT,0,PA_NONE,833,PB_POLICE,3635,847,0,0,1,TM_PERSON,29,PS_WANDER,192,TA_NORTHWEST,0,4,PU_POLICE,21978,0,0,0,0,0,0,0,0,0,0,0,0,0,40582,0,0,0,0,0,0,128,50,178,50,128,80,208,80,128,110,238,110,45,19,32,32,29,PS_WANDER,0,PS_NONE,4,64,0
42,36640,3866,0,40618,14067,14846,256,54,57,4100,TS_MAPWHO | TS_WANDER_AFTER_HIT,0,PA_NONE,833,PB_POLICE,3636,847,0,0,1,TM_PERSON,29,PS_WANDER,195,TA_NORTHWEST,0,4,PU_POLICE,14846,0,0,0,0,0,0,0,0,0,0,0,0,0,40618,0,0,0,0,0,0,128,50,178,50,128,80,208,80,128,110,238,110,45,19,32,32,29,PS_WANDER,0,PS_NONE,4,0,0
43,36732,3958,0,40654,10131,18882,256,39,73,4100,TS_MAPWHO | TS_WANDER_AFTER_HIT,0,PA_NONE,833,PB_POLICE,3610,841,0,0,1,TM_PERSON,29,PS_WANDER,249,TA_SOUTHWEST,0,4,PU_POLICE,16684,0,0,0,0,0,0,0,0,0,0,0,0,0,40654,0,0,0,0,0,0,128,50,178,50,128,80,208,80,128,110,238,110,45,19,32,32,29,PS_WANDER,0,PS_NONE,4,64,0
44,36824,4050,0,40690,23991,19677,256,93,76,4100,TS_MAPWHO | TS_WANDER_AFTER_HIT,0,PA_NONE,833,PB_POLICE,3628,845,0,0,1,TM_PERSON,29,PS_WANDER,134,TA_NORTHEAST,0,4,PU_POLICE,24058,0,0,0,0,0,0,0,0,0,0,0,0,0,40690,0,0,0,0,0,0,128,50,178,50,128,80,208,80,128,110,238,110,45,19,32,32,29,PS_WANDER,0,PS_NONE,4,64,0
45,36916,4142,0,40726,20463,23443,256,79,91,4100,TS_MAPWHO | TS_WANDER_AFTER_HIT,0,PA_NONE,833,PB_POLICE,3636,847,0,0,1,TM_PERSON,29,PS_WANDER,192,TA_NORTHWEST,0,4,PU_POLICE,23544,0,0,0,0,0,0,0,0,0,0,0,0,0,40726,0,0,0,0,0,0,128,50,178,50,128,80,208,80,128,110,238,110,45,19,32,32,29,PS_WANDER,0,PS_NONE,4,0,0
46,37008,4234,0,40762,11515,17503,256,44,68,4100,TS_MAPWHO | TS_WANDER_AFTER_HIT,0,PA_NONE,833,PB_POLICE,3627,845,0,0,1,TM_PERSON,29,PS_WANDER,127,TA_NORTHEAST,0,4,PU_POLICE,17750,0,0,0,0,0,0,0,0,0,0,0,0,0,40762,0,0,0,0,0,0,128,50,178,50,128,80,208,80,128,110,238,110,45,19,32,32,29,PS_WANDER,0,PS_NONE,4,64,0
47,37100,4326,0,40798,14093,17778,256,55,69,4100,TS_MAPWHO | TS_WANDER_AFTER_HIT,0,PA_NONE,833,PB_POLICE,3610,841,0,0,1,TM_PERSON,29,PS_WANDER,5,TA_SOUTHWEST,0,4,PU_POLICE,17254,0,0,0,0,0,0,0,0,0,0,0,0,0,40798,0,0,0,0,0,0,128,50,178,50,128,80,208,80,128,110,238,110,45,19,32,32,29,PS_WANDER,0,PS_NONE,4,192,0
48,37192,4418,0,40834,14247,19998,256,55,78,4100,TS_MAPWHO | TS_WANDER_AFTER_HIT,0,PA_NONE,833,PB_POLICE,3637,847,0,0,1,TM_PERSON,29,PS_WANDER,199,TA_NORTHWEST,0,4,PU_POLICE,19968,0,0,0,0,0,0,0,0,0,0,0,0,0,40834,0,0,0,0,0,0,128,50,178,50,128,80,208,80,128,110,238,110,45,19,32,32,29,PS_WANDER,0,PS_NONE,4,128,0
49,37284,4510,0,0,14385,23837,256,56,93,4100,TS_MAPWHO | TS_WANDER_AFTER_HIT,0,PA_NONE,626,PB_WOMAN_BLONDE,481,636,0,0,1,TM_PERSON,29,PS_WANDER,58,TA_SOUTHEAST,0,1,PU_CIVILIAN,23808,0,0,0,0,0,0,0,0,0,0,0,0,0,0,0,0,0,0,0,0,128,50,178,50,128,110,238,110,128,110,238,110,240,19,32,32,29,PS_WANDER,0,PS_NONE,4,128,0
50,37376,4602,0,0,15872,20311,256,62,79,4100,TS_MAPWHO | TS_WANDER_AFTER_HIT,0,PA_NONE,626,PB_WOMAN_BLONDE,467,634,0,0,1,TM_PERSON,29,PS_WANDER,255,TA_SOUTHWEST,0,1,PU_CIVILIAN,19975,0,0,0,0,0,0,0,0,0,0,0,0,0,0,0,0,0,0,0,0,128,50,178,50,128,110,238,110,128,110,238,110,238,19,32,32,29,PS_WANDER,0,PS_NONE,4,128,0
51,37468,4694,0,0,23365,21463,256,91,83,4100,TS_MAPWHO | TS_WANDER_AFTER_HIT,0,PA_NONE,626,PB_WOMAN_BLONDE,470,634,0,0,1,TM_PERSON,29,PS_WANDER,255,TA_SOUTHWEST,0,1,PU_CIVILIAN,23297,0,0,0,0,0,0,0,0,0,0,0,0,0,0,0,0,0,0,0,0,128,50,178,50,128,110,238,110,128,110,238,110,236,19,32,32,29,PS_WANDER,0,PS_NONE,4,192,0
52,37560,4786,0,0,11264,16071,256,44,62,4100,TS_MAPWHO | TS_WANDER_AFTER_HIT,0,PA_NONE,626,PB_WOMAN_BLONDE,470,634,0,0,1,TM_PERSON,14,PS_HUG_RIGHT,0,TA_SOUTHWEST,0,1,PU_CIVILIAN,16052,0,0,0,0,0,0,0,0,0,0,0,0,0,0,0,0,0,9,0,0,128,50,178,50,128,110,238,110,128,110,238,110,226,19,32,32,29,PS_WANDER,0,PS_NONE,4,192,0
53,37652,4878,0,0,23211,14348,256,90,56,4100,TS_MAPWHO | TS_WANDER_AFTER_HIT,0,PA_NONE,626,PB_WOMAN_BLONDE,480,636,0,0,1,TM_PERSON,29,PS_WANDER,55,TA_SOUTHEAST,0,1,PU_CIVILIAN,22784,0,0,0,0,0,0,0,0,0,0,0,0,0,0,0,0,0,0,0,0,128,50,178,50,128,110,238,110,128,110,238,110,224,19,32,32,29,PS_WANDER,0,PS_NONE,2,192,0
54,37744,4970,0,12790,11512,20218,256,44,78,4100,TS_MAPWHO | TS_WANDER_AFTER_HIT,0,PA_NONE,626,PB_WOMAN_BLONDE,470,634,0,0,1,TM_PERSON,15,PS_HUG_LEFT,1,TA_SOUTHWEST,0,1,PU_CIVILIAN,20164,0,0,0,0,0,0,0,0,0,0,0,0,0,0,0,0,0,7,0,0,128,50,178,50,128,110,238,110,128,110,238,110,222,19,32,32,29,PS_WANDER,0,PS_NONE,4,64,0
55,37836,5062,0,0,18998,20277,256,74,79,4100,TS_MAPWHO | TS_WANDER_AFTER_HIT,0,PA_NONE,626,PB_WOMAN_BLONDE,478,636,0,0,1,TM_PERSON,29,PS_WANDER,57,TA_SOUTHEAST,0,1,PU_CIVILIAN,20222,0,0,0,0,0,0,0,0,0,0,0,0,0,0,0,0,0,0,0,0,128,50,178,50,128,110,238,110,128,110,238,110,221,19,32,32,29,PS_WANDER,0,PS_NONE,4,0,0
56,37928,5154,0,0,17202,23494,256,67,91,4100,TS_MAPWHO | TS_WANDER_AFTER_HIT,0,PA_NONE,626,PB_WOMAN_BLONDE,481,636,0,0,1,TM_PERSON,29,PS_WANDER,63,TA_SOUTHEAST,0,1,PU_CIVILIAN,23534,0,0,0,0,0,0,0,0,0,0,0,0,0,0,0,0,0,0,0,0,128,50,178,50,128,110,238,110,128,110,238,110,219,19,32,32,29,PS_WANDER,0,PS_NONE,4,0,0
57,38020,5246,0,0,15096,22222,256,58,86,4100,TS_MAPWHO | TS_WANDER_AFTER_HIT,0,PA_NONE,626,PB_WOMAN_BLONDE,470,634,0,0,1,TM_PERSON,29,PS_WANDER,8,TA_SOUTHWEST,0,1,PU_CIVILIAN,20479,0,0,0,0,0,0,0,0,0,0,0,0,0,0,0,0,0,0,0,0,128,50,178,50,128,110,238,110,128,110,238,110,217,19,32,32,29,PS_WANDER,0,PS_NONE,4,0,0
58,38112,5338,0,0,15328,15177,256,59,59,4100,TS_MAPWHO | TS_WANDER_AFTER_HIT,0,PA_NONE,626,PB_WOMAN_BLONDE,488,638,0,0,1,TM_PERSON,29,PS_WANDER,132,TA_NORTHEAST,0,1,PU_CIVILIAN,15937,0,0,0,0,0,0,0,0,0,0,0,0,0,0,0,0,0,0,0,0,128,50,178,50,128,110,238,110,128,110,238,110,214,19,32,32,29,PS_WANDER,0,PS_NONE,4,64,0
59,38204,5430,0,0,22763,23551,256,88,91,4100,TS_MAPWHO | TS_WANDER_AFTER_HIT,0,PA_NONE,626,PB_WOMAN_BLONDE,480,636,0,0,1,TM_PERSON,14,PS_HUG_RIGHT,63,TA_SOUTHEAST,0,1,PU_CIVILIAN,23551,0,0,0,0,0,0,0,0,0,0,0,0,0,0,0,0,0,8,0,0,128,50,178,50,128,110,238,110,128,110,238,110,165,19,32,32,29,PS_WANDER,0,PS_NONE,4,0,0
60,38296,5522,0,0,18950,17642,256,74,68,4100,TS_MAPWHO | TS_WANDER_AFTER_HIT,0,PA_NONE,626,PB_WOMAN_BLONDE,487,638,0,0,1,TM_PERSON,29,PS_WANDER,128,TA_NORTHEAST,0,1,PU_CIVILIAN,18957,0,0,0,0,0,0,0,0,0,0,0,0,0,0,0,0,0,0,0,0,128,50,178,50,128,110,238,110,128,110,238,110,163,19,32,32,29,PS_WANDER,0,PS_NONE,4,192,0
61,38388,5614,0,0,22267,18397,256,86,71,4100,TS_MAPWHO | TS_WANDER_AFTER_HIT,0,PA_NONE,626,PB_WOMAN_BLONDE,497,640,0,0,1,TM_PERSON,29,PS_WANDER,194,TA_NORTHWEST,0,1,PU_CIVILIAN,23299,0,0,0,0,0,0,0,0,0,0,0,0,0,0,0,0,0,0,0,0,128,50,178,50,128,110,238,110,128,110,238,110,161,19,32,32,29,PS_WANDER,0,PS_NONE,4,192,0
62,38480,5706,0,0,18343,20341,256,71,79,4100,TS_MAPWHO | TS_WANDER_AFTER_HIT,0,PA_NONE,626,PB_WOMAN_BLONDE,490,638,0,0,1,TM_PERSON,29,PS_WANDER,132,TA_NORTHEAST,0,1,PU_CIVILIAN,21690,0,0,0,0,0,0,0,0,0,0,0,0,0,0,0,0,0,0,0,0,128,50,178,50,128,110,238,110,128,110,238,110,159,19,32,32,29,PS_WANDER,0,PS_NONE,4,64,0
63,38572,5798,0,0,11313,18891,256,44,73,4100,TS_MAPWHO | TS_WANDER_AFTER_HIT,0,PA_NONE,626,PB_WOMAN_BLONDE,468,634,0,0,1,TM_PERSON,29,PS_WANDER,255,TA_SOUTHWEST,0,1,PU_CIVILIAN,17971,0,0,0,0,0,0,0,0,0,0,0,0,0,0,0,0,0,0,0,0,128,50,178,50,128,110,238,110,128,110,238,110,157,19,32,32,29,PS_WANDER,0,PS_NONE,4,192,0
64,38664,5890,0,0,20061,20222,256,78,78,4100,TS_MAPWHO | TS_WANDER_AFTER_HIT,0,PA_NONE,626,PB_WOMAN_BLONDE,478,636,0,0,1,TM_PERSON,14,PS_HUG_RIGHT,63,TA_SOUTHEAST,0,1,PU_CIVILIAN,20222,0,0,0,0,0,0,0,0,0,0,0,0,0,0,0,0,0,5,0,0,128,50,178,50,128,110,238,110,128,110,238,110,148,19,32,32,29,PS_WANDER,0,PS_NONE,4,0,0
65,38756,5982,0,0,19817,23324,256,77,91,4100,TS_MAPWHO | TS_WANDER_AFTER_HIT,0,PA_NONE,626,PB_WOMAN_BLONDE,477,636,0,0,1,TM_PERSON,29,PS_WANDER,62,TA_SOUTHEAST,0,1,PU_CIVILIAN,23296,0,0,0,0,0,0,0,0,0,0,0,0,0,0,0,0,0,0,0,0,128,50,178,50,128,110,238,110,128,110,238,110,146,19,32,32,29,PS_WANDER,0,PS_NONE,4,128,0
66,38848,6074,0,0,19949,20823,256,77,81,4100,TS_MAPWHO | TS_WANDER_AFTER_HIT,0,PA_NONE,626,PB_WOMAN_BLONDE,477,636,0,0,1,TM_PERSON,29,PS_WANDER,62,TA_SOUTHEAST,0,1,PU_CIVILIAN,20957,0,0,0,0,0,0,0,0,0,0,0,0,0,0,0,0,0,2,0,0,128,50,178,50,128,110,238,110,128,110,238,110,145,19,32,32,29,PS_WANDER,0,PS_NONE,3,192,0
67,38940,6166,2946,40222,19094,23296,256,74,91,4100,TS_MAPWHO | TS_WANDER_AFTER_HIT,0,PA_NONE,626,PB_WOMAN_BLONDE,497,640,0,0,1,TM_PERSON,14,PS_HUG_RIGHT,192,TA_NORTHWEST,0,1,PU_CIVILIAN,23296,0,0,0,0,0,0,0,0,0,0,0,0,0,0,0,0,0,2,0,0,128,50,178,50,128,110,238,110,128,110,238,110,143,19,32,32,29,PS_WANDER,0,PS_NONE,4,128,0
68,39032,6258,2854,40258,18417,22948,256,71,89,4100,TS_MAPWHO | TS_WANDER_AFTER_HIT,0,PA_NONE,626,PB_WOMAN_BLONDE,488,638,0,0,1,TM_PERSON,14,PS_HUG_RIGHT,127,TA_NORTHEAST,0,1,PU_CIVILIAN,23119,0,0,0,0,0,0,0,0,0,0,0,0,0,0,0,0,0,1,0,0,128,50,178,50,128,110,238,110,128,110,238,110,141,19,32,32,29,PS_WANDER,0,PS_NONE,4,64,0
69,39124,6350,0,0,19254,20989,256,75,81,4100,TS_MAPWHO | TS_WANDER_AFTER_HIT,0,PA_NONE,626,PB_WOMAN_BLONDE,497,640,0,0,1,TM_PERSON,29,PS_WANDER,193,TA_NORTHWEST,0,1,PU_CIVILIAN,20991,0,0,0,0,0,0,0,0,0,0,0,0,0,0,0,0,0,0,0,0,128,50,178,50,128,110,238,110,128,110,238,110,140,19,32,32,29,PS_WANDER,0,PS_NONE,4,0,0
70,39216,6442,0,0,17772,13303,256,69,51,4100,TS_MAPWHO | TS_WANDER_AFTER_HIT,0,PA_NONE,626,PB_WOMAN_BLONDE,498,640,0,0,1,TM_PERSON,29,PS_WANDER,191,TA_NORTHWEST,0,1,PU_CIVILIAN,17924,0,0,0,0,0,0,0,0,0,0,0,0,0,0,0,0,0,0,0,0,128,50,178,50,128,110,238,110,128,110,238,110,115,19,32,32,29,PS_WANDER,0,PS_NONE,4,192,0
71,39308,6534,0,0,15804,20224,256,61,79,4100,TS_MAPWHO | TS_WANDER_AFTER_HIT,0,PA_NONE,626,PB_WOMAN_BLONDE,478,636,0,0,1,TM_PERSON,29,PS_WANDER,65,TA_SOUTHEAST,0,1,PU_CIVILIAN,20224,0,0,0,0,0,0,0,0,0,0,0,0,0,0,0,0,0,0,0,0,128,50,178,50,128,110,238,110,128,110,238,110,113,19,32,32,29,PS_WANDER,0,PS_NONE,4,128,0
72,39400,6626,0,0,18783,23296,256,73,91,4100,TS_MAPWHO | TS_WANDER_AFTER_HIT,0,PA_NONE,626,PB_WOMAN_BLONDE,477,636,0,0,1,TM_PERSON,15,PS_HUG_LEFT,64,TA_SOUTHEAST,0,1,PU_CIVILIAN,23296,0,0,0,0,0,0,0,0,0,0,0,0,0,0,0,0,0,8,0,0,128,50,178,50,128,110,238,110,128,110,238,110,111,19,32,32,29,PS_WANDER,0,PS_NONE,4,128,0
73,39492,6718,0,0,15093,14297,256,58,55,4100,TS_MAPWHO | TS_WANDER_AFTER_HIT,0,PA_NONE,626,PB_WOMAN_BLONDE,464,634,0,0,1,TM_PERSON,29,PS_WANDER,0,TA_SOUTHWEST,0,1,PU_CIVILIAN,15103,0,0,0,0,0,0,0,0,0,0,0,0,0,0,0,0,0,0,0,0,128,50,178,50,128,110,238,110,128,110,238,110,95,19,32,32,29,PS_WANDER,0,PS_NONE,4,64,0
74,39584,6810,0,0,18850,17415,256,73,68,4100,TS_MAPWHO | TS_WANDER_AFTER_HIT,0,PA_NONE,626,PB_WOMAN_BLONDE,477,636,0,0,1,TM_PERSON,29,PS_WANDER,62,TA_SOUTHEAST,0,1,PU_CIVILIAN,18688,0,0,0,0,0,0,0,0,0,0,0,0,0,0,0,0,0,0,0,0,128,50,178,50,128,110,238,110,128,110,238,110,93,19,32,32,29,PS_WANDER,0,PS_NONE,4,192,0
75,39676,6902,0,0,14171,19117,256,55,74,4100,TS_MAPWHO | TS_WANDER_AFTER_HIT,0,PA_NONE,1123,PB_WOMAN_REDHEAD,511,1133,0,0,1,TM_PERSON,29,PS_WANDER,64,TA_SOUTHEAST,0,1,PU_CIVILIAN,19178,0,0,0,0,0,0,0,0,0,0,0,0,0,0,0,0,0,5,0,0,128,50,178,50,128,110,238,110,128,110,238,110,79,19,32,32,29,PS_WANDER,0,PS_NONE,3,192,0
76,39768,6994,0,0,23448,19540,256,91,76,4100,TS_MAPWHO | TS_WANDER_AFTER_HIT,0,PA_NONE,1123,PB_WOMAN_REDHEAD,4776,1131,0,0,1,TM_PERSON,29,PS_WANDER,4,TA_SOUTHWEST,0,1,PU_CIVILIAN,23535,0,0,0,0,0,0,0,0,0,0,0,0,0,0,0,0,0,7,0,0,128,50,178,50,128,110,238,110,128,110,238,110,77,19,32,32,29,PS_WANDER,0,PS_NONE,4,64,0
77,39860,7086,0,0,20693,14098,256,80,55,4100,TS_MAPWHO | TS_WANDER_AFTER_HIT,0,PA_NONE,1123,PB_WOMAN_REDHEAD,4777,1131,0,0,1,TM_PERSON,29,PS_WANDER,7,TA_SOUTHWEST,0,1,PU_CIVILIAN,20486,0,0,0,0,0,0,0,0,0,0,0,0,0,0,0,0,0,0,0,0,128,50,178,50,128,110,238,110,128,110,238,110,75,19,32,32,29,PS_WANDER,0,PS_NONE,4,128,0
78,39952,7178,0,0,15988,22392,256,62,87,4100,TS_MAPWHO | TS_WANDER_AFTER_HIT,0,PA_NONE,1123,PB_WOMAN_REDHEAD,4776,1131,0,0,1,TM_PERSON,29,PS_WANDER,4,TA_SOUTHWEST,0,1,PU_CIVILIAN,20231,0,0,0,0,0,0,0,0,0,0,0,0,0,0,0,0,0,2,0,0,128,50,178,50,128,110,238,110,128,110,238,110,74,19,32,32,29,PS_WANDER,0,PS_NONE,0,64,0
79,40044,7270,0,0,14632,19968,256,57,78,4100,TS_MAPWHO | TS_WANDER_AFTER_HIT,0,PA_NONE,1123,PB_WOMAN_REDHEAD,530,1137,0,0,1,TM_PERSON,14,PS_HUG_RIGHT,192,TA_NORTHWEST,0,1,PU_CIVILIAN,19968,0,0,0,0,0,0,0,0,0,0,0,0,0,0,0,0,0,2,0,0,128,50,178,50,128,110,238,110,128,110,238,110,72,19,32,32,29,PS_WANDER,0,PS_NONE,4,128,0
80,40136,7362,0,0,23506,12115,256,91,47,4100,TS_MAPWHO | TS_WANDER_AFTER_HIT,0,PA_NONE,1123,PB_WOMAN_REDHEAD,4778,1131,0,0,1,TM_PERSON,29,PS_WANDER,254,TA_SOUTHWEST,0,1,PU_CIVILIAN,23539,0,0,0,0,0,0,0,0,0,0,0,0,0,0,0,0,0,3,0,0,128,50,178,50,128,110,238,110,128,110,238,110,70,19,32,32,29,PS_WANDER,0,PS_NONE,4,64,0
81,40228,7454,0,7638,19165,17067,256,74,66,4100,TS_MAPWHO | TS_WANDER_AFTER_HIT,0,PA_NONE,1123,PB_WOMAN_REDHEAD,4777,1131,0,0,1,TM_PERSON,29,PS_WANDER,2,TA_SOUTHWEST,0,1,PU_CIVILIAN,19199,0,0,0,0,0,0,0,0,0,0,0,0,0,0,0,0,0,0,0,0,128,50,178,50,128,110,238,110,128,110,238,110,69,19,32,32,29,PS_WANDER,0,PS_NONE,4,64,0
82,40320,7546,0,0,18290,20891,256,71,81,4100,TS_MAPWHO | TS_WANDER_AFTER_HIT,0,PA_NONE,1123,PB_WOMAN_REDHEAD,520,1135,0,0,1,TM_PERSON,29,PS_WANDER,138,TA_NORTHEAST,0,1,PU_CIVILIAN,22962,0,0,0,0,0,0,0,0,0,0,0,0,0,0,0,0,0,0,0,0,128,50,178,50,128,110,238,110,128,110,238,110,67,19,32,32,29,PS_WANDER,0,PS_NONE,4,64,0
83,40412,7638,7454,0,19191,17074,256,74,66,4100,TS_MAPWHO | TS_WANDER_AFTER_HIT,0,PA_NONE,1123,PB_WOMAN_REDHEAD,4778,1131,0,0,1,TM_PERSON,29,PS_WANDER,2,TA_SOUTHWEST,0,1,PU_CIVILIAN,19197,0,0,0,0,0,0,0,0,0,0,0,0,0,0,0,0,0,0,0,0,128,50,178,50,128,110,238,110,128,110,238,110,65,19,32,32,29,PS_WANDER,0,PS_NONE,4,64,0
84,40504,7730,0,0,14088,19900,256,55,77,4100,TS_MAPWHO | TS_WANDER_AFTER_HIT,0,PA_NONE,1123,PB_WOMAN_REDHEAD,520,1135,0,0,1,TM_PERSON,29,PS_WANDER,128,TA_NORTHEAST,0,1,PU_CIVILIAN,20223,0,0,0,0,0,0,0,0,0,0,0,0,0,0,0,0,0,0,0,0,128,50,178,50,128,110,238,110,128,110,238,110,48,19,32,32,29,PS_WANDER,0,PS_NONE,4,192,0
85,40596,7822,0,11226,21373,11551,256,83,45,4100,TS_MAPWHO | TS_WANDER_AFTER_HIT,0,PA_NONE,1123,PB_WOMAN_REDHEAD,513,1133,0,0,1,TM_PERSON,29,PS_WANDER,58,TA_SOUTHEAST,0,1,PU_CIVILIAN,20483,0,0,0,0,0,0,0,0,0,0,0,0,0,0,0,0,0,0,0,0,128,50,178,50,128,110,238,110,128,110,238,110,47,19,32,32,29,PS_WANDER,0,PS_NONE,4,128,0
86,40688,7914,0,0,15875,13520,256,62,52,4100,TS_MAPWHO | TS_WANDER_AFTER_HIT,0,PA_NONE,1123,PB_WOMAN_REDHEAD,522,1135,0,0,1,TM_PERSON,29,PS_WANDER,125,TA_NORTHEAST,0,1,PU_CIVILIAN,15746,0,0,0,0,0,0,0,0,0,0,0,0,0,0,0,0,0,0,0,0,128,50,178,50,128,110,238,110,128,110,238,110,45,19,32,32,29,PS_WANDER,0,PS_NONE,4,128,0
87,40780,8006,0,0,22907,10812,256,89,42,4100,TS_MAPWHO | TS_WANDER_AFTER_HIT,0,PA_NONE,1123,PB_WOMAN_REDHEAD,4777,1131,0,0,1,TM_PERSON,29,PS_WANDER,4,TA_SOUTHWEST,0,1,PU_CIVILIAN,22923,0,0,0,0,0,0,0,0,0,0,0,0,0,0,0,0,0,8,0,0,128,50,178,50,128,110,238,110,128,110,238,110,44,19,32,32,29,PS_WANDER,0,PS_NONE,3,128,0
88,40872,8098,0,0,20543,11838,256,80,46,4100,TS_MAPWHO | TS_WANDER_AFTER_HIT,0,PA_NONE,1123,PB_WOMAN_REDHEAD,521,1135,0,0,1,TM_PERSON,29,PS_WANDER,121,TA_NORTHEAST,0,1,PU_CIVILIAN,20413,0,0,0,0,0,0,0,0,0,0,0,0,0,0,0,0,0,0,0,0,128,50,178,50,128,110,238,110,128,110,238,110,42,19,32,32,29,PS_WANDER,0,PS_NONE,4,128,0
89,40964,8190,0,0,23537,12310,256,91,48,4100,TS_MAPWHO | TS_WANDER_AFTER_HIT,0,PA_NONE,1123,PB_WOMAN_REDHEAD,521,1135,0,0,1,TM_PERSON,29,PS_WANDER,129,TA_NORTHEAST,0,1,PU_CIVILIAN,23551,0,0,0,0,0,0,0,0,0,0,0,0,0,0,0,0,0,0,0,0,128,50,178,50,128,110,238,110,128,110,238,110,21,19,32,32,29,PS_WANDER,0,PS_NONE,4,64,0
90,41056,8282,0,9846,18608,12418,256,72,48,4100,TS_MAPWHO | TS_WANDER_AFTER_HIT,0,PA_NONE,1123,PB_WOMAN_REDHEAD,511,1133,0,0,1,TM_PERSON,29,PS_WANDER,61,TA_SOUTHEAST,0,1,PU_CIVILIAN,16734,0,0,0,0,0,0,0,0,0,0,0,0,0,0,0,0,0,0,0,0,128,50,178,50,128,110,238,110,128,110,238,110,19,19,32,32,29,PS_WANDER,0,PS_NONE,4,128,0
91,41148,8374,0,0,21533,14070,256,84,54,4100,TS_MAPWHO | TS_WANDER_AFTER_HIT,0,PA_NONE,1123,PB_WOMAN_REDHEAD,529,1137,0,0,1,TM_PERSON,29,PS_WANDER,189,TA_NORTHWEST,0,1,PU_CIVILIAN,22521,0,0,0,0,0,0,0,0,0,0,0,0,0,0,0,0,0,0,0,0,128,50,178,50,128,110,238,110,128,110,238,110,18,19,32,32,29,PS_WANDER,0,PS_NONE,4,64,0
92,41240,8466,0,10950,20866,16608,256,81,64,4100,TS_MAPWHO | TS_WANDER_AFTER_HIT,0,PA_NONE,1123,PB_WOMAN_REDHEAD,4779,1131,0,0,1,TM_PERSON,29,PS_WANDER,11,TA_SOUTHWEST,0,1,PU_CIVILIAN,20481,0,0,0,0,0,0,0,0,0,0,0,0,0,0,0,0,0,0,0,0,128,50,178,50,128,110,238,110,128,110,238,110,16,19,32,32,29,PS_WANDER,0,PS_NONE,4,192,0
93,41332,8558,0,0,18358,14080,256,71,55,4100,TS_MAPWHO | TS_WANDER_AFTER_HIT,0,PA_NONE,1123,PB_WOMAN_REDHEAD,513,1133,0,0,1,TM_PERSON,15,PS_HUG_LEFT,64,TA_SOUTHEAST,0,1,PU_CIVILIAN,18187,0,0,0,0,0,0,0,0,0,0,0,0,0,0,0,0,0,1,0,0,128,50,178,50,128,110,238,110,128,110,238,110,15,19,32,32,29,PS_WANDER,0,PS_NONE,4,128,0
94,41424,8650,0,0,23146,16346,256,90,63,4100,TS_MAPWHO | TS_WANDER_AFTER_HIT,0,PA_NONE,1123,PB_WOMAN_REDHEAD,4776,1131,0,0,1,TM_PERSON,29,PS_WANDER,1,TA_SOUTHWEST,0,1,PU_CIVILIAN,23036,0,0,0,0,0,0,0,0,0,0,0,0,0,0,0,0,0,0,0,0,128,50,178,50,128,110,238,110,128,110,238,110,13,19,32,32,29,PS_WANDER,0,PS_NONE,4,64,0
95,41516,8742,0,0,18571,13855,256,72,54,4100,TS_MAPWHO | TS_WANDER_AFTER_HIT,0,PA_NONE,1123,PB_WOMAN_REDHEAD,527,1137,0,0,1,TM_PERSON,29,PS_WANDER,198,TA_NORTHWEST,0,1,PU_CIVILIAN,19350,0,0,0,0,0,0,0,0,0,0,0,0,0,0,0,0,0,1,0,0,128,50,178,50,128,110,238,110,128,110,238,110,12,19,32,32,29,PS_WANDER,0,PS_NONE,4,0,0
96,41608,8834,0,0,15641,19126,256,61,74,4100,TS_MAPWHO | TS_WANDER_AFTER_HIT,0,PA_NONE,1123,PB_WOMAN_REDHEAD,527,1137,0,0,1,TM_PERSON,29,PS_WANDER,196,TA_NORTHWEST,0,1,PU_CIVILIAN,19189,0,0,0,0,0,0,0,0,0,0,0,0,0,0,0,0,0,1,0,0,128,50,178,50,128,110,238,110,128,110,238,110,10,19,32,32,29,PS_WANDER,0,PS_NONE,4,0,0
97,41700,8926,2302,40078,23296,14525,256,91,56,4100,TS_MAPWHO | TS_WANDER_AFTER_HIT,0,PA_NONE,1123,PB_WOMAN_REDHEAD,4776,1131,0,0,1,TM_PERSON,29,PS_WANDER,245,TA_SOUTHWEST,0,1,PU_CIVILIAN,23550,0,0,0,0,0,0,0,0,0,0,0,0,0,0,0,0,0,0,0,0,128,50,178,50,128,110,238,110,128,110,238,110,9,19,32,32,29,PS_WANDER,0,PS_NONE,4,64,0
98,41792,9018,0,0,17605,14231,256,68,55,4100,TS_MAPWHO | TS_WANDER_AFTER_HIT,0,PA_NONE,1123,PB_WOMAN_REDHEAD,530,1137,0,0,1,TM_PERSON,29,PS_WANDER,189,TA_NORTHWEST,0,1,PU_CIVILIAN,18536,0,0,0,0,0,0,0,0,0,0,0,0,0,0,0,0,0,0,0,0,128,50,178,50,128,110,238,110,128,110,238,110,7,19,32,32,29,PS_WANDER,0,PS_NONE,4,0,0
99,41884,9110,0,0,23531,13916,256,91,54,4100,TS_MAPWHO | TS_WANDER_AFTER_HIT,0,PA_NONE,1123,PB_WOMAN_REDHEAD,4776,1131,0,0,1,TM_PERSON,29,PS_WANDER,0,TA_SOUTHWEST,0,1,PU_CIVILIAN,23543,0,0,0,0,0,0,0,0,0,0,0,0,0,0,0,0,0,0,0,0,128,50,178,50,128,110,238,110,128,110,238,110,6,19,32,32,29,PS_WANDER,0,PS_NONE,4,64,0
100,41976,9202,0,0,19716,12792,256,77,49,4100,TS_MAPWHO | TS_WANDER_AFTER_HIT,0,PA_NONE,1123,PB_WOMAN_REDHEAD,4776,1131,0,0,1,TM_PERSON,14,PS_HUG_RIGHT,1,TA_SOUTHWEST,0,1,PU_CIVILIAN,19716,0,0,0,0,0,0,0,0,0,0,0,0,0,0,0,0,0,10,0,0,128,50,178,50,128,110,238,110,128,110,238,110,4,19,32,32,29,PS_WANDER,0,PS_NONE,4,192,0
101,42068,9294,0,10122,18778,13810,256,73,53,4100,TS_MAPWHO | TS_WANDER_AFTER_HIT,0,PA_NONE,1123,PB_WOMAN_REDHEAD,529,1137,0,0,1,TM_PERSON,29,PS_WANDER,189,TA_NORTHWEST,0,1,PU_CIVILIAN,19253,0,0,0,0,0,0,0,0,0,0,0,0,0,0,0,0,0,6,0,0,128,50,178,50,128,110,238,110,128,110,238,110,3,19,32,32,29,PS_WANDER,0,PS_NONE,4,0,0
102,42160,9386,0,11594,16447,18011,256,64,70,4100,TS_MAPWHO | TS_WANDER_AFTER_HIT,0,PA_NONE,1123,PB_WOMAN_REDHEAD,4776,1131,0,0,1,TM_PERSON,29,PS_WANDER,253,TA_SOUTHWEST,0,1,PU_CIVILIAN,16627,0,0,0,0,0,0,0,0,0,0,0,0,0,0,0,0,0,0,0,0,128,50,178,50,128,110,238,110,128,110,238,110,1,19,32,32,29,PS_WANDER,0,PS_NONE,4,64,0
103,42252,9478,0,0,20788,13293,256,81,51,4100,TS_MAPWHO | TS_WANDER_AFTER_HIT,0,PA_NONE,1123,PB_WOMAN_REDHEAD,529,1137,0,0,1,TM_PERSON,29,PS_WANDER,189,TA_NORTHWEST,0,1,PU_CIVILIAN,21150,0,0,0,0,0,0,0,0,0,0,0,0,0,0,0,0,0,6,0,0,128,50,178,50,128,110,238,110,128,110,238,110,255,19,32,32,29,PS_WANDER,0,PS_NONE,2,0,0
104,42344,9570,0,0,23542,12937,256,91,50,4100,TS_MAPWHO | TS_WANDER_AFTER_HIT,0,PA_NONE,1123,PB_WOMAN_REDHEAD,521,1135,0,0,1,TM_PERSON,14,PS_HUG_RIGHT,129,TA_NORTHEAST,0,1,PU_CIVILIAN,23551,0,0,0,0,0,0,0,0,0,0,0,0,0,0,0,0,0,1,0,0,128,50,178,50,128,110,238,110,128,110,238,110,239,19,32,32,29,PS_WANDER,0,PS_NONE,4,64,0
105,42436,9662,0,0,20044,13787,256,78,53,4100,TS_MAPWHO | TS_WANDER_AFTER_HIT,0,PA_NONE,1123,PB_WOMAN_REDHEAD,528,1137,0,0,1,TM_PERSON,29,PS_WANDER,189,TA_NORTHWEST,0,1,PU_CIVILIAN,20481,0,0,0,0,0,0,0,0,0,0,0,0,0,0,0,0,0,0,0,0,128,50,178,50,128,110,238,110,128,110,238,110,237,19,32,32,29,PS_WANDER,0,PS_NONE,4,192,0
106,42528,9754,0,0,18924,14059,256,73,54,4100,TS_MAPWHO | TS_WANDER_AFTER_HIT,0,PA_NONE,1330,PB_MAN_SUIT,576,1340,0,0,1,TM_PERSON,29,PS_WANDER,70,TA_SOUTHEAST,0,1,PU_CIVILIAN,17988,0,0,0,0,0,0,0,0,0,0,0,0,0,0,0,0,0,0,0,0,128,50,178,50,128,110,238,110,128,110,238,110,222,19,32,32,29,PS_WANDER,0,PS_NONE,4,128,0
107,42620,9846,8282,0,18508,12290,256,72,48,4100,TS_MAPWHO | TS_WANDER_AFTER_HIT,0,PA_NONE,1330,PB_MAN_SUIT,576,1340,0,0,1,TM_PERSON,29,PS_WANDER,61,TA_SOUTHEAST,0,1,PU_CIVILIAN,18146,0,0,0,0,0,0,0,0,0,0,0,0,0,0,0,0,0,0,0,0,128,50,178,50,128,110,238,110,128,110,238,110,221,19,32,32,29,PS_WANDER,0,PS_NONE,4,128,0
108,42712,9938,0,0,17777,12537,256,69,48,4100,TS_MAPWHO | TS_WANDER_AFTER_HIT,0,PA_NONE,1330,PB_MAN_SUIT,5963,1344,0,0,1,TM_PERSON,15,PS_HUG_LEFT,191,TA_NORTHWEST,0,1,PU_CIVILIAN,17853,0,0,0,0,0,0,0,0,0,0,0,0,0,0,0,0,0,6,0,0,128,50,178,50,128,110,238,110,128,110,238,110,219,19,32,32,29,PS_WANDER,0,PS_NONE,4,0,0
109,42804,10030,0,0,15259,18937,256,59,73,4100,TS_MAPWHO | TS_WANDER_AFTER_HIT,0,PA_NONE,1330,PB_MAN_SUIT,578,1340,0,0,1,TM_PERSON,29,PS_WANDER,69,TA_SOUTHEAST,0,1,PU_CIVILIAN,18944,0,0,0,0,0,0,0,0,0,0,0,0,0,0,0,0,0,0,0,0,128,50,178,50,128,110,238,110,128,110,238,110,218,19,32,32,29,PS_WANDER,0,PS_NONE,4,128,0
110,42896,10122,9294,0,18904,13699,256,73,53,4100,TS_MAPWHO | TS_WANDER_AFTER_HIT,0,PA_NONE,1330,PB_MAN_SUIT,578,1340,0,0,1,TM_PERSON,29,PS_WANDER,68,TA_SOUTHEAST,0,1,PU_CIVILIAN,16640,0,0,0,0,0,0,0,0,0,0,0,0,0,0,0,0,0,0,0,0,128,50,178,50,128,110,238,110,128,110,238,110,216,19,32,32,29,PS_WANDER,0,PS_NONE,4,192,0
111,42988,10214,0,0,20827,13508,256,81,52,4100,TS_MAPWHO | TS_WANDER_AFTER_HIT,0,PA_NONE,1330,PB_MAN_SUIT,5960,1338,0,0,1,TM_PERSON,29,PS_WANDER,13,TA_SOUTHWEST,0,1,PU_CIVILIAN,20553,0,0,0,0,0,0,0,0,0,0,0,0,0,0,0,0,0,0,0,0,128,50,178,50,128,110,238,110,128,110,238,110,215,19,32,32,29,PS_WANDER,0,PS_NONE,4,128,0
112,43080,10306,0,0,23443,13207,256,91,51,4100,TS_MAPWHO | TS_WANDER_AFTER_HIT,0,PA_NONE,1330,PB_MAN_SUIT,583,1342,0,0,1,TM_PERSON,29,PS_WANDER,132,TA_NORTHEAST,0,1,PU_CIVILIAN,23544,0,0,0,0,0,0,0,0,0,0,0,0,0,0,0,0,0,0,0,0,128,50,178,50,128,110,238,110,128,110,238,110,210,19,32,32,29,PS_WANDER,0,PS_NONE,4,64,0
113,43172,10398,0,0,17594,12410,256,68,48,4100,TS_MAPWHO | TS_WANDER_AFTER_HIT,0,PA_NONE,1330,PB_MAN_SUIT,575,1340,0,0,1,TM_PERSON,29,PS_WANDER,52,TA_SOUTHEAST,0,1,PU_CIVILIAN,16640,0,0,0,0,0,0,0,0,0,0,0,0,0,0,0,0,0,0,0,0,128,50,178,50,128,110,238,110,128,110,238,110,208,19,32,32,29,PS_WANDER,0,PS_NONE,4,192,0
114,43264,10490,0,0,21450,15625,256,83,61,4100,TS_MAPWHO | TS_WANDER_AFTER_HIT,0,PA_NONE,1330,PB_MAN_SUIT,5852,1338,0,0,1,TM_PERSON,29,PS_WANDER,10,TA_SOUTHWEST,0,1,PU_CIVILIAN,21260,0,0,0,0,0,0,0,0,0,0,0,0,0,0,0,0,0,0,0,0,128,50,178,50,128,110,238,110,128,110,238,110,206,19,32,32,29,PS_WANDER,0,PS_NONE,4,192,0
115,43356,10582,0,0,23551,11956,256,91,46,4100,TS_MAPWHO | TS_WANDER_AFTER_HIT,0,PA_NONE,1330,PB_MAN_SUIT,586,1342,0,0,1,TM_PERSON,14,PS_HUG_RIGHT,127,TA_NORTHEAST,0,1,PU_CIVILIAN,23551,0,0,0,0,0,0,0,0,0,0,0,0,0,0,0,0,0,6,0,0,128,50,178,50,128,110,238,110,128,110,238,110,205,19,32,32,29,PS_WANDER,0,PS_NONE,4,64,0
116,43448,10674,0,0,20594,14738,256,80,57,4100,TS_MAPWHO | TS_WANDER_AFTER_HIT,0,PA_NONE,1330,PB_MAN_SUIT,585,1342,0,0,1,TM_PERSON,29,PS_WANDER,118,TA_NORTHEAST,0,1,PU_CIVILIAN,20496,0,0,0,0,0,0,0,0,0,0,0,0,0,0,0,0,0,0,0,0,128,50,178,50,128,110,238,110,128,110,238,110,204,19,32,32,29,PS_WANDER,0,PS_NONE,4,192,0
117,43540,10766,0,0,20501,17646,256,80,68,4100,TS_MAPWHO | TS_WANDER_AFTER_HIT,0,PA_NONE,1330,PB_MAN_SUIT,575,1340,0,0,1,TM_PERSON,14,PS_HUG_RIGHT,63,TA_SOUTHEAST,0,1,PU_CIVILIAN,20501,0,0,0,0,0,0,0,0,0,0,0,0,0,0,0,0,0,10,0,0,128,50,178,50,128,110,238,110,128,110,238,110,203,19,32,32,29,PS_WANDER,0,PS_NONE,4,0,0
118,43632,10858,0,0,23167,12312,256,90,48,4100,TS_MAPWHO | TS_WANDER_AFTER_HIT,0,PA_NONE,1330,PB_MAN_SUIT,5962,1338,0,0,1,TM_PERSON,29,PS_WANDER,245,TA_SOUTHWEST,0,1,PU_CIVILIAN,23312,0,0,0,0,0,0,0,0,0,0,0,0,0,0,0,0,0,8,0,0,128,50,178,50,128,110,238,110,128,110,238,110,202,19,32,32,29,PS_WANDER,0,PS_NONE,3,128,0
119,43724,10950,8466,0,20846,16557,256,81,64,4100,TS_MAPWHO | TS_WANDER_AFTER_HIT,0,PA_NONE,1330,PB_MAN_SUIT,584,1342,0,0,1,TM_PERSON,29,PS_WANDER,136,TA_NORTHEAST,0,1,PU_CIVILIAN,20926,0,0,0,0,0,0,0,0,0,0,0,0,0,0,0,0,0,0,0,0,128,50,178,50,128,110,238,110,128,110,238,110,201,19,32,32,29,PS_WANDER,0,PS_NONE,4,0,0
120,43816,11042,0,0,15283,15847,256,59,61,4100,TS_MAPWHO | TS_WANDER_AFTER_HIT,0,PA_NONE,1330,PB_MAN_SUIT,584,1342,0,0,1,TM_PERSON,29,PS_WANDER,131,TA_NORTHEAST,0,1,PU_CIVILIAN,16645,0,0,0,0,0,0,0,0,0,0,0,0,0,0,0,0,0,0,0,0,128,50,178,50,128,110,238,110,128,110,238,110,196,19,32,32,29,PS_WANDER,0,PS_NONE,4,128,0
121,43908,11134,0,0,22788,13747,256,89,53,4100,TS_MAPWHO | TS_WANDER_AFTER_HIT,0,PA_NONE,1330,PB_MAN_SUIT,585,1342,0,0,1,TM_PERSON,29,PS_WANDER,125,TA_NORTHEAST,0,1,PU_CIVILIAN,22785,0,0,0,0,0,0,0,0,0,0,0,0,0,0,0,0,0,0,0,0,128,50,178,50,128,110,238,110,128,110,238,110,195,19,32,32,29,PS_WANDER,0,PS_NONE,4,192,0
122,44000,11226,7822,0,21299,11529,256,83,45,4100,TS_MAPWHO | TS_WANDER_AFTER_HIT,0,PA_NONE,1330,PB_MAN_SUIT,575,1340,0,0,1,TM_PERSON,29,PS_WANDER,64,TA_SOUTHEAST,0,1,PU_CIVILIAN,21137,0,0,0,0,0,0,0,0,0,0,0,0,0,0,0,0,0,0,0,0,128,50,178,50,128,110,238,110,128,110,238,110,194,19,32,32,29,PS_WANDER,0,PS_NONE,4,128,0
123,44092,11318,0,0,16827,14151,256,65,55,4100,TS_MAPWHO | TS_WANDER_AFTER_HIT,0,PA_NONE,1330,PB_MAN_SUIT,5965,1344,0,0,1,TM_PERSON,29,PS_WANDER,196,TA_NORTHWEST,0,1,PU_CIVILIAN,19335,0,0,0,0,0,0,0,0,0,0,0,0,0,0,0,0,0,0,0,0,128,50,178,50,128,110,238,110,128,110,238,110,192,19,32,32,29,PS_WANDER,0,PS_NONE,4,0,0
124,44184,11410,0,0,17398,19033,256,67,74,4100,TS_MAPWHO | TS_WANDER_AFTER_HIT,0,PA_NONE,1330,PB_MAN_SUIT,5964,1344,0,0,1,TM_PERSON,29,PS_WANDER,190,TA_NORTHWEST,0,1,PU_CIVILIAN,19184,0,0,0,0,0,0,0,0,0,0,0,0,0,0,0,0,0,0,0,0,128,50,178,50,128,110,238,110,128,110,238,110,191,19,32,32,29,PS_WANDER,0,PS_NONE,4,64,0
125,44276,11502,0,0,13601,17706,256,53,69,4100,TS_MAPWHO | TS_WANDER_AFTER_HIT,0,PA_NONE,1330,PB_MAN_SUIT,585,1342,0,0,1,TM_PERSON,29,PS_WANDER,134,TA_NORTHEAST,0,1,PU_CIVILIAN,20119,0,0,0,0,0,0,0,0,0,0,0,0,0,0,0,0,0,0,0,0,128,50,178,50,128,110,238,110,128,110,238,110,190,19,32,32,29,PS_WANDER,0,PS_NONE,4,64,0
126,44368,11594,9386,0,16622,18065,256,64,70,4100,TS_MAPWHO | TS_WANDER_AFTER_HIT,0,PA_NONE,1330,PB_MAN_SUIT,586,1342,0,0,1,TM_PERSON,29,PS_WANDER,124,TA_NORTHEAST,0,1,PU_CIVILIAN,18679,0,0,0,0,0,0,0,0,0,0,0,0,0,0,0,0,0,0,0,0,128,50,178,50,128,110,238,110,128,110,238,110,189,19,32,32,29,PS_WANDER,0,PS_NONE,4,0,0
127,44460,11686,1382,39034,22166,22223,256,86,86,4100,TS_MAPWHO | TS_WANDER_AFTER_HIT,0,PA_NONE,1330,PB_MAN_SUIT,578,1340,0,0,1,TM_PERSON,29,PS_WANDER,64,TA_SOUTHEAST,0,1,PU_CIVILIAN,22234,0,0,0,0,0,0,0,0,0,0,0,0,0,0,0,0,0,0,0,0,128,50,178,50,128,110,238,110,128,110,238,110,188,19,32,32,29,PS_WANDER,0,PS_NONE,4,64,0
128,44552,11778,0,0,17852,23147,256,69,90,4100,TS_MAPWHO | TS_WANDER_AFTER_HIT,0,PA_NONE,1330,PB_MAN_SUIT,575,1340,0,0,1,TM_PERSON,29,PS_WANDER,72,TA_SOUTHEAST,0,1,PU_CIVILIAN,23545,0,0,0,0,0,0,0,0,0,0,0,0,0,0,0,0,0,0,0,0,128,50,178,50,128,110,238,110,128,110,238,110,187,19,32,32,29,PS_WANDER,0,PS_NONE,4,0,0
129,44644,11870,0,0,19068,19188,256,74,74,4100,TS_MAPWHO | TS_WANDER_AFTER_HIT,0,PA_NONE,1330,PB_MAN_SUIT,5965,1344,0,0,1,TM_PERSON,15,PS_HUG_LEFT,193,TA_NORTHWEST,0,1,PU_CIVILIAN,19188,0,0,0,0,0,0,0,0,0,0,0,0,0,0,0,0,0,4,0,0,128,50,178,50,128,110,238,110,128,110,238,110,185,19,32,32,29,PS_WANDER,0,PS_NONE,4,0,0
130,44736,11962,0,0,14086,18584,256,55,72,4100,TS_MAPWHO | TS_WANDER_AFTER_HIT,0,PA_NONE,1330,PB_MAN_SUIT,5960,1338,0,0,1,TM_PERSON,29,PS_WANDER,245,TA_SOUTHWEST,0,1,PU_CIVILIAN,15632,0,0,0,0,0,0,0,0,0,0,0,0,0,0,0,0,0,0,0,0,128,50,178,50,128,110,238,110,128,110,238,110,122,19,32,32,29,PS_WANDER,0,PS_NONE,4,128,0
131,44828,12054,0,0,11852,23033,256,46,89,4100,TS_MAPWHO | TS_WANDER_AFTER_HIT,0,PA_NONE,1330,PB_MAN_SUIT,577,1340,0,0,1,TM_PERSON,29,PS_WANDER,64,TA_SOUTHEAST,0,1,PU_CIVILIAN,23039,0,0,0,0,0,0,0,0,0,0,0,0,0,0,0,0,0,0,0,0,128,50,178,50,128,110,238,110,128,110,238,110,120,19,32,32,29,PS_WANDER,0,PS_NONE,4,0,0
132,44920,12146,0,0,17130,19968,256,66,78,4100,TS_MAPWHO | TS_WANDER_AFTER_HIT,0,PA_NONE,1330,PB_MAN_SUIT,578,1340,0,0,1,TM_PERSON,15,PS_HUG_LEFT,63,TA_SOUTHEAST,0,1,PU_CIVILIAN,19968,0,0,0,0,0,0,0,0,0,0,0,0,0,0,0,0,0,3,0,0,128,50,178,50,128,110,238,110,128,110,238,110,119,19,32,32,29,PS_WANDER,0,PS_NONE,4,128,0
133,45012,12238,0,0,15078,20621,256,58,80,4100,TS_MAPWHO | TS_WANDER_AFTER_HIT,0,PA_NONE,1330,PB_MAN_SUIT,5961,1338,0,0,1,TM_PERSON,29,PS_WANDER,1,TA_SOUTHWEST,0,1,PU_CIVILIAN,19969,0,0,0,0,0,0,0,0,0,0,0,0,0,0,0,0,0,0,0,0,128,50,178,50,128,110,238,110,128,110,238,110,117,19,32,32,29,PS_WANDER,0,PS_NONE,4,128,0
134,45104,12330,0,0,10017,12992,256,39,50,4100,TS_MAPWHO | TS_WANDER_AFTER_HIT,0,PA_NONE,1330,PB_MAN_SUIT,5852,1338,0,0,1,TM_PERSON,29,PS_WANDER,4,TA_SOUTHWEST,0,1,PU_CIVILIAN,12396,0,0,0,0,0,0,0,0,0,0,0,0,0,0,0,0,0,0,0,0,128,50,178,50,128,110,238,110,128,110,238,110,116,19,32,32,29,PS_WANDER,0,PS_NONE,4,192,0
135,45196,12422,0,0,14760,22204,256,57,86,4100,TS_MAPWHO | TS_WANDER_AFTER_HIT,0,PA_NONE,1330,PB_MAN_SUIT,5852,1338,0,0,1,TM_PERSON,29,PS_WANDER,242,TA_SOUTHWEST,0,1,PU_CIVILIAN,19969,0,0,0,0,0,0,0,0,0,0,0,0,0,0,0,0,0,0,0,0,128,50,178,50,128,110,238,110,128,110,238,110,114,19,32,32,29,PS_WANDER,0,PS_NONE,4,64,0
136,45288,12514,0,0,14976,22595,256,58,88,4100,TS_MAPWHO | TS_WANDER_AFTER_HIT,0,PA_NONE,1330,PB_MAN_SUIT,5852,1338,0,0,1,TM_PERSON,29,PS_WANDER,254,TA_SOUTHWEST,0,1,PU_CIVILIAN,19977,0,0,0,0,0,0,0,0,0,0,0,0,0,0,0,0,0,0,0,0,128,50,178,50,128,110,238,110,128,110,238,110,113,19,32,32,29,PS_WANDER,0,PS_NONE,4,64,0
137,45380,12606,0,0,22462,23413,256,87,91,4100,TS_MAPWHO | TS_WANDER_AFTER_HIT,0,PA_NONE,1330,PB_MAN_SUIT,578,1340,0,0,1,TM_PERSON,29,PS_WANDER,56,TA_SOUTHEAST,0,1,PU_CIVILIAN,23297,0,0,0,0,0,0,0,0,0,0,0,0,0,0,0,0,0,0,0,0,128,50,178,50,128,110,238,110,128,110,238,110,111,19,32,32,29,PS_WANDER,0,PS_NONE,4,128,0
138,45472,12698,0,0,10641,14402,256,41,56,4100,TS_MAPWHO | TS_WANDER_AFTER_HIT,0,PA_NONE,1330,PB_MAN_SUIT,5960,1338,0,0,1,TM_PERSON,29,PS_WANDER,15,TA_SOUTHWEST,0,1,PU_CIVILIAN,11264,0,0,0,0,0,0,0,0,0,0,0,0,0,0,0,0,0,0,0,0,128,50,178,50,128,110,238,110,128,110,238,110,110,19,32,32,29,PS_WANDER,0,PS_NONE,4,128,0
139,45564,12790,4970,0,11370,20188,256,44,78,4100,TS_MAPWHO | TS_WANDER_AFTER_HIT,0,PA_NONE,1330,PB_MAN_SUIT,5961,1338,0,0,1,TM_PERSON,29,PS_WANDER,252,TA_SOUTHWEST,0,1,PU_CIVILIAN,18638,0,0,0,0,0,0,0,0,0,0,0,0,0,0,0,0,0,0,0,0,128,50,178,50,128,110,238,110,128,110,238,110,108,19,32,32,29,PS_WANDER,0,PS_NONE,4,64,0
140,45656,12882,0,0,14819,22866,256,57,89,4100,TS_MAPWHO | TS_WANDER_AFTER_HIT,0,PA_NONE,1330,PB_MAN_SUIT,578,1340,0,0,1,TM_PERSON,29,PS_WANDER,68,TA_SOUTHEAST,0,1,PU_CIVILIAN,23036,0,0,0,0,0,0,0,0,0,0,0,0,0,0,0,0,0,0,0,0,128,50,178,50,128,110,238,110,128,110,238,110,107,19,32,32,29,PS_WANDER,0,PS_NONE,4,0,0
141,45748,12974,0,0,21337,22521,256,83,87,4100,TS_MAPWHO | TS_WANDER_AFTER_HIT,0,PA_NONE,1123,PB_WOMAN_REDHEAD,530,1137,0,0,1,TM_PERSON,29,PS_WANDER,194,TA_NORTHWEST,0,1,PU_CIVILIAN,22528,0,0,0,0,0,0,0,0,0,0,0,0,0,0,0,0,0,8,0,0,128,50,178,50,128,110,238,110,128,110,238,110,93,19,32,32,29,PS_WANDER,0,PS_NONE,3,192,0
142,45840,13066,0,0,10412,11264,256,40,44,4100,TS_MAPWHO | TS_WANDER_AFTER_HIT,0,PA_NONE,1123,PB_WOMAN_REDHEAD,513,1133,0,0,1,TM_PERSON,29,PS_WANDER,64,TA_SOUTHEAST,0,1,PU_CIVILIAN,11264,0,0,0,0,0,0,0,0,0,0,0,0,0,0,0,0,0,0,0,0,128,50,178,50,128,110,238,110,128,110,238,110,92,19,32,32,29,PS_WANDER,0,PS_NONE,4,128,0
143,45932,13158,0,0,13262,11901,256,51,46,4100,TS_MAPWHO | TS_WANDER_AFTER_HIT,0,PA_NONE,1123,PB_WOMAN_REDHEAD,4782,1132,0,0,1,TM_PERSON,29,PS_WANDER,42,TA_SOUTH,0,1,PU_CIVILIAN,11276,0,0,0,0,0,0,0,0,0,0,0,0,0,0,0,0,0,0,0,0,128,50,178,50,128,110,238,110,128,110,238,110,91,19,32,32,29,PS_WANDER,0,PS_NONE,4,128,0
144,46024,13250,0,0,14088,17950,256,55,70,4100,TS_MAPWHO | TS_WANDER_AFTER_HIT,0,PA_NONE,1123,PB_WOMAN_REDHEAD,4777,1131,0,0,1,TM_PERSON,29,PS_WANDER,3,TA_SOUTHWEST,0,1,PU_CIVILIAN,17382,0,0,0,0,0,0,0,0,0,0,0,0,0,0,0,0,0,0,0,0,128,50,178,50,128,110,238,110,128,110,238,110,89,19,32,32,29,PS_WANDER,0,PS_NONE,4,192,0
145,46116,13342,0,0,14092,19682,256,55,76,4100,TS_MAPWHO | TS_WANDER_AFTER_HIT,0,PA_NONE,1123,PB_WOMAN_REDHEAD,519,1135,0,0,1,TM_PERSON,29,PS_WANDER,127,TA_NORTHEAST,0,1,PU_CIVILIAN,20214,0,0,0,0,0,0,0,0,0,0,0,0,0,0,0,0,0,0,0,0,128,50,178,50,128,110,238,110,128,110,238,110,88,19,32,32,29,PS_WANDER,0,PS_NONE,4,192,0
146,46208,13434,0,0,0,0,0,0,0,0,TS_NONE,0,PA_NONE,0,PB_NONE,0,0,0,0,0,TM_NONE,0,PS_NONE,0,TA_SOUTHWEST,0,0,PU_NONE,0,0,0,0,0,0,0,0,0,0,0,0,0,0,0,0,0,0,0,0,0,0,0,0,0,0,0,0,0,0,0,0,0,0,0,0,0,0,PS_NONE,0,PS_NONE,0,0,0
147,46300,13526,0,0,0,0,0,0,0,0,TS_NONE,0,PA_NONE,0,PB_NONE,0,0,0,0,0,TM_NONE,0,PS_NONE,0,TA_SOUTHWEST,0,0,PU_NONE,0,0,0,0,0,0,0,0,0,0,0,0,0,0,0,0,0,0,0,0,0,0,0,0,0,0,0,0,0,0,0,0,0,0,0,0,0,0,PS_NONE,0,PS_NONE,0,0,0
148,46392,13618,0,0,0,0,0,0,0,0,TS_NONE,0,PA_NONE,0,PB_NONE,0,0,0,0,0,TM_NONE,0,PS_NONE,0,TA_SOUTHWEST,0,0,PU_NONE,0,0,0,0,0,0,0,0,0,0,0,0,0,0,0,0,0,0,0,0,0,0,0,0,0,0,0,0,0,0,0,0,0,0,0,0,0,0,PS_NONE,0,PS_NONE,0,0,0
149,46484,13710,0,0,0,0,0,0,0,0,TS_NONE,0,PA_NONE,0,PB_NONE,0,0,0,0,0,TM_NONE,0,PS_NONE,0,TA_SOUTHWEST,0,0,PU_NONE,0,0,0,0,0,0,0,0,0,0,0,0,0,0,0,0,0,0,0,0,0,0,0,0,0,0,0,0,0,0,0,0,0,0,0,0,0,0,PS_NONE,0,PS_NONE,0,0,0
150,46576,13802,0,0,0,0,0,0,0,0,TS_NONE,0,PA_NONE,0,PB_NONE,0,0,0,0,0,TM_NONE,0,PS_NONE,0,TA_SOUTHWEST,0,0,PU_NONE,0,0,0,0,0,0,0,0,0,0,0,0,0,0,0,0,0,0,0,0,0,0,0,0,0,0,0,0,0,0,0,0,0,0,0,0,0,0,PS_NONE,0,PS_NONE,0,0,0
151,46668,13894,0,0,0,0,0,0,0,0,TS_NONE,0,PA_NONE,0,PB_NONE,0,0,0,0,0,TM_NONE,0,PS_NONE,0,TA_SOUTHWEST,0,0,PU_NONE,0,0,0,0,0,0,0,0,0,0,0,0,0,0,0,0,0,0,0,0,0,0,0,0,0,0,0,0,0,0,0,0,0,0,0,0,0,0,PS_NONE,0,PS_NONE,0,0,0
152,46760,13986,0,0,0,0,0,0,0,0,TS_NONE,0,PA_NONE,0,PB_NONE,0,0,0,0,0,TM_NONE,0,PS_NONE,0,TA_SOUTHWEST,0,0,PU_NONE,0,0,0,0,0,0,0,0,0,0,0,0,0,0,0,0,0,0,0,0,0,0,0,0,0,0,0,0,0,0,0,0,0,0,0,0,0,0,PS_NONE,0,PS_NONE,0,0,0
153,46852,14078,0,0,0,0,0,0,0,0,TS_NONE,0,PA_NONE,0,PB_NONE,0,0,0,0,0,TM_NONE,0,PS_NONE,0,TA_SOUTHWEST,0,0,PU_NONE,0,0,0,0,0,0,0,0,0,0,0,0,0,0,0,0,0,0,0,0,0,0,0,0,0,0,0,0,0,0,0,0,0,0,0,0,0,0,PS_NONE,0,PS_NONE,0,0,0
154,46944,14170,0,0,0,0,0,0,0,0,TS_NONE,0,PA_NONE,0,PB_NONE,0,0,0,0,0,TM_NONE,0,PS_NONE,0,TA_SOUTHWEST,0,0,PU_NONE,0,0,0,0,0,0,0,0,0,0,0,0,0,0,0,0,0,0,0,0,0,0,0,0,0,0,0,0,0,0,0,0,0,0,0,0,0,0,PS_NONE,0,PS_NONE,0,0,0
155,47036,14262,0,0,0,0,0,0,0,0,TS_NONE,0,PA_NONE,0,PB_NONE,0,0,0,0,0,TM_NONE,0,PS_NONE,0,TA_SOUTHWEST,0,0,PU_NONE,0,0,0,0,0,0,0,0,0,0,0,0,0,0,0,0,0,0,0,0,0,0,0,0,0,0,0,0,0,0,0,0,0,0,0,0,0,0,PS_NONE,0,PS_NONE,0,0,0
156,47128,14354,0,0,0,0,0,0,0,0,TS_NONE,0,PA_NONE,0,PB_NONE,0,0,0,0,0,TM_NONE,0,PS_NONE,0,TA_SOUTHWEST,0,0,PU_NONE,0,0,0,0,0,0,0,0,0,0,0,0,0,0,0,0,0,0,0,0,0,0,0,0,0,0,0,0,0,0,0,0,0,0,0,0,0,0,PS_NONE,0,PS_NONE,0,0,0
157,47220,14446,0,0,0,0,0,0,0,0,TS_NONE,0,PA_NONE,0,PB_NONE,0,0,0,0,0,TM_NONE,0,PS_NONE,0,TA_SOUTHWEST,0,0,PU_NONE,0,0,0,0,0,0,0,0,0,0,0,0,0,0,0,0,0,0,0,0,0,0,0,0,0,0,0,0,0,0,0,0,0,0,0,0,0,0,PS_NONE,0,PS_NONE,0,0,0
158,47312,14538,0,0,0,0,0,0,0,0,TS_NONE,0,PA_NONE,0,PB_NONE,0,0,0,0,0,TM_NONE,0,PS_NONE,0,TA_SOUTHWEST,0,0,PU_NONE,0,0,0,0,0,0,0,0,0,0,0,0,0,0,0,0,0,0,0,0,0,0,0,0,0,0,0,0,0,0,0,0,0,0,0,0,0,0,PS_NONE,0,PS_NONE,0,0,0
159,47404,14630,0,0,0,0,0,0,0,0,TS_NONE,0,PA_NONE,0,PB_NONE,0,0,0,0,0,TM_NONE,0,PS_NONE,0,TA_SOUTHWEST,0,0,PU_NONE,0,0,0,0,0,0,0,0,0,0,0,0,0,0,0,0,0,0,0,0,0,0,0,0,0,0,0,0,0,0,0,0,0,0,0,0,0,0,PS_NONE,0,PS_NONE,0,0,0
160,47496,14722,0,0,0,0,0,0,0,0,TS_NONE,0,PA_NONE,0,PB_NONE,0,0,0,0,0,TM_NONE,0,PS_NONE,0,TA_SOUTHWEST,0,0,PU_NONE,0,0,0,0,0,0,0,0,0,0,0,0,0,0,0,0,0,0,0,0,0,0,0,0,0,0,0,0,0,0,0,0,0,0,0,0,0,0,PS_NONE,0,PS_NONE,0,0,0
161,47588,14814,0,0,0,0,0,0,0,0,TS_NONE,0,PA_NONE,0,PB_NONE,0,0,0,0,0,TM_NONE,0,PS_NONE,0,TA_SOUTHWEST,0,0,PU_NONE,0,0,0,0,0,0,0,0,0,0,0,0,0,0,0,0,0,0,0,0,0,0,0,0,0,0,0,0,0,0,0,0,0,0,0,0,0,0,PS_NONE,0,PS_NONE,0,0,0
162,47680,14906,0,0,0,0,0,0,0,0,TS_NONE,0,PA_NONE,0,PB_NONE,0,0,0,0,0,TM_NONE,0,PS_NONE,0,TA_SOUTHWEST,0,0,PU_NONE,0,0,0,0,0,0,0,0,0,0,0,0,0,0,0,0,0,0,0,0,0,0,0,0,0,0,0,0,0,0,0,0,0,0,0,0,0,0,PS_NONE,0,PS_NONE,0,0,0
163,47772,14998,0,0,0,0,0,0,0,0,TS_NONE,0,PA_NONE,0,PB_NONE,0,0,0,0,0,TM_NONE,0,PS_NONE,0,TA_SOUTHWEST,0,0,PU_NONE,0,0,0,0,0,0,0,0,0,0,0,0,0,0,0,0,0,0,0,0,0,0,0,0,0,0,0,0,0,0,0,0,0,0,0,0,0,0,PS_NONE,0,PS_NONE,0,0,0
164,47864,15090,0,0,0,0,0,0,0,0,TS_NONE,0,PA_NONE,0,PB_NONE,0,0,0,0,0,TM_NONE,0,PS_NONE,0,TA_SOUTHWEST,0,0,PU_NONE,0,0,0,0,0,0,0,0,0,0,0,0,0,0,0,0,0,0,0,0,0,0,0,0,0,0,0,0,0,0,0,0,0,0,0,0,0,0,PS_NONE,0,PS_NONE,0,0,0
165,47956,15182,0,0,0,0,0,0,0,0,TS_NONE,0,PA_NONE,0,PB_NONE,0,0,0,0,0,TM_NONE,0,PS_NONE,0,TA_SOUTHWEST,0,0,PU_NONE,0,0,0,0,0,0,0,0,0,0,0,0,0,0,0,0,0,0,0,0,0,0,0,0,0,0,0,0,0,0,0,0,0,0,0,0,0,0,PS_NONE,0,PS_NONE,0,0,0
166,48048,15274,0,0,0,0,0,0,0,0,TS_NONE,0,PA_NONE,0,PB_NONE,0,0,0,0,0,TM_NONE,0,PS_NONE,0,TA_SOUTHWEST,0,0,PU_NONE,0,0,0,0,0,0,0,0,0,0,0,0,0,0,0,0,0,0,0,0,0,0,0,0,0,0,0,0,0,0,0,0,0,0,0,0,0,0,PS_NONE,0,PS_NONE,0,0,0
167,48140,15366,0,0,0,0,0,0,0,0,TS_NONE,0,PA_NONE,0,PB_NONE,0,0,0,0,0,TM_NONE,0,PS_NONE,0,TA_SOUTHWEST,0,0,PU_NONE,0,0,0,0,0,0,0,0,0,0,0,0,0,0,0,0,0,0,0,0,0,0,0,0,0,0,0,0,0,0,0,0,0,0,0,0,0,0,PS_NONE,0,PS_NONE,0,0,0
168,48232,15458,0,0,0,0,0,0,0,0,TS_NONE,0,PA_NONE,0,PB_NONE,0,0,0,0,0,TM_NONE,0,PS_NONE,0,TA_SOUTHWEST,0,0,PU_NONE,0,0,0,0,0,0,0,0,0,0,0,0,0,0,0,0,0,0,0,0,0,0,0,0,0,0,0,0,0,0,0,0,0,0,0,0,0,0,PS_NONE,0,PS_NONE,0,0,0
169,48324,15550,0,0,0,0,0,0,0,0,TS_NONE,0,PA_NONE,0,PB_NONE,0,0,0,0,0,TM_NONE,0,PS_NONE,0,TA_SOUTHWEST,0,0,PU_NONE,0,0,0,0,0,0,0,0,0,0,0,0,0,0,0,0,0,0,0,0,0,0,0,0,0,0,0,0,0,0,0,0,0,0,0,0,0,0,PS_NONE,0,PS_NONE,0,0,0
170,48416,15642,0,0,0,0,0,0,0,0,TS_NONE,0,PA_NONE,0,PB_NONE,0,0,0,0,0,TM_NONE,0,PS_NONE,0,TA_SOUTHWEST,0,0,PU_NONE,0,0,0,0,0,0,0,0,0,0,0,0,0,0,0,0,0,0,0,0,0,0,0,0,0,0,0,0,0,0,0,0,0,0,0,0,0,0,PS_NONE,0,PS_NONE,0,0,0
171,48508,15734,0,0,0,0,0,0,0,0,TS_NONE,0,PA_NONE,0,PB_NONE,0,0,0,0,0,TM_NONE,0,PS_NONE,0,TA_SOUTHWEST,0,0,PU_NONE,0,0,0,0,0,0,0,0,0,0,0,0,0,0,0,0,0,0,0,0,0,0,0,0,0,0,0,0,0,0,0,0,0,0,0,0,0,0,PS_NONE,0,PS_NONE,0,0,0
172,48600,15826,0,0,0,0,0,0,0,0,TS_NONE,0,PA_NONE,0,PB_NONE,0,0,0,0,0,TM_NONE,0,PS_NONE,0,TA_SOUTHWEST,0,0,PU_NONE,0,0,0,0,0,0,0,0,0,0,0,0,0,0,0,0,0,0,0,0,0,0,0,0,0,0,0,0,0,0,0,0,0,0,0,0,0,0,PS_NONE,0,PS_NONE,0,0,0
173,48692,15918,0,0,0,0,0,0,0,0,TS_NONE,0,PA_NONE,0,PB_NONE,0,0,0,0,0,TM_NONE,0,PS_NONE,0,TA_SOUTHWEST,0,0,PU_NONE,0,0,0,0,0,0,0,0,0,0,0,0,0,0,0,0,0,0,0,0,0,0,0,0,0,0,0,0,0,0,0,0,0,0,0,0,0,0,PS_NONE,0,PS_NONE,0,0,0
174,48784,16010,0,0,0,0,0,0,0,0,TS_NONE,0,PA_NONE,0,PB_NONE,0,0,0,0,0,TM_NONE,0,PS_NONE,0,TA_SOUTHWEST,0,0,PU_NONE,0,0,0,0,0,0,0,0,0,0,0,0,0,0,0,0,0,0,0,0,0,0,0,0,0,0,0,0,0,0,0,0,0,0,0,0,0,0,PS_NONE,0,PS_NONE,0,0,0
175,48876,16102,0,0,0,0,0,0,0,0,TS_NONE,0,PA_NONE,0,PB_NONE,0,0,0,0,0,TM_NONE,0,PS_NONE,0,TA_SOUTHWEST,0,0,PU_NONE,0,0,0,0,0,0,0,0,0,0,0,0,0,0,0,0,0,0,0,0,0,0,0,0,0,0,0,0,0,0,0,0,0,0,0,0,0,0,PS_NONE,0,PS_NONE,0,0,0
176,48968,16194,0,0,0,0,0,0,0,0,TS_NONE,0,PA_NONE,0,PB_NONE,0,0,0,0,0,TM_NONE,0,PS_NONE,0,TA_SOUTHWEST,0,0,PU_NONE,0,0,0,0,0,0,0,0,0,0,0,0,0,0,0,0,0,0,0,0,0,0,0,0,0,0,0,0,0,0,0,0,0,0,0,0,0,0,PS_NONE,0,PS_NONE,0,0,0
177,49060,16286,0,0,0,0,0,0,0,0,TS_NONE,0,PA_NONE,0,PB_NONE,0,0,0,0,0,TM_NONE,0,PS_NONE,0,TA_SOUTHWEST,0,0,PU_NONE,0,0,0,0,0,0,0,0,0,0,0,0,0,0,0,0,0,0,0,0,0,0,0,0,0,0,0,0,0,0,0,0,0,0,0,0,0,0,PS_NONE,0,PS_NONE,0,0,0
178,49152,16378,0,0,0,0,0,0,0,0,TS_NONE,0,PA_NONE,0,PB_NONE,0,0,0,0,0,TM_NONE,0,PS_NONE,0,TA_SOUTHWEST,0,0,PU_NONE,0,0,0,0,0,0,0,0,0,0,0,0,0,0,0,0,0,0,0,0,0,0,0,0,0,0,0,0,0,0,0,0,0,0,0,0,0,0,PS_NONE,0,PS_NONE,0,0,0
179,49244,16470,0,0,0,0,0,0,0,0,TS_NONE,0,PA_NONE,0,PB_NONE,0,0,0,0,0,TM_NONE,0,PS_NONE,0,TA_SOUTHWEST,0,0,PU_NONE,0,0,0,0,0,0,0,0,0,0,0,0,0,0,0,0,0,0,0,0,0,0,0,0,0,0,0,0,0,0,0,0,0,0,0,0,0,0,PS_NONE,0,PS_NONE,0,0,0
180,49336,16562,0,0,0,0,0,0,0,0,TS_NONE,0,PA_NONE,0,PB_NONE,0,0,0,0,0,TM_NONE,0,PS_NONE,0,TA_SOUTHWEST,0,0,PU_NONE,0,0,0,0,0,0,0,0,0,0,0,0,0,0,0,0,0,0,0,0,0,0,0,0,0,0,0,0,0,0,0,0,0,0,0,0,0,0,PS_NONE,0,PS_NONE,0,0,0
181,49428,16654,0,0,0,0,0,0,0,0,TS_NONE,0,PA_NONE,0,PB_NONE,0,0,0,0,0,TM_NONE,0,PS_NONE,0,TA_SOUTHWEST,0,0,PU_NONE,0,0,0,0,0,0,0,0,0,0,0,0,0,0,0,0,0,0,0,0,0,0,0,0,0,0,0,0,0,0,0,0,0,0,0,0,0,0,PS_NONE,0,PS_NONE,0,0,0
182,49520,16746,0,0,0,0,0,0,0,0,TS_NONE,0,PA_NONE,0,PB_NONE,0,0,0,0,0,TM_NONE,0,PS_NONE,0,TA_SOUTHWEST,0,0,PU_NONE,0,0,0,0,0,0,0,0,0,0,0,0,0,0,0,0,0,0,0,0,0,0,0,0,0,0,0,0,0,0,0,0,0,0,0,0,0,0,PS_NONE,0,PS_NONE,0,0,0
183,49612,16838,0,0,0,0,0,0,0,0,TS_NONE,0,PA_NONE,0,PB_NONE,0,0,0,0,0,TM_NONE,0,PS_NONE,0,TA_SOUTHWEST,0,0,PU_NONE,0,0,0,0,0,0,0,0,0,0,0,0,0,0,0,0,0,0,0,0,0,0,0,0,0,0,0,0,0,0,0,0,0,0,0,0,0,0,PS_NONE,0,PS_NONE,0,0,0
184,49704,16930,0,0,0,0,0,0,0,0,TS_NONE,0,PA_NONE,0,PB_NONE,0,0,0,0,0,TM_NONE,0,PS_NONE,0,TA_SOUTHWEST,0,0,PU_NONE,0,0,0,0,0,0,0,0,0,0,0,0,0,0,0,0,0,0,0,0,0,0,0,0,0,0,0,0,0,0,0,0,0,0,0,0,0,0,PS_NONE,0,PS_NONE,0,0,0
185,49796,17022,0,0,0,0,0,0,0,0,TS_NONE,0,PA_NONE,0,PB_NONE,0,0,0,0,0,TM_NONE,0,PS_NONE,0,TA_SOUTHWEST,0,0,PU_NONE,0,0,0,0,0,0,0,0,0,0,0,0,0,0,0,0,0,0,0,0,0,0,0,0,0,0,0,0,0,0,0,0,0,0,0,0,0,0,PS_NONE,0,PS_NONE,0,0,0
186,49888,17114,0,0,0,0,0,0,0,0,TS_NONE,0,PA_NONE,0,PB_NONE,0,0,0,0,0,TM_NONE,0,PS_NONE,0,TA_SOUTHWEST,0,0,PU_NONE,0,0,0,0,0,0,0,0,0,0,0,0,0,0,0,0,0,0,0,0,0,0,0,0,0,0,0,0,0,0,0,0,0,0,0,0,0,0,PS_NONE,0,PS_NONE,0,0,0
187,49980,17206,0,0,0,0,0,0,0,0,TS_NONE,0,PA_NONE,0,PB_NONE,0,0,0,0,0,TM_NONE,0,PS_NONE,0,TA_SOUTHWEST,0,0,PU_NONE,0,0,0,0,0,0,0,0,0,0,0,0,0,0,0,0,0,0,0,0,0,0,0,0,0,0,0,0,0,0,0,0,0,0,0,0,0,0,PS_NONE,0,PS_NONE,0,0,0
188,50072,17298,0,0,0,0,0,0,0,0,TS_NONE,0,PA_NONE,0,PB_NONE,0,0,0,0,0,TM_NONE,0,PS_NONE,0,TA_SOUTHWEST,0,0,PU_NONE,0,0,0,0,0,0,0,0,0,0,0,0,0,0,0,0,0,0,0,0,0,0,0,0,0,0,0,0,0,0,0,0,0,0,0,0,0,0,PS_NONE,0,PS_NONE,0,0,0
189,50164,17390,0,0,0,0,0,0,0,0,TS_NONE,0,PA_NONE,0,PB_NONE,0,0,0,0,0,TM_NONE,0,PS_NONE,0,TA_SOUTHWEST,0,0,PU_NONE,0,0,0,0,0,0,0,0,0,0,0,0,0,0,0,0,0,0,0,0,0,0,0,0,0,0,0,0,0,0,0,0,0,0,0,0,0,0,PS_NONE,0,PS_NONE,0,0,0
190,50256,17482,0,0,0,0,0,0,0,0,TS_NONE,0,PA_NONE,0,PB_NONE,0,0,0,0,0,TM_NONE,0,PS_NONE,0,TA_SOUTHWEST,0,0,PU_NONE,0,0,0,0,0,0,0,0,0,0,0,0,0,0,0,0,0,0,0,0,0,0,0,0,0,0,0,0,0,0,0,0,0,0,0,0,0,0,PS_NONE,0,PS_NONE,0,0,0
191,50348,17574,0,0,0,0,0,0,0,0,TS_NONE,0,PA_NONE,0,PB_NONE,0,0,0,0,0,TM_NONE,0,PS_NONE,0,TA_SOUTHWEST,0,0,PU_NONE,0,0,0,0,0,0,0,0,0,0,0,0,0,0,0,0,0,0,0,0,0,0,0,0,0,0,0,0,0,0,0,0,0,0,0,0,0,0,PS_NONE,0,PS_NONE,0,0,0
192,50440,17666,0,0,0,0,0,0,0,0,TS_NONE,0,PA_NONE,0,PB_NONE,0,0,0,0,0,TM_NONE,0,PS_NONE,0,TA_SOUTHWEST,0,0,PU_NONE,0,0,0,0,0,0,0,0,0,0,0,0,0,0,0,0,0,0,0,0,0,0,0,0,0,0,0,0,0,0,0,0,0,0,0,0,0,0,PS_NONE,0,PS_NONE,0,0,0
193,50532,17758,0,0,0,0,0,0,0,0,TS_NONE,0,PA_NONE,0,PB_NONE,0,0,0,0,0,TM_NONE,0,PS_NONE,0,TA_SOUTHWEST,0,0,PU_NONE,0,0,0,0,0,0,0,0,0,0,0,0,0,0,0,0,0,0,0,0,0,0,0,0,0,0,0,0,0,0,0,0,0,0,0,0,0,0,PS_NONE,0,PS_NONE,0,0,0
194,50624,17850,0,0,0,0,0,0,0,0,TS_NONE,0,PA_NONE,0,PB_NONE,0,0,0,0,0,TM_NONE,0,PS_NONE,0,TA_SOUTHWEST,0,0,PU_NONE,0,0,0,0,0,0,0,0,0,0,0,0,0,0,0,0,0,0,0,0,0,0,0,0,0,0,0,0,0,0,0,0,0,0,0,0,0,0,PS_NONE,0,PS_NONE,0,0,0
195,50716,17942,0,0,0,0,0,0,0,0,TS_NONE,0,PA_NONE,0,PB_NONE,0,0,0,0,0,TM_NONE,0,PS_NONE,0,TA_SOUTHWEST,0,0,PU_NONE,0,0,0,0,0,0,0,0,0,0,0,0,0,0,0,0,0,0,0,0,0,0,0,0,0,0,0,0,0,0,0,0,0,0,0,0,0,0,PS_NONE,0,PS_NONE,0,0,0
196,50808,18034,0,0,0,0,0,0,0,0,TS_NONE,0,PA_NONE,0,PB_NONE,0,0,0,0,0,TM_NONE,0,PS_NONE,0,TA_SOUTHWEST,0,0,PU_NONE,0,0,0,0,0,0,0,0,0,0,0,0,0,0,0,0,0,0,0,0,0,0,0,0,0,0,0,0,0,0,0,0,0,0,0,0,0,0,PS_NONE,0,PS_NONE,0,0,0
197,50900,18126,0,0,0,0,0,0,0,0,TS_NONE,0,PA_NONE,0,PB_NONE,0,0,0,0,0,TM_NONE,0,PS_NONE,0,TA_SOUTHWEST,0,0,PU_NONE,0,0,0,0,0,0,0,0,0,0,0,0,0,0,0,0,0,0,0,0,0,0,0,0,0,0,0,0,0,0,0,0,0,0,0,0,0,0,PS_NONE,0,PS_NONE,0,0,0
198,50992,18218,0,0,0,0,0,0,0,0,TS_NONE,0,PA_NONE,0,PB_NONE,0,0,0,0,0,TM_NONE,0,PS_NONE,0,TA_SOUTHWEST,0,0,PU_NONE,0,0,0,0,0,0,0,0,0,0,0,0,0,0,0,0,0,0,0,0,0,0,0,0,0,0,0,0,0,0,0,0,0,0,0,0,0,0,PS_NONE,0,PS_NONE,0,0,0
199,51084,18310,0,0,0,0,0,0,0,0,TS_NONE,0,PA_NONE,0,PB_NONE,0,0,0,0,0,TM_NONE,0,PS_NONE,0,TA_SOUTHWEST,0,0,PU_NONE,0,0,0,0,0,0,0,0,0,0,0,0,0,0,0,0,0,0,0,0,0,0,0,0,0,0,0,0,0,0,0,0,0,0,0,0,0,0,PS_NONE,0,PS_NONE,0,0,0
200,51176,18402,0,0,0,0,0,0,0,0,TS_NONE,0,PA_NONE,0,PB_NONE,0,0,0,0,0,TM_NONE,0,PS_NONE,0,TA_SOUTHWEST,0,0,PU_NONE,0,0,0,0,0,0,0,0,0,0,0,0,0,0,0,0,0,0,0,0,0,0,0,0,0,0,0,0,0,0,0,0,0,0,0,0,0,0,PS_NONE,0,PS_NONE,0,0,0
201,51268,18494,0,0,0,0,0,0,0,0,TS_NONE,0,PA_NONE,0,PB_NONE,0,0,0,0,0,TM_NONE,0,PS_NONE,0,TA_SOUTHWEST,0,0,PU_NONE,0,0,0,0,0,0,0,0,0,0,0,0,0,0,0,0,0,0,0,0,0,0,0,0,0,0,0,0,0,0,0,0,0,0,0,0,0,0,PS_NONE,0,PS_NONE,0,0,0
202,51360,18586,0,0,0,0,0,0,0,0,TS_NONE,0,PA_NONE,0,PB_NONE,0,0,0,0,0,TM_NONE,0,PS_NONE,0,TA_SOUTHWEST,0,0,PU_NONE,0,0,0,0,0,0,0,0,0,0,0,0,0,0,0,0,0,0,0,0,0,0,0,0,0,0,0,0,0,0,0,0,0,0,0,0,0,0,PS_NONE,0,PS_NONE,0,0,0
203,51452,18678,0,0,0,0,0,0,0,0,TS_NONE,0,PA_NONE,0,PB_NONE,0,0,0,0,0,TM_NONE,0,PS_NONE,0,TA_SOUTHWEST,0,0,PU_NONE,0,0,0,0,0,0,0,0,0,0,0,0,0,0,0,0,0,0,0,0,0,0,0,0,0,0,0,0,0,0,0,0,0,0,0,0,0,0,PS_NONE,0,PS_NONE,0,0,0
204,51544,18770,0,0,0,0,0,0,0,0,TS_NONE,0,PA_NONE,0,PB_NONE,0,0,0,0,0,TM_NONE,0,PS_NONE,0,TA_SOUTHWEST,0,0,PU_NONE,0,0,0,0,0,0,0,0,0,0,0,0,0,0,0,0,0,0,0,0,0,0,0,0,0,0,0,0,0,0,0,0,0,0,0,0,0,0,PS_NONE,0,PS_NONE,0,0,0
205,51636,18862,0,0,0,0,0,0,0,0,TS_NONE,0,PA_NONE,0,PB_NONE,0,0,0,0,0,TM_NONE,0,PS_NONE,0,TA_SOUTHWEST,0,0,PU_NONE,0,0,0,0,0,0,0,0,0,0,0,0,0,0,0,0,0,0,0,0,0,0,0,0,0,0,0,0,0,0,0,0,0,0,0,0,0,0,PS_NONE,0,PS_NONE,0,0,0
206,51728,18954,0,0,0,0,0,0,0,0,TS_NONE,0,PA_NONE,0,PB_NONE,0,0,0,0,0,TM_NONE,0,PS_NONE,0,TA_SOUTHWEST,0,0,PU_NONE,0,0,0,0,0,0,0,0,0,0,0,0,0,0,0,0,0,0,0,0,0,0,0,0,0,0,0,0,0,0,0,0,0,0,0,0,0,0,PS_NONE,0,PS_NONE,0,0,0
207,51820,19046,0,0,0,0,0,0,0,0,TS_NONE,0,PA_NONE,0,PB_NONE,0,0,0,0,0,TM_NONE,0,PS_NONE,0,TA_SOUTHWEST,0,0,PU_NONE,0,0,0,0,0,0,0,0,0,0,0,0,0,0,0,0,0,0,0,0,0,0,0,0,0,0,0,0,0,0,0,0,0,0,0,0,0,0,PS_NONE,0,PS_NONE,0,0,0
208,51912,19138,0,0,0,0,0,0,0,0,TS_NONE,0,PA_NONE,0,PB_NONE,0,0,0,0,0,TM_NONE,0,PS_NONE,0,TA_SOUTHWEST,0,0,PU_NONE,0,0,0,0,0,0,0,0,0,0,0,0,0,0,0,0,0,0,0,0,0,0,0,0,0,0,0,0,0,0,0,0,0,0,0,0,0,0,PS_NONE,0,PS_NONE,0,0,0
209,52004,19230,0,0,0,0,0,0,0,0,TS_NONE,0,PA_NONE,0,PB_NONE,0,0,0,0,0,TM_NONE,0,PS_NONE,0,TA_SOUTHWEST,0,0,PU_NONE,0,0,0,0,0,0,0,0,0,0,0,0,0,0,0,0,0,0,0,0,0,0,0,0,0,0,0,0,0,0,0,0,0,0,0,0,0,0,PS_NONE,0,PS_NONE,0,0,0
210,52096,19322,0,0,0,0,0,0,0,0,TS_NONE,0,PA_NONE,0,PB_NONE,0,0,0,0,0,TM_NONE,0,PS_NONE,0,TA_SOUTHWEST,0,0,PU_NONE,0,0,0,0,0,0,0,0,0,0,0,0,0,0,0,0,0,0,0,0,0,0,0,0,0,0,0,0,0,0,0,0,0,0,0,0,0,0,PS_NONE,0,PS_NONE,0,0,0
211,52188,19414,0,0,0,0,0,0,0,0,TS_NONE,0,PA_NONE,0,PB_NONE,0,0,0,0,0,TM_NONE,0,PS_NONE,0,TA_SOUTHWEST,0,0,PU_NONE,0,0,0,0,0,0,0,0,0,0,0,0,0,0,0,0,0,0,0,0,0,0,0,0,0,0,0,0,0,0,0,0,0,0,0,0,0,0,PS_NONE,0,PS_NONE,0,0,0
212,52280,19506,0,0,0,0,0,0,0,0,TS_NONE,0,PA_NONE,0,PB_NONE,0,0,0,0,0,TM_NONE,0,PS_NONE,0,TA_SOUTHWEST,0,0,PU_NONE,0,0,0,0,0,0,0,0,0,0,0,0,0,0,0,0,0,0,0,0,0,0,0,0,0,0,0,0,0,0,0,0,0,0,0,0,0,0,PS_NONE,0,PS_NONE,0,0,0
213,52372,19598,0,0,0,0,0,0,0,0,TS_NONE,0,PA_NONE,0,PB_NONE,0,0,0,0,0,TM_NONE,0,PS_NONE,0,TA_SOUTHWEST,0,0,PU_NONE,0,0,0,0,0,0,0,0,0,0,0,0,0,0,0,0,0,0,0,0,0,0,0,0,0,0,0,0,0,0,0,0,0,0,0,0,0,0,PS_NONE,0,PS_NONE,0,0,0
214,52464,19690,0,0,0,0,0,0,0,0,TS_NONE,0,PA_NONE,0,PB_NONE,0,0,0,0,0,TM_NONE,0,PS_NONE,0,TA_SOUTHWEST,0,0,PU_NONE,0,0,0,0,0,0,0,0,0,0,0,0,0,0,0,0,0,0,0,0,0,0,0,0,0,0,0,0,0,0,0,0,0,0,0,0,0,0,PS_NONE,0,PS_NONE,0,0,0
215,52556,19782,0,0,0,0,0,0,0,0,TS_NONE,0,PA_NONE,0,PB_NONE,0,0,0,0,0,TM_NONE,0,PS_NONE,0,TA_SOUTHWEST,0,0,PU_NONE,0,0,0,0,0,0,0,0,0,0,0,0,0,0,0,0,0,0,0,0,0,0,0,0,0,0,0,0,0,0,0,0,0,0,0,0,0,0,PS_NONE,0,PS_NONE,0,0,0
216,52648,19874,0,0,0,0,0,0,0,0,TS_NONE,0,PA_NONE,0,PB_NONE,0,0,0,0,0,TM_NONE,0,PS_NONE,0,TA_SOUTHWEST,0,0,PU_NONE,0,0,0,0,0,0,0,0,0,0,0,0,0,0,0,0,0,0,0,0,0,0,0,0,0,0,0,0,0,0,0,0,0,0,0,0,0,0,PS_NONE,0,PS_NONE,0,0,0
217,52740,19966,0,0,0,0,0,0,0,0,TS_NONE,0,PA_NONE,0,PB_NONE,0,0,0,0,0,TM_NONE,0,PS_NONE,0,TA_SOUTHWEST,0,0,PU_NONE,0,0,0,0,0,0,0,0,0,0,0,0,0,0,0,0,0,0,0,0,0,0,0,0,0,0,0,0,0,0,0,0,0,0,0,0,0,0,PS_NONE,0,PS_NONE,0,0,0
218,52832,20058,0,0,0,0,0,0,0,0,TS_NONE,0,PA_NONE,0,PB_NONE,0,0,0,0,0,TM_NONE,0,PS_NONE,0,TA_SOUTHWEST,0,0,PU_NONE,0,0,0,0,0,0,0,0,0,0,0,0,0,0,0,0,0,0,0,0,0,0,0,0,0,0,0,0,0,0,0,0,0,0,0,0,0,0,PS_NONE,0,PS_NONE,0,0,0
219,52924,20150,0,0,0,0,0,0,0,0,TS_NONE,0,PA_NONE,0,PB_NONE,0,0,0,0,0,TM_NONE,0,PS_NONE,0,TA_SOUTHWEST,0,0,PU_NONE,0,0,0,0,0,0,0,0,0,0,0,0,0,0,0,0,0,0,0,0,0,0,0,0,0,0,0,0,0,0,0,0,0,0,0,0,0,0,PS_NONE,0,PS_NONE,0,0,0
220,53016,20242,0,0,0,0,0,0,0,0,TS_NONE,0,PA_NONE,0,PB_NONE,0,0,0,0,0,TM_NONE,0,PS_NONE,0,TA_SOUTHWEST,0,0,PU_NONE,0,0,0,0,0,0,0,0,0,0,0,0,0,0,0,0,0,0,0,0,0,0,0,0,0,0,0,0,0,0,0,0,0,0,0,0,0,0,PS_NONE,0,PS_NONE,0,0,0
221,53108,20334,0,0,0,0,0,0,0,0,TS_NONE,0,PA_NONE,0,PB_NONE,0,0,0,0,0,TM_NONE,0,PS_NONE,0,TA_SOUTHWEST,0,0,PU_NONE,0,0,0,0,0,0,0,0,0,0,0,0,0,0,0,0,0,0,0,0,0,0,0,0,0,0,0,0,0,0,0,0,0,0,0,0,0,0,PS_NONE,0,PS_NONE,0,0,0
222,53200,20426,0,0,0,0,0,0,0,0,TS_NONE,0,PA_NONE,0,PB_NONE,0,0,0,0,0,TM_NONE,0,PS_NONE,0,TA_SOUTHWEST,0,0,PU_NONE,0,0,0,0,0,0,0,0,0,0,0,0,0,0,0,0,0,0,0,0,0,0,0,0,0,0,0,0,0,0,0,0,0,0,0,0,0,0,PS_NONE,0,PS_NONE,0,0,0
223,53292,20518,0,0,0,0,0,0,0,0,TS_NONE,0,PA_NONE,0,PB_NONE,0,0,0,0,0,TM_NONE,0,PS_NONE,0,TA_SOUTHWEST,0,0,PU_NONE,0,0,0,0,0,0,0,0,0,0,0,0,0,0,0,0,0,0,0,0,0,0,0,0,0,0,0,0,0,0,0,0,0,0,0,0,0,0,PS_NONE,0,PS_NONE,0,0,0
224,53384,20610,0,0,0,0,0,0,0,0,TS_NONE,0,PA_NONE,0,PB_NONE,0,0,0,0,0,TM_NONE,0,PS_NONE,0,TA_SOUTHWEST,0,0,PU_NONE,0,0,0,0,0,0,0,0,0,0,0,0,0,0,0,0,0,0,0,0,0,0,0,0,0,0,0,0,0,0,0,0,0,0,0,0,0,0,PS_NONE,0,PS_NONE,0,0,0
225,53476,20702,0,0,0,0,0,0,0,0,TS_NONE,0,PA_NONE,0,PB_NONE,0,0,0,0,0,TM_NONE,0,PS_NONE,0,TA_SOUTHWEST,0,0,PU_NONE,0,0,0,0,0,0,0,0,0,0,0,0,0,0,0,0,0,0,0,0,0,0,0,0,0,0,0,0,0,0,0,0,0,0,0,0,0,0,PS_NONE,0,PS_NONE,0,0,0
226,53568,20794,0,0,0,0,0,0,0,0,TS_NONE,0,PA_NONE,0,PB_NONE,0,0,0,0,0,TM_NONE,0,PS_NONE,0,TA_SOUTHWEST,0,0,PU_NONE,0,0,0,0,0,0,0,0,0,0,0,0,0,0,0,0,0,0,0,0,0,0,0,0,0,0,0,0,0,0,0,0,0,0,0,0,0,0,PS_NONE,0,PS_NONE,0,0,0
227,53660,20886,0,0,0,0,0,0,0,0,TS_NONE,0,PA_NONE,0,PB_NONE,0,0,0,0,0,TM_NONE,0,PS_NONE,0,TA_SOUTHWEST,0,0,PU_NONE,0,0,0,0,0,0,0,0,0,0,0,0,0,0,0,0,0,0,0,0,0,0,0,0,0,0,0,0,0,0,0,0,0,0,0,0,0,0,PS_NONE,0,PS_NONE,0,0,0
228,53752,20978,0,0,0,0,0,0,0,0,TS_NONE,0,PA_NONE,0,PB_NONE,0,0,0,0,0,TM_NONE,0,PS_NONE,0,TA_SOUTHWEST,0,0,PU_NONE,0,0,0,0,0,0,0,0,0,0,0,0,0,0,0,0,0,0,0,0,0,0,0,0,0,0,0,0,0,0,0,0,0,0,0,0,0,0,PS_NONE,0,PS_NONE,0,0,0
229,53844,21070,0,0,0,0,0,0,0,0,TS_NONE,0,PA_NONE,0,PB_NONE,0,0,0,0,0,TM_NONE,0,PS_NONE,0,TA_SOUTHWEST,0,0,PU_NONE,0,0,0,0,0,0,0,0,0,0,0,0,0,0,0,0,0,0,0,0,0,0,0,0,0,0,0,0,0,0,0,0,0,0,0,0,0,0,PS_NONE,0,PS_NONE,0,0,0
230,53936,21162,0,0,0,0,0,0,0,0,TS_NONE,0,PA_NONE,0,PB_NONE,0,0,0,0,0,TM_NONE,0,PS_NONE,0,TA_SOUTHWEST,0,0,PU_NONE,0,0,0,0,0,0,0,0,0,0,0,0,0,0,0,0,0,0,0,0,0,0,0,0,0,0,0,0,0,0,0,0,0,0,0,0,0,0,PS_NONE,0,PS_NONE,0,0,0
231,54028,21254,0,0,0,0,0,0,0,0,TS_NONE,0,PA_NONE,0,PB_NONE,0,0,0,0,0,TM_NONE,0,PS_NONE,0,TA_SOUTHWEST,0,0,PU_NONE,0,0,0,0,0,0,0,0,0,0,0,0,0,0,0,0,0,0,0,0,0,0,0,0,0,0,0,0,0,0,0,0,0,0,0,0,0,0,PS_NONE,0,PS_NONE,0,0,0
232,54120,21346,0,0,0,0,0,0,0,0,TS_NONE,0,PA_NONE,0,PB_NONE,0,0,0,0,0,TM_NONE,0,PS_NONE,0,TA_SOUTHWEST,0,0,PU_NONE,0,0,0,0,0,0,0,0,0,0,0,0,0,0,0,0,0,0,0,0,0,0,0,0,0,0,0,0,0,0,0,0,0,0,0,0,0,0,PS_NONE,0,PS_NONE,0,0,0
233,54212,21438,0,0,0,0,0,0,0,0,TS_NONE,0,PA_NONE,0,PB_NONE,0,0,0,0,0,TM_NONE,0,PS_NONE,0,TA_SOUTHWEST,0,0,PU_NONE,0,0,0,0,0,0,0,0,0,0,0,0,0,0,0,0,0,0,0,0,0,0,0,0,0,0,0,0,0,0,0,0,0,0,0,0,0,0,PS_NONE,0,PS_NONE,0,0,0
234,54304,21530,0,0,0,0,0,0,0,0,TS_NONE,0,PA_NONE,0,PB_NONE,0,0,0,0,0,TM_NONE,0,PS_NONE,0,TA_SOUTHWEST,0,0,PU_NONE,0,0,0,0,0,0,0,0,0,0,0,0,0,0,0,0,0,0,0,0,0,0,0,0,0,0,0,0,0,0,0,0,0,0,0,0,0,0,PS_NONE,0,PS_NONE,0,0,0
235,54396,21622,0,0,0,0,0,0,0,0,TS_NONE,0,PA_NONE,0,PB_NONE,0,0,0,0,0,TM_NONE,0,PS_NONE,0,TA_SOUTHWEST,0,0,PU_NONE,0,0,0,0,0,0,0,0,0,0,0,0,0,0,0,0,0,0,0,0,0,0,0,0,0,0,0,0,0,0,0,0,0,0,0,0,0,0,PS_NONE,0,PS_NONE,0,0,0
236,54488,21714,0,0,0,0,0,0,0,0,TS_NONE,0,PA_NONE,0,PB_NONE,0,0,0,0,0,TM_NONE,0,PS_NONE,0,TA_SOUTHWEST,0,0,PU_NONE,0,0,0,0,0,0,0,0,0,0,0,0,0,0,0,0,0,0,0,0,0,0,0,0,0,0,0,0,0,0,0,0,0,0,0,0,0,0,PS_NONE,0,PS_NONE,0,0,0
237,54580,21806,0,0,0,0,0,0,0,0,TS_NONE,0,PA_NONE,0,PB_NONE,0,0,0,0,0,TM_NONE,0,PS_NONE,0,TA_SOUTHWEST,0,0,PU_NONE,0,0,0,0,0,0,0,0,0,0,0,0,0,0,0,0,0,0,0,0,0,0,0,0,0,0,0,0,0,0,0,0,0,0,0,0,0,0,PS_NONE,0,PS_NONE,0,0,0
238,54672,21898,0,0,0,0,0,0,0,0,TS_NONE,0,PA_NONE,0,PB_NONE,0,0,0,0,0,TM_NONE,0,PS_NONE,0,TA_SOUTHWEST,0,0,PU_NONE,0,0,0,0,0,0,0,0,0,0,0,0,0,0,0,0,0,0,0,0,0,0,0,0,0,0,0,0,0,0,0,0,0,0,0,0,0,0,PS_NONE,0,PS_NONE,0,0,0
239,54764,21990,0,0,0,0,0,0,0,0,TS_NONE,0,PA_NONE,0,PB_NONE,0,0,0,0,0,TM_NONE,0,PS_NONE,0,TA_SOUTHWEST,0,0,PU_NONE,0,0,0,0,0,0,0,0,0,0,0,0,0,0,0,0,0,0,0,0,0,0,0,0,0,0,0,0,0,0,0,0,0,0,0,0,0,0,PS_NONE,0,PS_NONE,0,0,0
240,54856,22082,0,0,0,0,0,0,0,0,TS_NONE,0,PA_NONE,0,PB_NONE,0,0,0,0,0,TM_NONE,0,PS_NONE,0,TA_SOUTHWEST,0,0,PU_NONE,0,0,0,0,0,0,0,0,0,0,0,0,0,0,0,0,0,0,0,0,0,0,0,0,0,0,0,0,0,0,0,0,0,0,0,0,0,0,PS_NONE,0,PS_NONE,0,0,0
241,54948,22174,0,0,0,0,0,0,0,0,TS_NONE,0,PA_NONE,0,PB_NONE,0,0,0,0,0,TM_NONE,0,PS_NONE,0,TA_SOUTHWEST,0,0,PU_NONE,0,0,0,0,0,0,0,0,0,0,0,0,0,0,0,0,0,0,0,0,0,0,0,0,0,0,0,0,0,0,0,0,0,0,0,0,0,0,PS_NONE,0,PS_NONE,0,0,0
242,55040,22266,0,0,0,0,0,0,0,0,TS_NONE,0,PA_NONE,0,PB_NONE,0,0,0,0,0,TM_NONE,0,PS_NONE,0,TA_SOUTHWEST,0,0,PU_NONE,0,0,0,0,0,0,0,0,0,0,0,0,0,0,0,0,0,0,0,0,0,0,0,0,0,0,0,0,0,0,0,0,0,0,0,0,0,0,PS_NONE,0,PS_NONE,0,0,0
243,55132,22358,0,0,0,0,0,0,0,0,TS_NONE,0,PA_NONE,0,PB_NONE,0,0,0,0,0,TM_NONE,0,PS_NONE,0,TA_SOUTHWEST,0,0,PU_NONE,0,0,0,0,0,0,0,0,0,0,0,0,0,0,0,0,0,0,0,0,0,0,0,0,0,0,0,0,0,0,0,0,0,0,0,0,0,0,PS_NONE,0,PS_NONE,0,0,0
244,55224,22450,0,0,0,0,0,0,0,0,TS_NONE,0,PA_NONE,0,PB_NONE,0,0,0,0,0,TM_NONE,0,PS_NONE,0,TA_SOUTHWEST,0,0,PU_NONE,0,0,0,0,0,0,0,0,0,0,0,0,0,0,0,0,0,0,0,0,0,0,0,0,0,0,0,0,0,0,0,0,0,0,0,0,0,0,PS_NONE,0,PS_NONE,0,0,0
245,55316,22542,0,0,0,0,0,0,0,0,TS_NONE,0,PA_NONE,0,PB_NONE,0,0,0,0,0,TM_NONE,0,PS_NONE,0,TA_SOUTHWEST,0,0,PU_NONE,0,0,0,0,0,0,0,0,0,0,0,0,0,0,0,0,0,0,0,0,0,0,0,0,0,0,0,0,0,0,0,0,0,0,0,0,0,0,PS_NONE,0,PS_NONE,0,0,0
246,55408,22634,0,0,0,0,0,0,0,0,TS_NONE,0,PA_NONE,0,PB_NONE,0,0,0,0,0,TM_NONE,0,PS_NONE,0,TA_SOUTHWEST,0,0,PU_NONE,0,0,0,0,0,0,0,0,0,0,0,0,0,0,0,0,0,0,0,0,0,0,0,0,0,0,0,0,0,0,0,0,0,0,0,0,0,0,PS_NONE,0,PS_NONE,0,0,0
247,55500,22726,0,0,0,0,0,0,0,0,TS_NONE,0,PA_NONE,0,PB_NONE,0,0,0,0,0,TM_NONE,0,PS_NONE,0,TA_SOUTHWEST,0,0,PU_NONE,0,0,0,0,0,0,0,0,0,0,0,0,0,0,0,0,0,0,0,0,0,0,0,0,0,0,0,0,0,0,0,0,0,0,0,0,0,0,PS_NONE,0,PS_NONE,0,0,0
248,55592,22818,0,0,0,0,0,0,0,0,TS_NONE,0,PA_NONE,0,PB_NONE,0,0,0,0,0,TM_NONE,0,PS_NONE,0,TA_SOUTHWEST,0,0,PU_NONE,0,0,0,0,0,0,0,0,0,0,0,0,0,0,0,0,0,0,0,0,0,0,0,0,0,0,0,0,0,0,0,0,0,0,0,0,0,0,PS_NONE,0,PS_NONE,0,0,0
249,55684,22910,0,0,0,0,0,0,0,0,TS_NONE,0,PA_NONE,0,PB_NONE,0,0,0,0,0,TM_NONE,0,PS_NONE,0,TA_SOUTHWEST,0,0,PU_NONE,0,0,0,0,0,0,0,0,0,0,0,0,0,0,0,0,0,0,0,0,0,0,0,0,0,0,0,0,0,0,0,0,0,0,0,0,0,0,PS_NONE,0,PS_NONE,0,0,0
250,55776,23002,0,0,0,0,0,0,0,0,TS_NONE,0,PA_NONE,0,PB_NONE,0,0,0,0,0,TM_NONE,0,PS_NONE,0,TA_SOUTHWEST,0,0,PU_NONE,0,0,0,0,0,0,0,0,0,0,0,0,0,0,0,0,0,0,0,0,0,0,0,0,0,0,0,0,0,0,0,0,0,0,0,0,0,0,PS_NONE,0,PS_NONE,0,0,0
251,55868,23094,0,0,0,0,0,0,0,0,TS_NONE,0,PA_NONE,0,PB_NONE,0,0,0,0,0,TM_NONE,0,PS_NONE,0,TA_SOUTHWEST,0,0,PU_NONE,0,0,0,0,0,0,0,0,0,0,0,0,0,0,0,0,0,0,0,0,0,0,0,0,0,0,0,0,0,0,0,0,0,0,0,0,0,0,PS_NONE,0,PS_NONE,0,0,0
252,55960,23186,0,0,0,0,0,0,0,0,TS_NONE,0,PA_NONE,0,PB_NONE,0,0,0,0,0,TM_NONE,0,PS_NONE,0,TA_SOUTHWEST,0,0,PU_NONE,0,0,0,0,0,0,0,0,0,0,0,0,0,0,0,0,0,0,0,0,0,0,0,0,0,0,0,0,0,0,0,0,0,0,0,0,0,0,PS_NONE,0,PS_NONE,0,0,0
253,56052,23278,0,0,0,0,0,0,0,0,TS_NONE,0,PA_NONE,0,PB_NONE,0,0,0,0,0,TM_NONE,0,PS_NONE,0,TA_SOUTHWEST,0,0,PU_NONE,0,0,0,0,0,0,0,0,0,0,0,0,0,0,0,0,0,0,0,0,0,0,0,0,0,0,0,0,0,0,0,0,0,0,0,0,0,0,PS_NONE,0,PS_NONE,0,0,0
254,56144,23370,0,0,0,0,0,0,0,0,TS_NONE,0,PA_NONE,0,PB_NONE,0,0,0,0,0,TM_NONE,0,PS_NONE,0,TA_SOUTHWEST,0,0,PU_NONE,0,0,0,0,0,0,0,0,0,0,0,0,0,0,0,0,0,0,0,0,0,0,0,0,0,0,0,0,0,0,0,0,0,0,0,0,0,0,PS_NONE,0,PS_NONE,0,0,0
255,56236,23462,0,0,0,0,0,0,0,0,TS_NONE,0,PA_NONE,0,PB_NONE,0,0,0,0,0,TM_NONE,0,PS_NONE,0,TA_SOUTHWEST,0,0,PU_NONE,0,0,0,0,0,0,0,0,0,0,0,0,0,0,0,0,0,0,0,0,0,0,0,0,0,0,0,0,0,0,0,0,0,0,0,0,0,0,PS_NONE,0,PS_NONE,0,0,0
